Longitude,Latitude,Pixel,Scan
163.273716,21.5638279,0,0
163.253291,21.5646334,100,0
163.232868,21.5654364,200,0
163.212446,21.5662369,300,0
163.192025,21.5670347,400,0
163.171606,21.5678301,500,0
163.151187,21.5686228,600,0
163.13077,21.569413,700,0
163.110354,21.5702006,800,0
163.089938,21.5709857,900,0
163.069524,21.5717683,1000,0
163.049109,21.5725483,1100,0
163.028696,21.5733258,1200,0
163.008282,21.5741008,1300,0
162.98787,21.5748732,1400,0
162.967457,21.5756432,1500,0
162.947044,21.5764106,1600,0
162.926631,21.5771755,1700,0
162.906219,21.5779378,1800,0
162.885806,21.5786977,1900,0
162.865392,21.5794551,2000,0
162.844979,21.58021,2100,0
162.824564,21.5809624,2200,0
162.804149,21.5817123,2300,0
162.783734,21.5824597,2400,0
162.763317,21.5832046,2500,0
162.7429,21.5839471,2600,0
162.722481,21.5846871,2700,0
162.702062,21.5854246,2800,0
162.681641,21.5861596,2900,0
162.661219,21.5868922,3000,0
162.640795,21.5876223,3100,0
162.62037,21.5883499,3200,0
162.599943,21.5890751,3300,0
162.579515,21.5897979,3400,0
162.559084,21.5905181,3500,0
162.538652,21.591236,3600,0
162.518217,21.5919514,3700,0
162.49778,21.5926643,3800,0
162.477341,21.5933748,3900,0
162.457104,21.5940758,3999,0
163.272902,21.5476472,0,100
163.252479,21.5484528,100,100
163.232058,21.5492557,200,100
163.211638,21.5500561,300,100
163.19122,21.550854,400,100
163.170803,21.5516493,500,100
163.150387,21.552442,600,100
163.129972,21.5532321,700,100
163.109558,21.5540198,800,100
163.089145,21.5548048,900,100
163.068732,21.5555874,1000,100
163.048321,21.5563674,1100,100
163.027909,21.5571449,1200,100
163.007498,21.5579198,1300,100
162.987088,21.5586923,1400,100
162.966677,21.5594622,1500,100
162.946267,21.5602296,1600,100
162.925856,21.5609945,1700,100
162.905446,21.5617568,1800,100
162.885035,21.5625167,1900,100
162.864624,21.5632741,2000,100
162.844213,21.564029,2100,100
162.823801,21.5647814,2200,100
162.803388,21.5655313,2300,100
162.782975,21.5662787,2400,100
162.762561,21.5670237,2500,100
162.742146,21.5677662,2600,100
162.72173,21.5685061,2700,100
162.701312,21.5692437,2800,100
162.680894,21.5699787,2900,100
162.660474,21.5707113,3000,100
162.640053,21.5714414,3100,100
162.61963,21.5721691,3200,100
162.599205,21.5728943,3300,100
162.578779,21.5736171,3400,100
162.558351,21.5743374,3500,100
162.53792,21.5750553,3600,100
162.517488,21.5757707,3700,100
162.497054,21.5764837,3800,100
162.476617,21.5771943,3900,100
162.456382,21.5778953,3999,100
163.27207,21.5313552,0,200
163.25165,21.5321602,100,200
163.231231,21.5329626,200,200
163.210813,21.5337624,300,200
163.190397,21.5345596,400,200
163.169983,21.5353543,500,200
163.149569,21.5361465,600,200
163.129156,21.5369361,700,200
163.108745,21.5377231,800,200
163.088334,21.5385077,900,200
163.067924,21.5392896,1000,200
163.047514,21.5400691,1100,200
163.027105,21.540846,1200,200
163.006696,21.5416204,1300,200
162.986288,21.5423923,1400,200
162.96588,21.5431616,1500,200
162.945472,21.5439285,1600,200
162.925064,21.5446928,1700,200
162.904656,21.5454546,1800,200
162.884247,21.546214,1900,200
162.863839,21.5469708,2000,200
162.843429,21.5477252,2100,200
162.82302,21.548477,2200,200
162.802609,21.5492264,2300,200
162.782198,21.5499733,2400,200
162.761787,21.5507177,2500,200
162.741374,21.5514596,2600,200
162.72096,21.5521991,2700,200
162.700545,21.5529361,2800,200
162.680129,21.5536706,2900,200
162.659711,21.5544027,3000,200
162.639292,21.5551323,3100,200
162.618872,21.5558594,3200,200
162.598449,21.5565841,3300,200
162.578025,21.5573064,3400,200
162.557599,21.5580262,3500,200
162.537172,21.5587435,3600,200
162.516742,21.5594584,3700,200
162.496309,21.5601709,3800,200
162.475875,21.560881,3900,200
162.455643,21.5615815,3999,200
163.271277,21.5152117,0,300
163.250859,21.5160168,100,300
163.230443,21.5168194,200,300
163.210028,21.5176194,300,300
163.189614,21.5184169,400,300
163.169202,21.5192118,500,300
163.14879,21.5200042,600,300
163.12838,21.520794,700,300
163.10797,21.5215812,800,300
163.087562,21.522366,900,300
163.067154,21.5231482,1000,300
163.046747,21.5239278,1100,300
163.02634,21.524705,1200,300
163.005934,21.5254796,1300,300
162.985528,21.5262517,1400,300
162.965122,21.5270213,1500,300
162.944716,21.5277884,1600,300
162.92431,21.5285529,1700,300
162.903904,21.529315,1800,300
162.883498,21.5300746,1900,300
162.863092,21.5308317,2000,300
162.842685,21.5315862,2100,300
162.822278,21.5323383,2200,300
162.80187,21.533088,2300,300
162.781461,21.5338351,2400,300
162.761051,21.5345798,2500,300
162.740641,21.5353219,2600,300
162.720229,21.5360617,2700,300
162.699817,21.5367989,2800,300
162.679403,21.5375337,2900,300
162.658988,21.538266,3000,300
162.638571,21.5389959,3100,300
162.618153,21.5397233,3200,300
162.597733,21.5404483,3300,300
162.577311,21.5411708,3400,300
162.556887,21.5418909,3500,300
162.536462,21.5426085,3600,300
162.516034,21.5433237,3700,300
162.495605,21.5440365,3800,300
162.475172,21.5447468,3900,300
162.454942,21.5454476,3999,300
163.270421,21.4989378,0,400
163.250005,21.4997424,100,400
163.229591,21.5005445,200,400
163.209178,21.5013441,300,400
163.188767,21.5021411,400,400
163.168357,21.5029355,500,400
163.147948,21.5037274,600,400
163.12754,21.5045167,700,400
163.107133,21.5053035,800,400
163.086727,21.5060877,900,400
163.066321,21.5068695,1000,400
163.045916,21.5076487,1100,400
163.025512,21.5084253,1200,400
163.005108,21.5091995,1300,400
162.984704,21.5099711,1400,400
162.9643,21.5107402,1500,400
162.943897,21.5115069,1600,400
162.923493,21.512271,1700,400
162.90309,21.5130326,1800,400
162.882686,21.5137917,1900,400
162.862282,21.5145483,2000,400
162.841877,21.5153025,2100,400
162.821472,21.5160541,2200,400
162.801067,21.5168033,2300,400
162.78066,21.51755,2400,400
162.760253,21.5182942,2500,400
162.739845,21.5190359,2600,400
162.719436,21.5197752,2700,400
162.699025,21.520512,2800,400
162.678614,21.5212464,2900,400
162.658201,21.5219783,3000,400
162.637786,21.5227077,3100,400
162.61737,21.5234347,3200,400
162.596952,21.5241592,3300,400
162.576533,21.5248813,3400,400
162.556112,21.525601,3500,400
162.535688,21.5263182,3600,400
162.515263,21.527033,3700,400
162.494836,21.5277453,3800,400
162.474406,21.5284552,3900,400
162.454178,21.5291556,3999,400
163.2696,21.4827399,0,500
163.249187,21.4835444,100,500
163.228775,21.4843463,200,500
163.208364,21.4851456,300,500
163.187955,21.4859424,400,500
163.167548,21.4867367,500,500
163.147141,21.4875284,600,500
163.126735,21.4883175,700,500
163.10633,21.4891041,800,500
163.085926,21.4898882,900,500
163.065523,21.4906698,1000,500
163.045121,21.4914488,1100,500
163.024718,21.4922253,1200,500
163.004317,21.4929993,1300,500
162.983915,21.4937707,1400,500
162.963514,21.4945397,1500,500
162.943113,21.4953061,1600,500
162.922712,21.4960701,1700,500
162.90231,21.4968316,1800,500
162.881909,21.4975905,1900,500
162.861507,21.498347,2000,500
162.841105,21.499101,2100,500
162.820702,21.4998525,2200,500
162.800299,21.5006015,2300,500
162.779895,21.5013481,2400,500
162.75949,21.5020921,2500,500
162.739084,21.5028337,2600,500
162.718677,21.5035729,2700,500
162.698269,21.5043095,2800,500
162.677859,21.5050438,2900,500
162.657449,21.5057755,3000,500
162.637037,21.5065048,3100,500
162.616623,21.5072317,3200,500
162.596207,21.5079561,3300,500
162.57579,21.5086781,3400,500
162.555371,21.5093976,3500,500
162.53495,21.5101147,3600,500
162.514527,21.5108294,3700,500
162.494102,21.5115416,3800,500
162.473675,21.5122514,3900,500
162.453449,21.5129517,3999,500
163.268846,21.4665977,0,600
163.248435,21.4674025,100,600
163.228026,21.4682047,200,600
163.207617,21.4690044,300,600
163.187211,21.4698015,400,600
163.166805,21.4705961,500,600
163.146401,21.4713881,600,600
163.125997,21.4721775,700,600
163.105595,21.4729645,800,600
163.085193,21.4737489,900,600
163.064792,21.4745308,1000,600
163.044392,21.4753101,1100,600
163.023992,21.4760869,1200,600
163.003592,21.4768613,1300,600
162.983193,21.4776331,1400,600
162.962794,21.4784024,1500,600
162.942395,21.4791692,1600,600
162.921997,21.4799335,1700,600
162.901598,21.4806953,1800,600
162.881198,21.4814546,1900,600
162.860799,21.4822114,2000,600
162.840399,21.4829657,2100,600
162.819998,21.4837176,2200,600
162.799597,21.484467,2300,600
162.779196,21.4852139,2400,600
162.758793,21.4859583,2500,600
162.738389,21.4867003,2600,600
162.717985,21.4874398,2700,600
162.697579,21.4881768,2800,600
162.677172,21.4889114,2900,600
162.656764,21.4896435,3000,600
162.636354,21.4903732,3100,600
162.615942,21.4911005,3200,600
162.595529,21.4918252,3300,600
162.575115,21.4925476,3400,600
162.554698,21.4932675,3500,600
162.534279,21.493985,3600,600
162.513859,21.4947,3700,600
162.493436,21.4954126,3800,600
162.473011,21.4961228,3900,600
162.452787,21.4968235,3999,600
163.267999,21.4503122,0,700
163.24759,21.4511164,100,700
163.227183,21.451918,200,700
163.206777,21.4527171,300,700
163.186373,21.4535137,400,700
163.165969,21.4543077,500,700
163.145567,21.4550991,600,700
163.125166,21.4558881,700,700
163.104766,21.4566744,800,700
163.084367,21.4574583,900,700
163.063968,21.4582396,1000,700
163.04357,21.4590184,1100,700
163.023172,21.4597947,1200,700
163.002775,21.4605685,1300,700
162.982378,21.4613398,1400,700
162.961982,21.4621085,1500,700
162.941585,21.4628748,1600,700
162.921188,21.4636386,1700,700
162.900792,21.4643998,1800,700
162.880395,21.4651586,1900,700
162.859998,21.4659149,2000,700
162.8396,21.4666687,2100,700
162.819202,21.46742,2200,700
162.798803,21.4681689,2300,700
162.778404,21.4689153,2400,700
162.758003,21.4696592,2500,700
162.737602,21.4704006,2600,700
162.7172,21.4711396,2700,700
162.696796,21.4718762,2800,700
162.676391,21.4726102,2900,700
162.655985,21.4733419,3000,700
162.635578,21.474071,3100,700
162.615169,21.4747978,3200,700
162.594758,21.4755221,3300,700
162.574345,21.4762439,3400,700
162.553931,21.4769633,3500,700
162.533515,21.4776803,3600,700
162.513096,21.4783948,3700,700
162.492676,21.479107,3800,700
162.472253,21.4798166,3900,700
162.452032,21.4805169,3999,700
163.267212,21.4341725,0,800
163.246805,21.4349768,100,800
163.2264,21.4357785,200,800
163.205996,21.4365777,300,800
163.185594,21.4373744,400,800
163.165193,21.4381685,500,800
163.144793,21.43896,600,800
163.124395,21.439749,700,800
163.103997,21.4405355,800,800
163.0836,21.4413194,900,800
163.063203,21.4421009,1000,800
163.042807,21.4428798,1100,800
163.022412,21.4436562,1200,800
163.002017,21.4444301,1300,800
162.981623,21.4452014,1400,800
162.961228,21.4459703,1500,800
162.940834,21.4467367,1600,800
162.92044,21.4475006,1700,800
162.900045,21.4482619,1800,800
162.879651,21.4490208,1900,800
162.859256,21.4497773,2000,800
162.838861,21.4505312,2100,800
162.818465,21.4512826,2200,800
162.798068,21.4520316,2300,800
162.777671,21.4527781,2400,800
162.757273,21.4535222,2500,800
162.736874,21.4542638,2600,800
162.716474,21.4550029,2700,800
162.696073,21.4557396,2800,800
162.67567,21.4564738,2900,800
162.655267,21.4572056,3000,800
162.634861,21.4579349,3100,800
162.614455,21.4586617,3200,800
162.594046,21.4593862,3300,800
162.573636,21.4601082,3400,800
162.553224,21.4608277,3500,800
162.53281,21.4615449,3600,800
162.512394,21.4622596,3700,800
162.491975,21.4629719,3800,800
162.471555,21.4636817,3900,800
162.451336,21.4643821,3999,800
163.266407,21.4179365,0,900
163.246003,21.4187407,100,900
163.2256,21.4195422,200,900
163.205199,21.4203413,300,900
163.184799,21.4211378,400,900
163.1644,21.4219317,500,900
163.144002,21.4227231,600,900
163.123606,21.423512,700,900
163.10321,21.4242983,800,900
163.082815,21.4250821,900,900
163.062421,21.4258634,1000,900
163.042028,21.4266422,1100,900
163.021635,21.4274184,1200,900
163.001242,21.4281922,1300,900
162.98085,21.4289634,1400,900
162.960458,21.4297321,1500,900
162.940066,21.4304984,1600,900
162.919674,21.4312621,1700,900
162.899282,21.4320234,1800,900
162.87889,21.4327822,1900,900
162.858497,21.4335385,2000,900
162.838104,21.4342923,2100,900
162.81771,21.4350436,2200,900
162.797316,21.4357925,2300,900
162.776921,21.4365389,2400,900
162.756525,21.4372828,2500,900
162.736129,21.4380243,2600,900
162.715731,21.4387633,2700,900
162.695332,21.4394999,2800,900
162.674932,21.440234,2900,900
162.654531,21.4409657,3000,900
162.634128,21.4416949,3100,900
162.613723,21.4424217,3200,900
162.593317,21.443146,3300,900
162.572909,21.4438679,3400,900
162.552499,21.4445874,3500,900
162.532088,21.4453044,3600,900
162.511674,21.446019,3700,900
162.491258,21.4467312,3800,900
162.47084,21.447441,3900,900
162.450623,21.4481413,3999,900
163.265584,21.4017335,0,1000
163.245182,21.4025375,100,1000
163.224781,21.403339,200,1000
163.204382,21.4041379,300,1000
163.183985,21.4049342,400,1000
163.163588,21.405728,500,1000
163.143193,21.4065193,600,1000
163.122799,21.407308,700,1000
163.102406,21.4080942,800,1000
163.082013,21.4088779,900,1000
163.061621,21.4096591,1000,1000
163.04123,21.4104377,1100,1000
163.020839,21.4112138,1200,1000
163.000449,21.4119875,1300,1000
162.980059,21.4127586,1400,1000
162.959669,21.4135272,1500,1000
162.93928,21.4142934,1600,1000
162.91889,21.415057,1700,1000
162.8985,21.4158181,1800,1000
162.87811,21.4165768,1900,1000
162.85772,21.417333,2000,1000
162.837329,21.4180867,2100,1000
162.816938,21.418838,2200,1000
162.796546,21.4195867,2300,1000
162.776153,21.420333,2400,1000
162.75576,21.4210769,2500,1000
162.735365,21.4218183,2600,1000
162.71497,21.4225572,2700,1000
162.694573,21.4232937,2800,1000
162.674176,21.4240277,2900,1000
162.653776,21.4247593,3000,1000
162.633376,21.4254884,3100,1000
162.612973,21.4262151,3200,1000
162.59257,21.4269394,3300,1000
162.572164,21.4276612,3400,1000
162.551757,21.4283806,3500,1000
162.531347,21.4290976,3600,1000
162.510936,21.4298121,3700,1000
162.490522,21.4305242,3800,1000
162.470106,21.431234,3900,1000
162.449892,21.4319342,3999,1000
163.26477,21.3855419,0,1100
163.24437,21.3863458,100,1100
163.223972,21.3871471,200,1100
163.203575,21.3879459,300,1100
163.18318,21.3887421,400,1100
163.162786,21.3895358,500,1100
163.142393,21.390327,600,1100
163.122001,21.3911156,700,1100
163.10161,21.3919017,800,1100
163.08122,21.3926852,900,1100
163.06083,21.3934663,1000,1100
163.040441,21.3942448,1100,1100
163.020053,21.3950209,1200,1100
162.999665,21.3957944,1300,1100
162.979277,21.3965654,1400,1100
162.95889,21.397334,1500,1100
162.938502,21.3981,1600,1100
162.918115,21.3988635,1700,1100
162.897728,21.3996246,1800,1100
162.87734,21.4003832,1900,1100
162.856952,21.4011393,2000,1100
162.836563,21.4018929,2100,1100
162.816174,21.4026441,2200,1100
162.795785,21.4033928,2300,1100
162.775394,21.404139,2400,1100
162.755003,21.4048828,2500,1100
162.734611,21.4056241,2600,1100
162.714218,21.4063629,2700,1100
162.693823,21.4070993,2800,1100
162.673428,21.4078333,2900,1100
162.653031,21.4085648,3000,1100
162.632633,21.4092939,3100,1100
162.612233,21.4100205,3200,1100
162.591831,21.4107447,3300,1100
162.571428,21.4114665,3400,1100
162.551023,21.4121858,3500,1100
162.530616,21.4129028,3600,1100
162.510206,21.4136173,3700,1100
162.489795,21.4143293,3800,1100
162.469381,21.415039,3900,1100
162.449169,21.4157392,3999,1100
163.263985,21.3693828,0,1200
163.243588,21.3701866,100,1200
163.223192,21.3709879,200,1200
163.202797,21.3717866,300,1200
163.182404,21.3725828,400,1200
163.162012,21.3733764,500,1200
163.141622,21.3741675,600,1200
163.121232,21.374956,700,1200
163.100843,21.3757421,800,1200
163.080455,21.3765256,900,1200
163.060068,21.3773066,1000,1200
163.039682,21.3780851,1100,1200
163.019295,21.3788611,1200,1200
162.99891,21.3796346,1300,1200
162.978524,21.3804056,1400,1200
162.958139,21.381174,1500,1200
162.937754,21.38194,1600,1200
162.917369,21.3827036,1700,1200
162.896984,21.3834646,1800,1200
162.876598,21.3842231,1900,1200
162.856212,21.3849792,2000,1200
162.835826,21.3857328,2100,1200
162.815439,21.3864839,2200,1200
162.795052,21.3872326,2300,1200
162.774664,21.3879788,2400,1200
162.754275,21.3887226,2500,1200
162.733885,21.3894639,2600,1200
162.713494,21.3902027,2700,1200
162.693102,21.3909391,2800,1200
162.672709,21.391673,2900,1200
162.652315,21.3924045,3000,1200
162.631918,21.3931336,3100,1200
162.611521,21.3938603,3200,1200
162.591122,21.3945845,3300,1200
162.570721,21.3953062,3400,1200
162.550318,21.3960256,3500,1200
162.529913,21.3967425,3600,1200
162.509506,21.397457,3700,1200
162.489097,21.3981691,3800,1200
162.468685,21.3988788,3900,1200
162.448476,21.399579,3999,1200
163.263222,21.3532322,0,1300
163.242826,21.3540361,100,1300
163.222433,21.3548375,200,1300
163.202041,21.3556363,300,1300
163.18165,21.3564326,400,1300
163.16126,21.3572264,500,1300
163.140872,21.3580176,600,1300
163.120484,21.3588063,700,1300
163.100098,21.3595924,800,1300
163.079712,21.3603761,900,1300
163.059327,21.3611572,1000,1300
163.038943,21.3619359,1100,1300
163.018559,21.362712,1200,1300
162.998176,21.3634856,1300,1300
162.977792,21.3642567,1400,1300
162.957409,21.3650254,1500,1300
162.937027,21.3657915,1600,1300
162.916644,21.3665552,1700,1300
162.896261,21.3673164,1800,1300
162.875878,21.3680751,1900,1300
162.855494,21.3688313,2000,1300
162.83511,21.3695851,2100,1300
162.814726,21.3703364,2200,1300
162.794341,21.3710852,2300,1300
162.773955,21.3718316,2400,1300
162.753568,21.3725755,2500,1300
162.733181,21.3733169,2600,1300
162.712792,21.3740559,2700,1300
162.692403,21.3747925,2800,1300
162.672012,21.3755266,2900,1300
162.651619,21.3762583,3000,1300
162.631226,21.3769876,3100,1300
162.61083,21.3777144,3200,1300
162.590433,21.3784388,3300,1300
162.570035,21.3791607,3400,1300
162.549634,21.3798803,3500,1300
162.529232,21.3805974,3600,1300
162.508827,21.3813121,3700,1300
162.48842,21.3820244,3800,1300
162.468011,21.3827342,3900,1300
162.447804,21.3834346,3999,1300
163.262403,21.3370088,0,1400
163.24201,21.3378125,100,1400
163.221619,21.3386136,200,1400
163.201229,21.3394121,300,1400
163.180841,21.3402081,400,1400
163.160453,21.3410016,500,1400
163.140067,21.3417926,600,1400
163.119682,21.342581,700,1400
163.099298,21.3433669,800,1400
163.078914,21.3441503,900,1400
163.058532,21.3449312,1000,1400
163.03815,21.3457096,1100,1400
163.017768,21.3464854,1200,1400
162.997387,21.3472588,1300,1400
162.977006,21.3480297,1400,1400
162.956625,21.3487981,1500,1400
162.936245,21.349564,1600,1400
162.915864,21.3503274,1700,1400
162.895484,21.3510883,1800,1400
162.875103,21.3518468,1900,1400
162.854722,21.3526028,2000,1400
162.83434,21.3533563,2100,1400
162.813958,21.3541074,2200,1400
162.793575,21.354856,2300,1400
162.773192,21.3556021,2400,1400
162.752807,21.3563458,2500,1400
162.732422,21.357087,2600,1400
162.712036,21.3578258,2700,1400
162.691648,21.3585622,2800,1400
162.67126,21.3592961,2900,1400
162.65087,21.3600275,3000,1400
162.630478,21.3607566,3100,1400
162.610085,21.3614832,3200,1400
162.58969,21.3622073,3300,1400
162.569294,21.3629291,3400,1400
162.548896,21.3636484,3500,1400
162.528495,21.3643653,3600,1400
162.508093,21.3650798,3700,1400
162.487689,21.3657919,3800,1400
162.467282,21.3665016,3900,1400
162.447077,21.3672018,3999,1400
163.261557,21.3207696,0,1500
163.241166,21.3215727,100,1500
163.220777,21.3223733,200,1500
163.20039,21.3231714,300,1500
163.180004,21.3239669,400,1500
163.159619,21.3247599,500,1500
163.139235,21.3255504,600,1500
163.118852,21.3263384,700,1500
163.09847,21.3271238,800,1500
163.078089,21.3279067,900,1500
163.057708,21.3286871,1000,1500
163.037329,21.329465,1100,1500
163.016949,21.3302404,1200,1500
162.996571,21.3310133,1300,1500
162.976192,21.3317837,1400,1500
162.955814,21.3325517,1500,1500
162.935435,21.3333171,1600,1500
162.915057,21.3340801,1700,1500
162.894679,21.3348405,1800,1500
162.8743,21.3355985,1900,1500
162.853921,21.3363541,2000,1500
162.833542,21.3371072,2100,1500
162.813162,21.3378578,2200,1500
162.792781,21.3386059,2300,1500
162.7724,21.3393516,2400,1500
162.752018,21.3400949,2500,1500
162.731635,21.3408357,2600,1500
162.711251,21.341574,2700,1500
162.690866,21.3423099,2800,1500
162.670479,21.3430434,2900,1500
162.650092,21.3437744,3000,1500
162.629702,21.344503,3100,1500
162.609312,21.3452292,3200,1500
162.588919,21.3459529,3300,1500
162.568525,21.3466743,3400,1500
162.548129,21.3473932,3500,1500
162.527731,21.3481097,3600,1500
162.507331,21.3488237,3700,1500
162.486929,21.3495354,3800,1500
162.466524,21.3502447,3900,1500
162.446321,21.3509444,3999,1500
163.260774,21.3046161,0,1600
163.240386,21.3054194,100,1600
163.219999,21.3062203,200,1600
163.199614,21.3070185,300,1600
163.17923,21.3078143,400,1600
163.158847,21.3086075,500,1600
163.138465,21.3093982,600,1600
163.118085,21.3101863,700,1600
163.097705,21.310972,800,1600
163.077326,21.3117551,900,1600
163.056948,21.3125358,1000,1600
163.036571,21.3133139,1100,1600
163.016194,21.3140895,1200,1600
162.995817,21.3148627,1300,1600
162.975441,21.3156333,1400,1600
162.955065,21.3164015,1500,1600
162.934689,21.3171672,1600,1600
162.914313,21.3179304,1700,1600
162.893936,21.3186911,1800,1600
162.87356,21.3194494,1900,1600
162.853183,21.3202051,2000,1600
162.832806,21.3209585,2100,1600
162.812429,21.3217093,2200,1600
162.792051,21.3224577,2300,1600
162.771672,21.3232037,2400,1600
162.751292,21.3239472,2500,1600
162.730911,21.3246883,2600,1600
162.710529,21.3254269,2700,1600
162.690147,21.326163,2800,1600
162.669762,21.3268968,2900,1600
162.649377,21.3276281,3000,1600
162.62899,21.328357,3100,1600
162.608602,21.3290834,3200,1600
162.588212,21.3298074,3300,1600
162.56782,21.330529,3400,1600
162.547426,21.3312482,3500,1600
162.52703,21.331965,3600,1600
162.506632,21.3326794,3700,1600
162.486233,21.3333913,3800,1600
162.46583,21.3341009,3900,1600
162.44563,21.3348009,3999,1600
163.25996,21.288387,0,1700
163.239574,21.2891901,100,1700
163.219189,21.2899906,200,1700
163.198806,21.2907886,300,1700
163.178424,21.291584,400,1700
163.158044,21.2923769,500,1700
163.137665,21.2931674,600,1700
163.117286,21.2939552,700,1700
163.096909,21.2947406,800,1700
163.076532,21.2955235,900,1700
163.056156,21.2963038,1000,1700
163.035781,21.2970817,1100,1700
163.015406,21.2978571,1200,1700
162.995032,21.2986299,1300,1700
162.974658,21.2994003,1400,1700
162.954284,21.3001682,1500,1700
162.933911,21.3009336,1600,1700
162.913537,21.3016966,1700,1700
162.893163,21.302457,1800,1700
162.872789,21.303215,1900,1700
162.852415,21.3039705,2000,1700
162.83204,21.3047236,2100,1700
162.811664,21.3054742,2200,1700
162.791288,21.3062224,2300,1700
162.770912,21.3069681,2400,1700
162.750534,21.3077113,2500,1700
162.730156,21.3084522,2600,1700
162.709776,21.3091905,2700,1700
162.689396,21.3099265,2800,1700
162.669014,21.31066,2900,1700
162.648631,21.311391,3000,1700
162.628246,21.3121197,3100,1700
162.60786,21.3128459,3200,1700
162.587472,21.3135697,3300,1700
162.567083,21.314291,3400,1700
162.546691,21.31501,3500,1700
162.526298,21.3157266,3600,1700
162.505902,21.3164407,3700,1700
162.485504,21.3171524,3800,1700
162.465105,21.3178617,3900,1700
162.444906,21.3185616,3999,1700
163.25915,21.2721685,0,1800
163.238766,21.2729714,100,1800
163.218384,21.2737717,200,1800
163.198003,21.2745695,300,1800
163.177623,21.2753648,400,1800
163.157245,21.2761575,500,1800
163.136868,21.2769477,600,1800
163.116492,21.2777354,700,1800
163.096117,21.2785206,800,1800
163.075743,21.2793033,900,1800
163.055369,21.2800835,1000,1800
163.034996,21.2808612,1100,1800
163.014624,21.2816364,1200,1800
162.994252,21.2824091,1300,1800
162.97388,21.2831793,1400,1800
162.953508,21.283947,1500,1800
162.933137,21.2847122,1600,1800
162.912765,21.285475,1700,1800
162.892394,21.2862353,1800,1800
162.872022,21.2869932,1900,1800
162.85165,21.2877485,2000,1800
162.831277,21.2885014,2100,1800
162.810904,21.2892519,2200,1800
162.790531,21.2899999,2300,1800
162.770156,21.2907455,2400,1800
162.749781,21.2914886,2500,1800
162.729405,21.2922292,2600,1800
162.709028,21.2929675,2700,1800
162.688649,21.2937033,2800,1800
162.66827,21.2944366,2900,1800
162.647889,21.2951676,3000,1800
162.627507,21.2958961,3100,1800
162.607123,21.2966221,3200,1800
162.586737,21.2973458,3300,1800
162.56635,21.2980671,3400,1800
162.545961,21.2987859,3500,1800
162.525569,21.2995023,3600,1800
162.505176,21.3002163,3700,1800
162.484781,21.3009279,3800,1800
162.464383,21.3016371,3900,1800
162.444187,21.3023369,3999,1800
163.258381,21.2560243,0,1900
163.238,21.2568273,100,1900
163.21762,21.2576277,200,1900
163.197241,21.2584257,300,1900
163.176864,21.2592211,400,1900
163.156488,21.260014,500,1900
163.136113,21.2608043,600,1900
163.11574,21.2615922,700,1900
163.095367,21.2623775,800,1900
163.074995,21.2631604,900,1900
163.054623,21.2639407,1000,1900
163.034253,21.2647186,1100,1900
163.013882,21.2654939,1200,1900
162.993513,21.2662668,1300,1900
162.973143,21.2670372,1400,1900
162.952774,21.2678051,1500,1900
162.932405,21.2685705,1600,1900
162.912036,21.2693334,1700,1900
162.891666,21.2700939,1800,1900
162.871297,21.2708519,1900,1900
162.850927,21.2716075,2000,1900
162.830557,21.2723606,2100,1900
162.810186,21.2731112,2200,1900
162.789814,21.2738594,2300,1900
162.769442,21.2746052,2400,1900
162.749069,21.2753485,2500,1900
162.728696,21.2760893,2600,1900
162.708321,21.2768278,2700,1900
162.687945,21.2775638,2800,1900
162.667567,21.2782973,2900,1900
162.647189,21.2790284,3000,1900
162.626809,21.2797572,3100,1900
162.606427,21.2804834,3200,1900
162.586044,21.2812073,3300,1900
162.565659,21.2819288,3400,1900
162.545272,21.2826478,3500,1900
162.524883,21.2833645,3600,1900
162.504492,21.2840787,3700,1900
162.484099,21.2847905,3800,1900
162.463704,21.2854999,3900,1900
162.44351,21.2861999,3999,1900
163.257528,21.2397433,0,2000
163.237149,21.2405458,100,2000
163.216771,21.2413457,200,2000
163.196395,21.2421431,300,2000
163.17602,21.242938,400,2000
163.155646,21.2437303,500,2000
163.135274,21.2445201,600,2000
163.114902,21.2453074,700,2000
163.094532,21.2460923,800,2000
163.074162,21.2468746,900,2000
163.053793,21.2476544,1000,2000
163.033424,21.2484317,1100,2000
163.013056,21.2492065,1200,2000
162.992689,21.2499788,1300,2000
162.972322,21.2507487,1400,2000
162.951955,21.2515161,1500,2000
162.931588,21.252281,1600,2000
162.911221,21.2530434,1700,2000
162.890854,21.2538034,1800,2000
162.870487,21.2545609,1900,2000
162.850119,21.2553159,2000,2000
162.829751,21.2560685,2100,2000
162.809382,21.2568186,2200,2000
162.789013,21.2575663,2300,2000
162.768644,21.2583116,2400,2000
162.748273,21.2590544,2500,2000
162.727901,21.2597947,2600,2000
162.707529,21.2605326,2700,2000
162.687155,21.2612681,2800,2000
162.66678,21.2620012,2900,2000
162.646403,21.2627318,3000,2000
162.626026,21.2634601,3100,2000
162.605646,21.2641859,3200,2000
162.585265,21.2649092,3300,2000
162.564882,21.2656302,3400,2000
162.544498,21.2663488,3500,2000
162.524111,21.2670649,3600,2000
162.503722,21.2677787,3700,2000
162.483332,21.26849,3800,2000
162.462938,21.269199,3900,2000
162.442747,21.2698985,3999,2000
163.256722,21.2235595,0,2100
163.236345,21.2243619,100,2100
163.21597,21.2251617,200,2100
163.195596,21.225959,300,2100
163.175223,21.2267538,400,2100
163.154852,21.2275461,500,2100
163.134482,21.2283359,600,2100
163.114113,21.2291231,700,2100
163.093744,21.2299079,800,2100
163.073377,21.2306901,900,2100
163.05301,21.2314699,1000,2100
163.032644,21.2322472,1100,2100
163.012278,21.2330219,1200,2100
162.991913,21.2337942,1300,2100
162.971548,21.234564,1400,2100
162.951183,21.2353313,1500,2100
162.930819,21.2360962,1600,2100
162.910454,21.2368586,1700,2100
162.890089,21.2376185,1800,2100
162.869724,21.238376,1900,2100
162.849359,21.239131,2000,2100
162.828993,21.2398835,2100,2100
162.808627,21.2406336,2200,2100
162.78826,21.2413813,2300,2100
162.767892,21.2421265,2400,2100
162.747524,21.2428693,2500,2100
162.727155,21.2436096,2600,2100
162.706784,21.2443475,2700,2100
162.686413,21.245083,2800,2100
162.66604,21.2458161,2900,2100
162.645666,21.2465467,3000,2100
162.62529,21.2472749,3100,2100
162.604913,21.2480007,3200,2100
162.584535,21.2487241,3300,2100
162.564154,21.249445,3400,2100
162.543772,21.2501636,3500,2100
162.523387,21.2508797,3600,2100
162.503001,21.2515935,3700,2100
162.482612,21.2523048,3800,2100
162.462221,21.2530138,3900,2100
162.442032,21.2537133,3999,2100
163.255925,21.2073321,0,2200
163.23555,21.2081343,100,2200
163.215177,21.2089341,200,2200
163.194806,21.2097313,300,2200
163.174435,21.210526,400,2200
163.154066,21.2113181,500,2200
163.133698,21.2121078,600,2200
163.113331,21.2128949,700,2200
163.092965,21.2136796,800,2200
163.0726,21.2144617,900,2200
163.052235,21.2152414,1000,2200
163.031871,21.2160186,1100,2200
163.011508,21.2167932,1200,2200
162.991145,21.2175654,1300,2200
162.970782,21.2183351,1400,2200
162.95042,21.2191024,1500,2200
162.930057,21.2198672,1600,2200
162.909695,21.2206295,1700,2200
162.889333,21.2213893,1800,2200
162.86897,21.2221467,1900,2200
162.848607,21.2229016,2000,2200
162.828243,21.2236541,2100,2200
162.807879,21.2244041,2200,2200
162.787515,21.2251517,2300,2200
162.767149,21.2258969,2400,2200
162.746783,21.2266396,2500,2200
162.726416,21.2273798,2600,2200
162.706048,21.2281177,2700,2200
162.685679,21.2288531,2800,2200
162.665308,21.2295861,2900,2200
162.644937,21.2303166,3000,2200
162.624563,21.2310448,3100,2200
162.604189,21.2317705,3200,2200
162.583812,21.2324939,3300,2200
162.563434,21.2332148,3400,2200
162.543054,21.2339333,3500,2200
162.522672,21.2346494,3600,2200
162.502288,21.2353631,3700,2200
162.481901,21.2360744,3800,2200
162.461513,21.2367833,3900,2200
162.441326,21.2374828,3999,2200
163.25513,21.1911555,0,2300
163.234758,21.1919577,100,2300
163.214387,21.1927573,200,2300
163.194018,21.1935544,300,2300
163.173649,21.194349,400,2300
163.153283,21.195141,500,2300
163.132917,21.1959306,600,2300
163.112552,21.1967177,700,2300
163.092188,21.1975022,800,2300
163.071825,21.1982843,900,2300
163.051463,21.1990638,1000,2300
163.031101,21.1998409,1100,2300
163.01074,21.2006155,1200,2300
162.99038,21.2013876,1300,2300
162.970019,21.2021572,1400,2300
162.949659,21.2029244,1500,2300
162.929299,21.2036891,1600,2300
162.908939,21.2044513,1700,2300
162.888578,21.2052111,1800,2300
162.868218,21.2059684,1900,2300
162.847857,21.2067233,2000,2300
162.827496,21.2074757,2100,2300
162.807134,21.2082256,2200,2300
162.786772,21.2089732,2300,2300
162.766409,21.2097182,2400,2300
162.746045,21.2104609,2500,2300
162.72568,21.2112011,2600,2300
162.705314,21.2119389,2700,2300
162.684948,21.2126742,2800,2300
162.664579,21.2134072,2900,2300
162.64421,21.2141377,3000,2300
162.623839,21.2148658,3100,2300
162.603466,21.2155915,3200,2300
162.583092,21.2163148,3300,2300
162.562716,21.2170357,3400,2300
162.542338,21.2177541,3500,2300
162.521958,21.2184702,3600,2300
162.501577,21.2191839,3700,2300
162.481193,21.2198952,3800,2300
162.460806,21.220604,3900,2300
162.440622,21.2213035,3999,2300
163.254349,21.1749614,0,2400
163.233979,21.1757636,100,2400
163.21361,21.1765633,200,2400
163.193243,21.1773605,300,2400
163.172877,21.1781551,400,2400
163.152512,21.1789473,500,2400
163.132149,21.1797369,600,2400
163.111786,21.180524,700,2400
163.091425,21.1813087,800,2400
163.071064,21.1820908,900,2400
163.050704,21.1828704,1000,2400
163.030345,21.1836476,1100,2400
163.009986,21.1844223,1200,2400
162.989627,21.1851945,1300,2400
162.969269,21.1859642,1400,2400
162.948911,21.1867315,1500,2400
162.928553,21.1874962,1600,2400
162.908195,21.1882586,1700,2400
162.887838,21.1890184,1800,2400
162.867479,21.1897759,1900,2400
162.847121,21.1905308,2000,2400
162.826762,21.1912833,2100,2400
162.806403,21.1920334,2200,2400
162.786042,21.192781,2300,2400
162.765682,21.1935262,2400,2400
162.74532,21.194269,2500,2400
162.724958,21.1950093,2600,2400
162.704594,21.1957472,2700,2400
162.684229,21.1964827,2800,2400
162.663863,21.1972157,2900,2400
162.643496,21.1979464,3000,2400
162.623127,21.1986746,3100,2400
162.602757,21.1994004,3200,2400
162.582385,21.2001238,3300,2400
162.562012,21.2008448,3400,2400
162.541636,21.2015635,3500,2400
162.521259,21.2022797,3600,2400
162.500879,21.2029935,3700,2400
162.480497,21.2037049,3800,2400
162.460113,21.2044139,3900,2400
162.439931,21.2051135,3999,2400
163.253558,21.1587696,0,2500
163.23319,21.1595717,100,2500
163.212823,21.1603712,200,2500
163.192459,21.1611683,300,2500
163.172095,21.1619629,400,2500
163.151733,21.1627549,500,2500
163.131371,21.1635444,600,2500
163.111011,21.1643315,700,2500
163.090652,21.165116,800,2500
163.070293,21.165898,900,2500
163.049936,21.1666776,1000,2500
163.029578,21.1674547,1100,2500
163.009222,21.1682293,1200,2500
162.988866,21.1690014,1300,2500
162.96851,21.169771,1400,2500
162.948154,21.1705382,1500,2500
162.927798,21.1713029,1600,2500
162.907443,21.1720651,1700,2500
162.887087,21.1728249,1800,2500
162.866731,21.1735823,1900,2500
162.846375,21.1743371,2000,2500
162.826018,21.1750896,2100,2500
162.805661,21.1758396,2200,2500
162.785303,21.1765872,2300,2500
162.764945,21.1773323,2400,2500
162.744585,21.178075,2500,2500
162.724225,21.1788152,2600,2500
162.703864,21.1795531,2700,2500
162.683501,21.1802885,2800,2500
162.663138,21.1810215,2900,2500
162.642773,21.1817521,3000,2500
162.622406,21.1824803,3100,2500
162.602038,21.1832061,3200,2500
162.581669,21.1839294,3300,2500
162.561297,21.1846504,3400,2500
162.540924,21.1853689,3500,2500
162.520549,21.1860851,3600,2500
162.500172,21.1867989,3700,2500
162.479792,21.1875103,3800,2500
162.45941,21.1882193,3900,2500
162.43923,21.1889188,3999,2500
163.252732,21.1425508,0,2600
163.232366,21.1433529,100,2600
163.212002,21.1441525,200,2600
163.191639,21.1449495,300,2600
163.171278,21.1457441,400,2600
163.150918,21.1465361,500,2600
163.130559,21.1473256,600,2600
163.110201,21.1481127,700,2600
163.089844,21.1488972,800,2600
163.069488,21.1496793,900,2600
163.049132,21.1504588,1000,2600
163.028778,21.1512359,1100,2600
163.008423,21.1520105,1200,2600
162.988069,21.1527827,1300,2600
162.967716,21.1535523,1400,2600
162.947362,21.1543195,1500,2600
162.927009,21.1550843,1600,2600
162.906655,21.1558465,1700,2600
162.886302,21.1566063,1800,2600
162.865948,21.1573637,1900,2600
162.845594,21.1581186,2000,2600
162.82524,21.1588711,2100,2600
162.804885,21.1596212,2200,2600
162.78453,21.1603688,2300,2600
162.764173,21.1611139,2400,2600
162.743816,21.1618567,2500,2600
162.723458,21.162597,2600,2600
162.703099,21.1633349,2700,2600
162.682739,21.1640703,2800,2600
162.662378,21.1648034,2900,2600
162.642015,21.165534,3000,2600
162.621651,21.1662623,3100,2600
162.601285,21.1669881,3200,2600
162.580918,21.1677115,3300,2600
162.560549,21.1684326,3400,2600
162.540178,21.1691512,3500,2600
162.519805,21.1698674,3600,2600
162.49943,21.1705813,3700,2600
162.479052,21.1712927,3800,2600
162.458673,21.1720018,3900,2600
162.438495,21.1727014,3999,2600
163.251901,21.1262944,0,2700
163.231537,21.127096,100,2700
163.211175,21.127895,200,2700
163.190815,21.1286916,300,2700
163.170456,21.1294856,400,2700
163.150098,21.1302771,500,2700
163.129741,21.1310661,600,2700
163.109386,21.1318526,700,2700
163.089031,21.1326366,800,2700
163.068677,21.1334182,900,2700
163.048324,21.1341972,1000,2700
163.027971,21.1349738,1100,2700
163.007619,21.1357479,1200,2700
162.987267,21.1365195,1300,2700
162.966916,21.1372887,1400,2700
162.946565,21.1380554,1500,2700
162.926214,21.1388196,1600,2700
162.905863,21.1395814,1700,2700
162.885511,21.1403407,1800,2700
162.86516,21.1410975,1900,2700
162.844808,21.141852,2000,2700
162.824456,21.142604,2100,2700
162.804104,21.1433535,2200,2700
162.78375,21.1441006,2300,2700
162.763396,21.1448453,2400,2700
162.743041,21.1455876,2500,2700
162.722686,21.1463274,2600,2700
162.702329,21.1470648,2700,2700
162.681971,21.1477998,2800,2700
162.661612,21.1485324,2900,2700
162.641251,21.1492625,3000,2700
162.620889,21.1499903,3100,2700
162.600526,21.1507156,3200,2700
162.580161,21.1514386,3300,2700
162.559794,21.1521592,3400,2700
162.539425,21.1528773,3500,2700
162.519054,21.1535931,3600,2700
162.498682,21.1543065,3700,2700
162.478307,21.1550175,3800,2700
162.457929,21.1557261,3900,2700
162.437754,21.1564252,3999,2700
163.251093,21.1100933,0,2800
163.230732,21.1108948,100,2800
163.210373,21.1116937,200,2800
163.190014,21.1124902,300,2800
163.169658,21.1132841,400,2800
163.149302,21.1140756,500,2800
163.128948,21.1148645,600,2800
163.108594,21.115651,700,2800
163.088242,21.1164349,800,2800
163.06789,21.1172164,900,2800
163.047539,21.1179954,1000,2800
163.027189,21.1187719,1100,2800
163.006839,21.1195459,1200,2800
162.986489,21.1203175,1300,2800
162.96614,21.1210866,1400,2800
162.945791,21.1218532,1500,2800
162.925442,21.1226174,1600,2800
162.905094,21.1233791,1700,2800
162.884745,21.1241384,1800,2800
162.864395,21.1248952,1900,2800
162.844046,21.1256496,2000,2800
162.823696,21.1264016,2100,2800
162.803346,21.1271511,2200,2800
162.782995,21.1278982,2300,2800
162.762643,21.1286428,2400,2800
162.74229,21.129385,2500,2800
162.721937,21.1301248,2600,2800
162.701582,21.1308622,2700,2800
162.681227,21.1315972,2800,2800
162.66087,21.1323297,2900,2800
162.640512,21.1330599,3000,2800
162.620152,21.1337876,3100,2800
162.599791,21.134513,3200,2800
162.579428,21.1352359,3300,2800
162.559063,21.1359565,3400,2800
162.538697,21.1366746,3500,2800
162.518328,21.1373904,3600,2800
162.497958,21.1381037,3700,2800
162.477585,21.1388147,3800,2800
162.45721,21.1395233,3900,2800
162.437036,21.1402225,3999,2800
163.250304,21.0938886,0,2900
163.229945,21.09469,100,2900
163.209587,21.0954889,200,2900
163.189231,21.0962853,300,2900
163.168877,21.0970792,400,2900
163.148524,21.0978705,500,2900
163.128171,21.0986594,600,2900
163.10782,21.0994458,700,2900
163.08747,21.1002297,800,2900
163.06712,21.1010111,900,2900
163.046772,21.10179,1000,2900
163.026424,21.1025665,1100,2900
163.006076,21.1033405,1200,2900
162.985729,21.104112,1300,2900
162.965382,21.104881,1400,2900
162.945035,21.1056476,1500,2900
162.924689,21.1064118,1600,2900
162.904342,21.1071734,1700,2900
162.883995,21.1079327,1800,2900
162.863649,21.1086895,1900,2900
162.843301,21.1094438,2000,2900
162.822954,21.1101957,2100,2900
162.802606,21.1109452,2200,2900
162.782257,21.1116922,2300,2900
162.761907,21.1124369,2400,2900
162.741557,21.113179,2500,2900
162.721206,21.1139188,2600,2900
162.700854,21.1146562,2700,2900
162.6805,21.1153911,2800,2900
162.660145,21.1161237,2900,2900
162.639789,21.1168538,3000,2900
162.619432,21.1175815,3100,2900
162.599073,21.1183069,3200,2900
162.578712,21.1190298,3300,2900
162.55835,21.1197503,3400,2900
162.537986,21.1204685,3500,2900
162.51762,21.1211842,3600,2900
162.497251,21.1218976,3700,2900
162.476881,21.1226086,3800,2900
162.456508,21.1233172,3900,2900
162.436337,21.1240164,3999,2900
163.24948,21.0776625,0,3000
163.229123,21.0784636,100,3000
163.208768,21.0792621,200,3000
163.188415,21.0800582,300,3000
163.168062,21.0808517,400,3000
163.147711,21.0816428,500,3000
163.127361,21.0824314,600,3000
163.107012,21.0832174,700,3000
163.086664,21.084001,800,3000
163.066317,21.0847821,900,3000
163.045971,21.0855607,1000,3000
163.025625,21.0863369,1100,3000
163.005279,21.0871105,1200,3000
162.984934,21.0878818,1300,3000
162.96459,21.0886505,1400,3000
162.944245,21.0894168,1500,3000
162.923901,21.0901806,1600,3000
162.903557,21.090942,1700,3000
162.883212,21.091701,1800,3000
162.862868,21.0924574,1900,3000
162.842523,21.0932115,2000,3000
162.822177,21.0939631,2100,3000
162.801831,21.0947123,2200,3000
162.781485,21.0954591,2300,3000
162.761138,21.0962034,2400,3000
162.74079,21.0969453,2500,3000
162.720441,21.0976848,2600,3000
162.700091,21.0984219,2700,3000
162.679739,21.0991566,2800,3000
162.659387,21.0998889,2900,3000
162.639033,21.1006187,3000,3000
162.618678,21.1013462,3100,3000
162.598321,21.1020712,3200,3000
162.577963,21.1027939,3300,3000
162.557603,21.1035142,3400,3000
162.537241,21.1042321,3500,3000
162.516877,21.1049476,3600,3000
162.496511,21.1056607,3700,3000
162.476143,21.1063714,3800,3000
162.455772,21.1070798,3900,3000
162.435603,21.1077787,3999,3000
163.248675,21.0614663,0,3100
163.22832,21.0622674,100,3100
163.207968,21.0630659,200,3100
163.187616,21.063862,300,3100
163.167266,21.0646556,400,3100
163.146917,21.0654466,500,3100
163.12657,21.0662352,600,3100
163.106223,21.0670213,700,3100
163.085877,21.0678049,800,3100
163.065532,21.068586,900,3100
163.045188,21.0693646,1000,3100
163.024844,21.0701408,1100,3100
163.004501,21.0709145,1200,3100
162.984159,21.0716857,1300,3100
162.963816,21.0724545,1400,3100
162.943474,21.0732208,1500,3100
162.923132,21.0739847,1600,3100
162.90279,21.0747461,1700,3100
162.882448,21.0755051,1800,3100
162.862105,21.0762616,1900,3100
162.841763,21.0770157,2000,3100
162.821419,21.0777674,2100,3100
162.801076,21.0785166,2200,3100
162.780732,21.0792634,2300,3100
162.760387,21.0800078,2400,3100
162.740041,21.0807498,2500,3100
162.719694,21.0814893,2600,3100
162.699346,21.0822265,2700,3100
162.678997,21.0829612,2800,3100
162.658647,21.0836935,2900,3100
162.638296,21.0844235,3000,3100
162.617943,21.085151,3100,3100
162.597588,21.0858761,3200,3100
162.577232,21.0865989,3300,3100
162.556874,21.0873192,3400,3100
162.536515,21.0880372,3500,3100
162.516153,21.0887527,3600,3100
162.495789,21.0894659,3700,3100
162.475423,21.0901767,3800,3100
162.455055,21.0908852,3900,3100
162.434888,21.0915842,3999,3100
163.247876,21.0452735,0,3200
163.227524,21.0460745,100,3200
163.207173,21.046873,200,3200
163.186824,21.047669,300,3200
163.166476,21.0484625,400,3200
163.14613,21.0492535,500,3200
163.125784,21.050042,600,3200
163.10544,21.0508281,700,3200
163.085096,21.0516116,800,3200
163.064754,21.0523927,900,3200
163.044412,21.0531712,1000,3200
163.02407,21.0539474,1100,3200
163.003729,21.054721,1200,3200
162.983389,21.0554922,1300,3200
162.963049,21.0562609,1400,3200
162.942709,21.0570272,1500,3200
162.922369,21.057791,1600,3200
162.902029,21.0585524,1700,3200
162.881689,21.0593113,1800,3200
162.861349,21.0600679,1900,3200
162.841009,21.0608219,2000,3200
162.820668,21.0615736,2100,3200
162.800326,21.0623228,2200,3200
162.779984,21.0630695,2300,3200
162.759642,21.0638139,2400,3200
162.739298,21.0645558,2500,3200
162.718954,21.0652954,2600,3200
162.698608,21.0660325,2700,3200
162.678262,21.0667672,2800,3200
162.657914,21.0674995,2900,3200
162.637564,21.0682294,3000,3200
162.617214,21.0689569,3100,3200
162.596862,21.0696821,3200,3200
162.576508,21.0704048,3300,3200
162.556152,21.0711251,3400,3200
162.535795,21.0718431,3500,3200
162.515435,21.0725587,3600,3200
162.495074,21.0732719,3700,3200
162.47471,21.0739827,3800,3200
162.454344,21.0746911,3900,3200
162.434179,21.0753901,3999,3200
163.247066,21.0290659,0,3300
163.226716,21.0298667,100,3300
163.206368,21.0306651,200,3300
163.186021,21.031461,300,3300
163.165675,21.0322543,400,3300
163.145331,21.0330452,500,3300
163.124988,21.0338336,600,3300
163.104645,21.0346195,700,3300
163.084304,21.0354029,800,3300
163.063964,21.0361838,900,3300
163.043624,21.0369623,1000,3300
163.023285,21.0377383,1100,3300
163.002946,21.0385118,1200,3300
162.982608,21.0392829,1300,3300
162.96227,21.0400515,1400,3300
162.941932,21.0408177,1500,3300
162.921595,21.0415814,1600,3300
162.901257,21.0423427,1700,3300
162.88092,21.0431015,1800,3300
162.860582,21.0438579,1900,3300
162.840243,21.0446119,2000,3300
162.819905,21.0453634,2100,3300
162.799566,21.0461125,2200,3300
162.779226,21.0468592,2300,3300
162.758885,21.0476035,2400,3300
162.738544,21.0483453,2500,3300
162.718202,21.0490848,2600,3300
162.697859,21.0498218,2700,3300
162.677514,21.0505564,2800,3300
162.657169,21.0512887,2900,3300
162.636822,21.0520185,3000,3300
162.616473,21.0527459,3100,3300
162.596123,21.053471,3200,3300
162.575772,21.0541936,3300,3300
162.555418,21.0549139,3400,3300
162.535063,21.0556318,3500,3300
162.514706,21.0563473,3600,3300
162.494347,21.0570604,3700,3300
162.473985,21.0577711,3800,3300
162.453621,21.0584795,3900,3300
162.433459,21.0591785,3999,3300
163.246277,21.0128728,0,3400
163.225929,21.0136737,100,3400
163.205583,21.0144721,200,3400
163.185238,21.0152679,300,3400
163.164895,21.0160613,400,3400
163.144553,21.0168522,500,3400
163.124212,21.0176406,600,3400
163.103872,21.0184265,700,3400
163.083533,21.0192099,800,3400
163.063195,21.0199909,900,3400
163.042857,21.0207694,1000,3400
163.02252,21.0215454,1100,3400
163.002184,21.022319,1200,3400
162.981848,21.0230901,1300,3400
162.961512,21.0238587,1400,3400
162.941177,21.0246249,1500,3400
162.920842,21.0253887,1600,3400
162.900506,21.02615,1700,3400
162.880171,21.0269089,1800,3400
162.859835,21.0276653,1900,3400
162.839499,21.0284193,2000,3400
162.819163,21.0291709,2100,3400
162.798826,21.0299201,2200,3400
162.778488,21.0306668,2300,3400
162.75815,21.0314111,2400,3400
162.737811,21.032153,2500,3400
162.717471,21.0328925,2600,3400
162.69713,21.0336296,2700,3400
162.676788,21.0343643,2800,3400
162.656445,21.0350966,2900,3400
162.6361,21.0358265,3000,3400
162.615754,21.036554,3100,3400
162.595406,21.0372791,3200,3400
162.575057,21.0380019,3300,3400
162.554705,21.0387222,3400,3400
162.534353,21.0394402,3500,3400
162.513998,21.0401557,3600,3400
162.493641,21.0408689,3700,3400
162.473281,21.0415798,3800,3400
162.45292,21.0422882,3900,3400
162.43276,21.0429873,3999,3400
163.245466,20.9966432,0,3500
163.225121,20.9974438,100,3500
163.204777,20.9982419,200,3500
163.184435,20.9990375,300,3500
163.164094,20.9998306,400,3500
163.143754,21.0006213,500,3500
163.123415,21.0014094,600,3500
163.103077,21.0021951,700,3500
163.08274,21.0029783,800,3500
163.062404,21.003759,900,3500
163.042069,21.0045372,1000,3500
163.021735,21.005313,1100,3500
163.0014,21.0060863,1200,3500
162.981067,21.0068572,1300,3500
162.960733,21.0076256,1400,3500
162.9404,21.0083916,1500,3500
162.920067,21.0091551,1600,3500
162.899734,21.0099162,1700,3500
162.879401,21.0106749,1800,3500
162.859067,21.0114311,1900,3500
162.838734,21.0121849,2000,3500
162.818399,21.0129362,2100,3500
162.798065,21.0136852,2200,3500
162.77773,21.0144317,2300,3500
162.757394,21.0151758,2400,3500
162.737057,21.0159175,2500,3500
162.716719,21.0166568,2600,3500
162.69638,21.0173937,2700,3500
162.67604,21.0181282,2800,3500
162.655699,21.0188603,2900,3500
162.635357,21.01959,3000,3500
162.615013,21.0203173,3100,3500
162.594667,21.0210422,3200,3500
162.57432,21.0217647,3300,3500
162.553971,21.0224849,3400,3500
162.533621,21.0232026,3500,3500
162.513268,21.023918,3600,3500
162.492913,21.0246311,3700,3500
162.472556,21.0253417,3800,3500
162.452197,21.02605,3900,3500
162.432039,21.0267489,3999,3500
163.244675,20.9804756,0,3600
163.224331,20.9812762,100,3600
163.20399,20.9820744,200,3600
163.18365,20.98287,300,3600
163.163311,20.9836631,400,3600
163.142973,20.9844538,500,3600
163.122637,20.985242,600,3600
163.102301,20.9860277,700,3600
163.081967,20.9868109,800,3600
163.061633,20.9875916,900,3600
163.0413,20.9883699,1000,3600
163.020967,20.9891458,1100,3600
163.000636,20.9899191,1200,3600
162.980304,20.99069,1300,3600
162.959973,20.9914585,1400,3600
162.939642,20.9922245,1500,3600
162.919311,20.9929881,1600,3600
162.89898,20.9937492,1700,3600
162.878649,20.9945079,1800,3600
162.858318,20.9952642,1900,3600
162.837987,20.9960181,2000,3600
162.817655,20.9967695,2100,3600
162.797322,20.9975185,2200,3600
162.776989,20.9982651,2300,3600
162.756656,20.9990093,2400,3600
162.736321,20.999751,2500,3600
162.715986,21.0004904,2600,3600
162.695649,21.0012274,2700,3600
162.675311,21.0019619,2800,3600
162.654972,21.0026941,2900,3600
162.634632,21.0034239,3000,3600
162.614291,21.0041512,3100,3600
162.593947,21.0048762,3200,3600
162.573602,21.0055989,3300,3600
162.553256,21.0063191,3400,3600
162.532907,21.007037,3500,3600
162.512557,21.0077524,3600,3600
162.492204,21.0084656,3700,3600
162.47185,21.0091763,3800,3600
162.451493,21.0098847,3900,3600
162.431337,21.0105837,3999,3600
163.243861,20.9642729,0,3700
163.22352,20.9650734,100,3700
163.203181,20.9658714,200,3700
163.182843,20.9666669,300,3700
163.162506,20.9674599,400,3700
163.142171,20.9682504,500,3700
163.121837,20.9690384,600,3700
163.101503,20.969824,700,3700
163.081171,20.9706071,800,3700
163.06084,20.9713877,900,3700
163.040509,20.9721659,1000,3700
163.020179,20.9729416,1100,3700
162.999849,20.9737148,1200,3700
162.97952,20.9744856,1300,3700
162.959191,20.975254,1400,3700
162.938862,20.9760199,1500,3700
162.918534,20.9767833,1600,3700
162.898205,20.9775443,1700,3700
162.877876,20.9783029,1800,3700
162.857547,20.9790591,1900,3700
162.837218,20.9798128,2000,3700
162.816888,20.9805642,2100,3700
162.796558,20.9813131,2200,3700
162.776227,20.9820596,2300,3700
162.755896,20.9828036,2400,3700
162.735563,20.9835453,2500,3700
162.71523,20.9842846,2600,3700
162.694896,20.9850215,2700,3700
162.674561,20.9857559,2800,3700
162.654224,20.986488,2900,3700
162.633886,20.9872177,3000,3700
162.613546,20.987945,3100,3700
162.593205,20.9886699,3200,3700
162.572863,20.9893924,3300,3700
162.552518,20.9901126,3400,3700
162.532172,20.9908304,3500,3700
162.511824,20.9915458,3600,3700
162.491474,20.9922589,3700,3700
162.471121,20.9929695,3800,3700
162.450767,20.9936778,3900,3700
162.430613,20.9943767,3999,3700
163.243054,20.9480735,0,3800
163.222715,20.948874,100,3800
163.202378,20.949672,200,3800
163.182043,20.9504674,300,3800
163.161708,20.9512604,400,3800
163.141375,20.9520509,500,3800
163.121043,20.9528389,600,3800
163.100712,20.9536244,700,3800
163.080382,20.9544075,800,3800
163.060053,20.9551881,900,3800
163.039724,20.9559663,1000,3800
163.019396,20.9567419,1100,3800
162.999069,20.9575152,1200,3800
162.978742,20.958286,1300,3800
162.958415,20.9590543,1400,3800
162.938089,20.9598202,1500,3800
162.917762,20.9605836,1600,3800
162.897436,20.9613447,1700,3800
162.87711,20.9621033,1800,3800
162.856783,20.9628594,1900,3800
162.836456,20.9636132,2000,3800
162.816128,20.9643645,2100,3800
162.7958,20.9651134,2200,3800
162.775472,20.9658599,2300,3800
162.755143,20.966604,2400,3800
162.734813,20.9673457,2500,3800
162.714482,20.968085,2600,3800
162.694149,20.9688218,2700,3800
162.673816,20.9695563,2800,3800
162.653482,20.9702884,2900,3800
162.633146,20.9710181,3000,3800
162.612809,20.9717455,3100,3800
162.59247,20.9724704,3200,3800
162.57213,20.973193,3300,3800
162.551788,20.9739132,3400,3800
162.531444,20.974631,3500,3800
162.511098,20.9753464,3600,3800
162.49075,20.9760595,3700,3800
162.470399,20.9767702,3800,3800
162.450047,20.9774786,3900,3800
162.429896,20.9781775,3999,3800
163.242256,20.9318697,0,3900
163.22192,20.9326701,100,3900
163.201585,20.933468,200,3900
163.181251,20.9342634,300,3900
163.160919,20.9350563,400,3900
163.140588,20.9358467,500,3900
163.120258,20.9366347,600,3900
163.09993,20.9374201,700,3900
163.079602,20.9382031,800,3900
163.059275,20.9389837,900,3900
163.038949,20.9397618,1000,3900
163.018623,20.9405374,1100,3900
162.998298,20.9413106,1200,3900
162.977973,20.9420813,1300,3900
162.957648,20.9428496,1400,3900
162.937324,20.9436154,1500,3900
162.917,20.9443788,1600,3900
162.896676,20.9451398,1700,3900
162.876352,20.9458984,1800,3900
162.856027,20.9466545,1900,3900
162.835702,20.9474082,2000,3900
162.815377,20.9481595,2100,3900
162.795052,20.9489084,2200,3900
162.774725,20.9496548,2300,3900
162.754398,20.9503989,2400,3900
162.73407,20.9511405,2500,3900
162.713742,20.9518798,2600,3900
162.693412,20.9526167,2700,3900
162.673081,20.9533511,2800,3900
162.652749,20.9540832,2900,3900
162.632415,20.9548129,3000,3900
162.61208,20.9555402,3100,3900
162.591744,20.9562651,3200,3900
162.571406,20.9569877,3300,3900
162.551066,20.9577079,3400,3900
162.530724,20.9584257,3500,3900
162.51038,20.9591411,3600,3900
162.490034,20.9598542,3700,3900
162.469686,20.9605649,3800,3900
162.449336,20.9612733,3900,3900
162.429187,20.9619722,3999,3900
163.241423,20.9156185,0,4000
163.221088,20.9164184,100,4000
163.200756,20.9172158,200,4000
163.180424,20.9180107,300,4000
163.160095,20.9188031,400,4000
163.139766,20.9195931,500,4000
163.119438,20.9203806,600,4000
163.099112,20.9211656,700,4000
163.078786,20.9219481,800,4000
163.058461,20.9227282,900,4000
163.038137,20.9235058,1000,4000
163.017814,20.924281,1100,4000
162.997491,20.9250537,1200,4000
162.977168,20.925824,1300,4000
162.956846,20.9265919,1400,4000
162.936524,20.9273573,1500,4000
162.916202,20.9281202,1600,4000
162.89588,20.9288808,1700,4000
162.875558,20.9296389,1800,4000
162.855236,20.9303946,1900,4000
162.834914,20.9311478,2000,4000
162.814591,20.9318987,2100,4000
162.794267,20.9326471,2200,4000
162.773943,20.9333932,2300,4000
162.753618,20.9341368,2400,4000
162.733293,20.934878,2500,4000
162.712966,20.9356169,2600,4000
162.692638,20.9363533,2700,4000
162.67231,20.9370874,2800,4000
162.65198,20.937819,2900,4000
162.631648,20.9385483,3000,4000
162.611316,20.9392752,3100,4000
162.590981,20.9399997,3200,4000
162.570645,20.9407219,3300,4000
162.550308,20.9414417,3400,4000
162.529968,20.9421591,3500,4000
162.509627,20.9428741,3600,4000
162.489283,20.9435868,3700,4000
162.468937,20.9442971,3800,4000
162.448589,20.9450051,3900,4000
162.428443,20.9457036,3999,4000
163.240646,20.8994508,0,4100
163.220314,20.9002509,100,4100
163.199983,20.9010486,200,4100
163.179654,20.9018437,300,4100
163.159327,20.9026364,400,4100
163.139,20.9034266,500,4100
163.118675,20.9042144,600,4100
163.09835,20.9049996,700,4100
163.078027,20.9057824,800,4100
163.057705,20.9065628,900,4100
163.037383,20.9073407,1000,4100
163.017061,20.9081161,1100,4100
162.996741,20.9088891,1200,4100
162.97642,20.9096596,1300,4100
162.9561,20.9104277,1400,4100
162.935781,20.9111934,1500,4100
162.915461,20.9119567,1600,4100
162.895141,20.9127175,1700,4100
162.874822,20.9134759,1800,4100
162.854502,20.9142318,1900,4100
162.834181,20.9149854,2000,4100
162.813861,20.9157365,2100,4100
162.793539,20.9164852,2200,4100
162.773217,20.9172316,2300,4100
162.752895,20.9179755,2400,4100
162.732571,20.918717,2500,4100
162.712247,20.9194561,2600,4100
162.691922,20.9201929,2700,4100
162.671595,20.9209272,2800,4100
162.651268,20.9216592,2900,4100
162.630939,20.9223888,3000,4100
162.610608,20.923116,3100,4100
162.590276,20.9238408,3200,4100
162.569942,20.9245633,3300,4100
162.549607,20.9252834,3400,4100
162.52927,20.9260011,3500,4100
162.50893,20.9267164,3600,4100
162.488589,20.9274294,3700,4100
162.468246,20.9281401,3800,4100
162.4479,20.9288483,3900,4100
162.427755,20.9295472,3999,4100
163.239848,20.8832333,0,4200
163.219519,20.8840333,100,4200
163.19919,20.8848308,200,4200
163.178864,20.8856259,300,4200
163.158538,20.8864184,400,4200
163.138214,20.8872085,500,4200
163.117891,20.8879961,600,4200
163.097569,20.8887812,700,4200
163.077248,20.8895639,800,4200
163.056927,20.8903441,900,4200
163.036608,20.8911219,1000,4200
163.016289,20.8918972,1100,4200
162.99597,20.89267,1200,4200
162.975652,20.8934405,1300,4200
162.955334,20.8942084,1400,4200
162.935017,20.894974,1500,4200
162.914699,20.8957371,1600,4200
162.894382,20.8964978,1700,4200
162.874064,20.8972561,1800,4200
162.853747,20.898012,1900,4200
162.833428,20.8987654,2000,4200
162.81311,20.8995164,2100,4200
162.792791,20.9002651,2200,4200
162.772471,20.9010113,2300,4200
162.752151,20.9017551,2400,4200
162.73183,20.9024965,2500,4200
162.711508,20.9032356,2600,4200
162.691185,20.9039722,2700,4200
162.67086,20.9047065,2800,4200
162.650535,20.9054383,2900,4200
162.630208,20.9061678,3000,4200
162.60988,20.9068949,3100,4200
162.58955,20.9076197,3200,4200
162.569219,20.9083421,3300,4200
162.548885,20.9090621,3400,4200
162.52855,20.9097797,3500,4200
162.508213,20.910495,3600,4200
162.487874,20.9112079,3700,4200
162.467533,20.9119185,3800,4200
162.44719,20.9126267,3900,4200
162.427047,20.9133255,3999,4200
163.239007,20.8670153,0,4300
163.218679,20.867815,100,4300
163.198353,20.8686122,200,4300
163.178029,20.8694069,300,4300
163.157705,20.8701992,400,4300
163.137383,20.870989,500,4300
163.117063,20.8717762,600,4300
163.096743,20.8725611,700,4300
163.076424,20.8733435,800,4300
163.056106,20.8741234,900,4300
163.035788,20.8749008,1000,4300
163.015472,20.8756759,1100,4300
162.995155,20.8764484,1200,4300
162.974839,20.8772186,1300,4300
162.954524,20.8779863,1400,4300
162.934209,20.8787515,1500,4300
162.913893,20.8795144,1600,4300
162.893578,20.8802748,1700,4300
162.873263,20.8810328,1800,4300
162.852947,20.8817884,1900,4300
162.832631,20.8825416,2000,4300
162.812315,20.8832923,2100,4300
162.791998,20.8840407,2200,4300
162.771681,20.8847866,2300,4300
162.751363,20.8855302,2400,4300
162.731044,20.8862714,2500,4300
162.710724,20.8870101,2600,4300
162.690403,20.8877465,2700,4300
162.670081,20.8884805,2800,4300
162.649758,20.8892121,2900,4300
162.629433,20.8899414,3000,4300
162.609107,20.8906682,3100,4300
162.58878,20.8913927,3200,4300
162.56845,20.8921149,3300,4300
162.548119,20.8928346,3400,4300
162.527786,20.893552,3500,4300
162.507452,20.8942671,3600,4300
162.487115,20.8949797,3700,4300
162.466776,20.8956901,3800,4300
162.446435,20.8963981,3900,4300
162.426294,20.8970966,3999,4300
163.238222,20.8508203,0,4400
163.217897,20.8516199,100,4400
163.197573,20.8524171,200,4400
163.177251,20.8532117,300,4400
163.15693,20.8540039,400,4400
163.13661,20.8547937,500,4400
163.116292,20.8555809,600,4400
163.095974,20.8563657,700,4400
163.075657,20.8571481,800,4400
163.055341,20.857928,900,4400
163.035026,20.8587054,1000,4400
163.014712,20.8594804,1100,4400
162.994398,20.860253,1200,4400
162.974084,20.8610231,1300,4400
162.953771,20.8617908,1400,4400
162.933458,20.862556,1500,4400
162.913145,20.8633189,1600,4400
162.892832,20.8640793,1700,4400
162.872518,20.8648373,1800,4400
162.852205,20.8655928,1900,4400
162.831892,20.866346,2000,4400
162.811578,20.8670968,2100,4400
162.791263,20.8678451,2200,4400
162.770948,20.8685911,2300,4400
162.750632,20.8693346,2400,4400
162.730315,20.8700758,2500,4400
162.709998,20.8708146,2600,4400
162.689679,20.871551,2700,4400
162.669359,20.872285,2800,4400
162.649038,20.8730166,2900,4400
162.628716,20.8737459,3000,4400
162.608392,20.8744728,3100,4400
162.588066,20.8751973,3200,4400
162.567739,20.8759194,3300,4400
162.547411,20.8766392,3400,4400
162.52708,20.8773566,3500,4400
162.506748,20.8780717,3600,4400
162.486413,20.8787844,3700,4400
162.466076,20.8794948,3800,4400
162.445737,20.8802028,3900,4400
162.425599,20.8809014,3999,4400
163.237423,20.8346044,0,4500
163.2171,20.8354038,100,4500
163.196779,20.8362008,200,4500
163.176459,20.8369953,300,4500
163.15614,20.8377873,400,4500
163.135822,20.8385769,500,4500
163.115506,20.8393639,600,4500
163.095191,20.8401486,700,4500
163.074876,20.8409307,800,4500
163.054562,20.8417105,900,4500
163.03425,20.8424877,1000,4500
163.013937,20.8432626,1100,4500
162.993625,20.8440349,1200,4500
162.973314,20.8448049,1300,4500
162.953003,20.8455724,1400,4500
162.932692,20.8463375,1500,4500
162.912381,20.8471002,1600,4500
162.89207,20.8478604,1700,4500
162.87176,20.8486183,1800,4500
162.851448,20.8493737,1900,4500
162.831137,20.8501267,2000,4500
162.810825,20.8508773,2100,4500
162.790513,20.8516255,2200,4500
162.7702,20.8523713,2300,4500
162.749886,20.8531147,2400,4500
162.729572,20.8538558,2500,4500
162.709256,20.8545944,2600,4500
162.68894,20.8553307,2700,4500
162.668622,20.8560645,2800,4500
162.648304,20.856796,2900,4500
162.627983,20.8575252,3000,4500
162.607662,20.8582519,3100,4500
162.587339,20.8589763,3200,4500
162.567014,20.8596983,3300,4500
162.546687,20.860418,3400,4500
162.526359,20.8611353,3500,4500
162.506029,20.8618503,3600,4500
162.485696,20.8625628,3700,4500
162.465362,20.8632731,3800,4500
162.445025,20.863981,3900,4500
162.424889,20.8646795,3999,4500
163.23664,20.8184349,0,4600
163.216319,20.8192344,100,4600
163.196,20.8200314,200,4600
163.175682,20.820826,300,4600
163.155366,20.8216181,400,4600
163.13505,20.8224077,500,4600
163.114736,20.8231948,600,4600
163.094423,20.8239795,700,4600
163.074111,20.8247618,800,4600
163.053799,20.8255416,900,4600
163.033488,20.8263189,1000,4600
163.013178,20.8270938,1100,4600
162.992869,20.8278663,1200,4600
162.97256,20.8286363,1300,4600
162.952251,20.8294039,1400,4600
162.931942,20.8301691,1500,4600
162.911633,20.8309319,1600,4600
162.891325,20.8316922,1700,4600
162.871016,20.8324502,1800,4600
162.850707,20.8332057,1900,4600
162.830398,20.8339588,2000,4600
162.810089,20.8347095,2100,4600
162.789778,20.8354578,2200,4600
162.769468,20.8362037,2300,4600
162.749156,20.8369473,2400,4600
162.728844,20.8376884,2500,4600
162.708531,20.8384272,2600,4600
162.688217,20.8391635,2700,4600
162.667901,20.8398975,2800,4600
162.647585,20.8406291,2900,4600
162.627267,20.8413584,3000,4600
162.606947,20.8420853,3100,4600
162.586627,20.8428098,3200,4600
162.566304,20.8435319,3300,4600
162.54598,20.8442517,3400,4600
162.525654,20.8449692,3500,4600
162.505326,20.8456842,3600,4600
162.484995,20.846397,3700,4600
162.464663,20.8471074,3800,4600
162.444329,20.8478154,3900,4600
162.424195,20.848514,3999,4600
163.235816,20.8021904,0,4700
163.215497,20.8029896,100,4700
163.19518,20.8037864,200,4700
163.174865,20.8045807,300,4700
163.15455,20.8053725,400,4700
163.134237,20.8061619,500,4700
163.113925,20.8069487,600,4700
163.093614,20.8077332,700,4700
163.073304,20.8085152,800,4700
163.052995,20.8092947,900,4700
163.032687,20.8100718,1000,4700
163.012379,20.8108464,1100,4700
162.992071,20.8116186,1200,4700
162.971764,20.8123884,1300,4700
162.951458,20.8131558,1400,4700
162.931151,20.8139207,1500,4700
162.910845,20.8146832,1600,4700
162.890539,20.8154433,1700,4700
162.870232,20.816201,1800,4700
162.849925,20.8169563,1900,4700
162.829618,20.8177092,2000,4700
162.809311,20.8184597,2100,4700
162.789003,20.8192077,2200,4700
162.768695,20.8199534,2300,4700
162.748385,20.8206967,2400,4700
162.728075,20.8214376,2500,4700
162.707764,20.8221762,2600,4700
162.687452,20.8229123,2700,4700
162.667139,20.8236461,2800,4700
162.646825,20.8243775,2900,4700
162.626509,20.8251065,3000,4700
162.606192,20.8258332,3100,4700
162.585873,20.8265575,3200,4700
162.565553,20.8272794,3300,4700
162.545231,20.827999,3400,4700
162.524907,20.8287162,3500,4700
162.504581,20.8294311,3600,4700
162.484253,20.8301436,3700,4700
162.463923,20.8308538,3800,4700
162.443591,20.8315616,3900,4700
162.423459,20.8322601,3999,4700
163.23504,20.7860352,0,4800
163.214724,20.7868345,100,4800
163.194409,20.7876314,200,4800
163.174096,20.7884259,300,4800
163.153783,20.7892178,400,4800
163.133472,20.7900074,500,4800
163.113163,20.7907944,600,4800
163.092854,20.791579,700,4800
163.072546,20.7923611,800,4800
163.052239,20.7931408,900,4800
163.031933,20.7939181,1000,4800
163.011627,20.7946929,1100,4800
162.991322,20.7954653,1200,4800
162.971017,20.7962352,1300,4800
162.950713,20.7970028,1400,4800
162.930409,20.7977679,1500,4800
162.910104,20.7985306,1600,4800
162.8898,20.7992908,1700,4800
162.869496,20.8000487,1800,4800
162.849192,20.8008042,1900,4800
162.828887,20.8015572,2000,4800
162.808582,20.8023079,2100,4800
162.788276,20.8030562,2200,4800
162.76797,20.8038021,2300,4800
162.747663,20.8045455,2400,4800
162.727355,20.8052867,2500,4800
162.707046,20.8060254,2600,4800
162.686737,20.8067617,2700,4800
162.666426,20.8074957,2800,4800
162.646113,20.8082273,2900,4800
162.6258,20.8089565,3000,4800
162.605485,20.8096834,3100,4800
162.585169,20.8104079,3200,4800
162.564851,20.8111301,3300,4800
162.544531,20.8118499,3400,4800
162.524209,20.8125673,3500,4800
162.503885,20.8132824,3600,4800
162.48356,20.8139951,3700,4800
162.463232,20.8147056,3800,4800
162.442902,20.8154136,3900,4800
162.422773,20.8161123,3999,4800
163.234249,20.7698341,0,4900
163.213935,20.7706335,100,4900
163.193622,20.7714304,200,4900
163.173311,20.7722248,300,4900
163.153001,20.7730168,400,4900
163.132692,20.7738063,500,4900
163.112385,20.7745934,600,4900
163.092078,20.775378,700,4900
163.071772,20.7761601,800,4900
163.051468,20.7769398,900,4900
163.031164,20.7777171,1000,4900
163.01086,20.7784919,1100,4900
162.990557,20.7792643,1200,4900
162.970255,20.7800343,1300,4900
162.949952,20.7808019,1400,4900
162.92965,20.781567,1500,4900
162.909348,20.7823297,1600,4900
162.889047,20.78309,1700,4900
162.868745,20.7838479,1800,4900
162.848442,20.7846034,1900,4900
162.82814,20.7853565,2000,4900
162.807837,20.7861072,2100,4900
162.787533,20.7868555,2200,4900
162.767229,20.7876014,2300,4900
162.746925,20.788345,2400,4900
162.726619,20.7890861,2500,4900
162.706312,20.7898249,2600,4900
162.686005,20.7905613,2700,4900
162.665696,20.7912953,2800,4900
162.645386,20.792027,2900,4900
162.625075,20.7927563,3000,4900
162.604762,20.7934832,3100,4900
162.584448,20.7942078,3200,4900
162.564132,20.79493,3300,4900
162.543815,20.7956498,3400,4900
162.523495,20.7963673,3500,4900
162.503174,20.7970825,3600,4900
162.48285,20.7977953,3700,4900
162.462525,20.7985058,3800,4900
162.442197,20.7992139,3900,4900
162.42207,20.7999127,3999,4900
163.233428,20.7536061,0,5000
163.213116,20.7544051,100,5000
163.192805,20.7552017,200,5000
163.172496,20.7559957,300,5000
163.152189,20.7567874,400,5000
163.131882,20.7575765,500,5000
163.111577,20.7583632,600,5000
163.091272,20.7591475,700,5000
163.070969,20.7599293,800,5000
163.050666,20.7607087,900,5000
163.030365,20.7614856,1000,5000
163.010063,20.7622601,1100,5000
162.989763,20.7630322,1200,5000
162.969462,20.7638018,1300,5000
162.949162,20.7645691,1400,5000
162.928862,20.7653339,1500,5000
162.908563,20.7660963,1600,5000
162.888263,20.7668562,1700,5000
162.867963,20.7676138,1800,5000
162.847663,20.768369,1900,5000
162.827363,20.7691218,2000,5000
162.807062,20.7698722,2100,5000
162.786761,20.7706202,2200,5000
162.766459,20.7713658,2300,5000
162.746157,20.772109,2400,5000
162.725853,20.7728498,2500,5000
162.705549,20.7735883,2600,5000
162.685244,20.7743244,2700,5000
162.664937,20.7750581,2800,5000
162.644629,20.7757895,2900,5000
162.62432,20.7765185,3000,5000
162.60401,20.7772451,3100,5000
162.583698,20.7779694,3200,5000
162.563384,20.7786913,3300,5000
162.543069,20.7794109,3400,5000
162.522752,20.7801281,3500,5000
162.502432,20.780843,3600,5000
162.482111,20.7815555,3700,5000
162.461788,20.7822657,3800,5000
162.441462,20.7829736,3900,5000
162.421337,20.7836721,3999,5000
163.232659,20.7374264,0,5100
163.212349,20.7382256,100,5100
163.19204,20.7390223,200,5100
163.171734,20.7398166,300,5100
163.151428,20.7406083,400,5100
163.131124,20.7413977,500,5100
163.110821,20.7421845,600,5100
163.090518,20.7429689,700,5100
163.070217,20.7437509,800,5100
163.049917,20.7445305,900,5100
163.029617,20.7453076,1000,5100
163.009318,20.7460822,1100,5100
162.98902,20.7468545,1200,5100
162.968722,20.7476243,1300,5100
162.948424,20.7483917,1400,5100
162.928126,20.7491567,1500,5100
162.907829,20.7499193,1600,5100
162.887531,20.7506794,1700,5100
162.867234,20.7514372,1800,5100
162.846936,20.7521926,1900,5100
162.826638,20.7529456,2000,5100
162.806339,20.7536961,2100,5100
162.78604,20.7544443,2200,5100
162.765741,20.7551901,2300,5100
162.74544,20.7559336,2400,5100
162.725139,20.7566746,2500,5100
162.704837,20.7574133,2600,5100
162.684534,20.7581496,2700,5100
162.66423,20.7588835,2800,5100
162.643924,20.7596151,2900,5100
162.623617,20.7603443,3000,5100
162.603309,20.7610711,3100,5100
162.582999,20.7617956,3200,5100
162.562688,20.7625178,3300,5100
162.542375,20.7632376,3400,5100
162.52206,20.763955,3500,5100
162.501743,20.7646701,3600,5100
162.481424,20.7653829,3700,5100
162.461103,20.7660933,3800,5100
162.440779,20.7668014,3900,5100
162.420657,20.7675001,3999,5100
163.231819,20.7211554,0,5200
163.211511,20.721954,100,5200
163.191205,20.7227501,200,5200
163.170901,20.7235438,300,5200
163.150597,20.7243351,400,5200
163.130295,20.7251239,500,5200
163.109994,20.7259102,600,5200
163.089694,20.7266941,700,5200
163.069395,20.7274755,800,5200
163.049097,20.7282545,900,5200
163.0288,20.7290311,1000,5200
163.008503,20.7298053,1100,5200
162.988207,20.730577,1200,5200
162.967911,20.7313463,1300,5200
162.947615,20.7321132,1400,5200
162.92732,20.7328776,1500,5200
162.907025,20.7336397,1600,5200
162.886729,20.7343994,1700,5200
162.866434,20.7351566,1800,5200
162.846138,20.7359115,1900,5200
162.825842,20.7366639,2000,5200
162.805546,20.737414,2100,5200
162.785249,20.7381617,2200,5200
162.764952,20.738907,2300,5200
162.744654,20.7396499,2400,5200
162.724355,20.7403905,2500,5200
162.704055,20.7411287,2600,5200
162.683754,20.7418645,2700,5200
162.663452,20.7425979,2800,5200
162.643149,20.743329,2900,5200
162.622844,20.7440577,3000,5200
162.602538,20.7447841,3100,5200
162.58223,20.7455081,3200,5200
162.561921,20.7462297,3300,5200
162.54161,20.746949,3400,5200
162.521297,20.747666,3500,5200
162.500983,20.7483806,3600,5200
162.480666,20.7490929,3700,5200
162.460347,20.7498029,3800,5200
162.440025,20.7505105,3900,5200
162.419905,20.7512087,3999,5200
163.231021,20.7049624,0,5300
163.210716,20.7057609,100,5300
163.190412,20.706557,200,5300
163.17011,20.7073507,300,5300
163.149808,20.7081418,400,5300
163.129509,20.7089306,500,5300
163.10921,20.7097168,600,5300
163.088912,20.7105007,700,5300
163.068615,20.7112821,800,5300
163.048319,20.712061,900,5300
163.028024,20.7128376,1000,5300
163.00773,20.7136117,1100,5300
162.987436,20.7143833,1200,5300
162.967142,20.7151526,1300,5300
162.946848,20.7159194,1400,5300
162.926555,20.7166839,1500,5300
162.906262,20.7174459,1600,5300
162.885969,20.7182055,1700,5300
162.865676,20.7189628,1800,5300
162.845383,20.7197176,1900,5300
162.825089,20.72047,2000,5300
162.804795,20.7212201,2100,5300
162.7845,20.7219677,2200,5300
162.764205,20.722713,2300,5300
162.743909,20.7234559,2400,5300
162.723612,20.7241965,2500,5300
162.703315,20.7249346,2600,5300
162.683016,20.7256704,2700,5300
162.662716,20.7264038,2800,5300
162.642415,20.7271349,2900,5300
162.622113,20.7278636,3000,5300
162.601809,20.72859,3100,5300
162.581503,20.729314,3200,5300
162.561196,20.7300356,3300,5300
162.540888,20.730755,3400,5300
162.520577,20.7314719,3500,5300
162.500264,20.7321866,3600,5300
162.47995,20.7328988,3700,5300
162.459633,20.7336088,3800,5300
162.439314,20.7343164,3900,5300
162.419196,20.7350147,3999,5300
163.230231,20.6887915,0,5400
163.209928,20.6895901,100,5400
163.189626,20.6903863,200,5400
163.169326,20.69118,300,5400
163.149027,20.6919712,400,5400
163.128729,20.69276,500,5400
163.108433,20.6935464,600,5400
163.088137,20.6943303,700,5400
163.067843,20.6951117,800,5400
163.047549,20.6958908,900,5400
163.027256,20.6966674,1000,5400
163.006964,20.6974416,1100,5400
162.986672,20.6982133,1200,5400
162.96638,20.6989827,1300,5400
162.946089,20.6997496,1400,5400
162.925798,20.7005141,1500,5400
162.905507,20.7012763,1600,5400
162.885216,20.702036,1700,5400
162.864925,20.7027933,1800,5400
162.844634,20.7035482,1900,5400
162.824343,20.7043008,2000,5400
162.804051,20.7050509,2100,5400
162.783758,20.7057987,2200,5400
162.763465,20.7065441,2300,5400
162.743172,20.7072871,2400,5400
162.722877,20.7080278,2500,5400
162.702582,20.708766,2600,5400
162.682285,20.7095019,2700,5400
162.661987,20.7102355,2800,5400
162.641689,20.7109667,2900,5400
162.621388,20.7116955,3000,5400
162.601087,20.712422,3100,5400
162.580784,20.7131461,3200,5400
162.560479,20.7138679,3300,5400
162.540172,20.7145874,3400,5400
162.519864,20.7153045,3500,5400
162.499554,20.7160192,3600,5400
162.479241,20.7167317,3700,5400
162.458927,20.7174418,3800,5400
162.43861,20.7181495,3900,5400
162.418494,20.7188479,3999,5400
163.229414,20.6725447,0,5500
163.209113,20.673343,100,5500
163.188813,20.6741388,200,5500
163.168515,20.6749322,300,5500
163.148219,20.6757231,400,5500
163.127923,20.6765115,500,5500
163.107629,20.6772975,600,5500
163.087336,20.6780811,700,5500
163.067043,20.6788622,800,5500
163.046752,20.6796409,900,5500
163.026461,20.6804172,1000,5500
163.006171,20.6811911,1100,5500
162.985881,20.6819625,1200,5500
162.965592,20.6827315,1300,5500
162.945303,20.6834981,1400,5500
162.925014,20.6842623,1500,5500
162.904725,20.6850241,1600,5500
162.884437,20.6857835,1700,5500
162.864148,20.6865405,1800,5500
162.843859,20.6872952,1900,5500
162.82357,20.6880474,2000,5500
162.80328,20.6887972,2100,5500
162.78299,20.6895447,2200,5500
162.762699,20.6902898,2300,5500
162.742407,20.6910325,2400,5500
162.722115,20.6917728,2500,5500
162.701822,20.6925108,2600,5500
162.681528,20.6932464,2700,5500
162.661232,20.6939797,2800,5500
162.640935,20.6947106,2900,5500
162.620637,20.6954391,3000,5500
162.600338,20.6961653,3100,5500
162.580037,20.6968891,3200,5500
162.559734,20.6976106,3300,5500
162.53943,20.6983298,3400,5500
162.519124,20.6990466,3500,5500
162.498816,20.6997611,3600,5500
162.478506,20.7004733,3700,5500
162.458193,20.7011831,3800,5500
162.437879,20.7018906,3900,5500
162.417765,20.7025887,3999,5500
163.22864,20.6563949,0,5600
163.208341,20.6571934,100,5600
163.188044,20.6579894,200,5600
163.167748,20.6587829,300,5600
163.147453,20.6595741,400,5600
163.12716,20.6603627,500,5600
163.106868,20.661149,600,5600
163.086577,20.6619327,700,5600
163.066287,20.6627141,800,5600
163.045997,20.663493,900,5600
163.025709,20.6642695,1000,5600
163.005421,20.6650436,1100,5600
162.985133,20.6658153,1200,5600
162.964846,20.6665845,1300,5600
162.944559,20.6673514,1400,5600
162.924273,20.6681158,1500,5600
162.903986,20.6688778,1600,5600
162.8837,20.6696375,1700,5600
162.863413,20.6703947,1800,5600
162.843126,20.6711496,1900,5600
162.822839,20.6719021,2000,5600
162.802552,20.6726522,2100,5600
162.782264,20.6733999,2200,5600
162.761975,20.6741452,2300,5600
162.741686,20.6748882,2400,5600
162.721396,20.6756288,2500,5600
162.701105,20.676367,2600,5600
162.680813,20.6771029,2700,5600
162.66052,20.6778364,2800,5600
162.640225,20.6785676,2900,5600
162.619929,20.6792964,3000,5600
162.599632,20.6800228,3100,5600
162.579333,20.6807469,3200,5600
162.559033,20.6814687,3300,5600
162.538731,20.6821882,3400,5600
162.518427,20.6829053,3500,5600
162.498121,20.68362,3600,5600
162.477813,20.6843325,3700,5600
162.457503,20.6850426,3800,5600
162.437191,20.6857503,3900,5600
162.417079,20.6864488,3999,5600
163.227834,20.6401464,0,5700
163.207538,20.6409446,100,5700
163.187243,20.6417404,200,5700
163.166949,20.6425337,300,5700
163.146657,20.6433246,400,5700
163.126366,20.644113,500,5700
163.106076,20.644899,600,5700
163.085787,20.6456825,700,5700
163.065499,20.6464636,800,5700
163.045212,20.6472423,900,5700
163.024925,20.6480185,1000,5700
163.00464,20.6487924,1100,5700
162.984354,20.6495638,1200,5700
162.964069,20.6503328,1300,5700
162.943785,20.6510994,1400,5700
162.9235,20.6518636,1500,5700
162.903216,20.6526254,1600,5700
162.882932,20.6533849,1700,5700
162.862648,20.6541419,1800,5700
162.842363,20.6548965,1900,5700
162.822078,20.6556488,2000,5700
162.801793,20.6563986,2100,5700
162.781507,20.6571461,2200,5700
162.761221,20.6578912,2300,5700
162.740934,20.658634,2400,5700
162.720646,20.6593744,2500,5700
162.700357,20.6601124,2600,5700
162.680067,20.6608481,2700,5700
162.659776,20.6615814,2800,5700
162.639484,20.6623123,2900,5700
162.61919,20.6630409,3000,5700
162.598895,20.6637672,3100,5700
162.578599,20.6644911,3200,5700
162.5583,20.6652127,3300,5700
162.538,20.6659319,3400,5700
162.517699,20.6666488,3500,5700
162.497395,20.6673634,3600,5700
162.477089,20.6680756,3700,5700
162.456781,20.6687855,3800,5700
162.436471,20.6694931,3900,5700
162.416362,20.6701914,3999,5700
163.227008,20.6239159,0,5800
163.206713,20.6247137,100,5800
163.18642,20.6255091,200,5800
163.166129,20.626302,300,5800
163.145839,20.6270924,400,5800
163.12555,20.6278805,500,5800
163.105262,20.628666,600,5800
163.084976,20.6294492,700,5800
163.06469,20.6302299,800,5800
163.044405,20.6310082,900,5800
163.024121,20.6317841,1000,5800
163.003837,20.6325576,1100,5800
162.983554,20.6333286,1200,5800
162.963271,20.6340973,1300,5800
162.942989,20.6348635,1400,5800
162.922707,20.6356273,1500,5800
162.902425,20.6363888,1600,5800
162.882143,20.6371478,1700,5800
162.861861,20.6379045,1800,5800
162.841578,20.6386587,1900,5800
162.821295,20.6394106,2000,5800
162.801012,20.6401601,2100,5800
162.780729,20.6409073,2200,5800
162.760445,20.641652,2300,5800
162.74016,20.6423944,2400,5800
162.719874,20.6431345,2500,5800
162.699587,20.6438722,2600,5800
162.6793,20.6446075,2700,5800
162.659011,20.6453404,2800,5800
162.638721,20.646071,2900,5800
162.618429,20.6467993,3000,5800
162.598136,20.6475252,3100,5800
162.577842,20.6482488,3200,5800
162.557546,20.6489701,3300,5800
162.537248,20.649689,3400,5800
162.516949,20.6504055,3500,5800
162.496647,20.6511198,3600,5800
162.476344,20.6518317,3700,5800
162.456038,20.6525413,3800,5800
162.43573,20.6532486,3900,5800
162.415623,20.6539465,3999,5800
163.226206,20.6077034,0,5900
163.205913,20.6085012,100,5900
163.185623,20.6092966,200,5900
163.165334,20.6100895,300,5900
163.145046,20.6108799,400,5900
163.124759,20.6116679,500,5900
163.104474,20.6124535,600,5900
163.084189,20.6132366,700,5900
163.063906,20.6140174,800,5900
163.043623,20.6147957,900,5900
163.023341,20.6155715,1000,5900
163.003059,20.616345,1100,5900
162.982778,20.617116,1200,5900
162.962498,20.6178847,1300,5900
162.942218,20.6186509,1400,5900
162.921938,20.6194148,1500,5900
162.901658,20.6201762,1600,5900
162.881378,20.6209353,1700,5900
162.861098,20.621692,1800,5900
162.840818,20.6224462,1900,5900
162.820538,20.6231982,2000,5900
162.800257,20.6239477,2100,5900
162.779975,20.6246948,2200,5900
162.759693,20.6254396,2300,5900
162.739411,20.6261821,2400,5900
162.719127,20.6269221,2500,5900
162.698842,20.6276598,2600,5900
162.678557,20.6283952,2700,5900
162.65827,20.6291282,2800,5900
162.637983,20.6298588,2900,5900
162.617693,20.6305871,3000,5900
162.597403,20.6313131,3100,5900
162.577111,20.6320367,3200,5900
162.556817,20.632758,3300,5900
162.536521,20.633477,3400,5900
162.516224,20.6341936,3500,5900
162.495925,20.6349079,3600,5900
162.475623,20.6356199,3700,5900
162.45532,20.6363295,3800,5900
162.435014,20.6370368,3900,5900
162.414909,20.6377348,3999,5900
163.225407,20.5914926,0,6000
163.205117,20.5922901,100,6000
163.184829,20.5930852,200,6000
163.164542,20.5938778,300,6000
163.144256,20.594668,400,6000
163.123972,20.5954557,500,6000
163.103688,20.5962411,600,6000
163.083406,20.5970239,700,6000
163.063125,20.5978044,800,6000
163.042844,20.5985824,900,6000
163.022564,20.5993581,1000,6000
163.002285,20.6001313,1100,6000
162.982006,20.6009021,1200,6000
162.961728,20.6016705,1300,6000
162.94145,20.6024365,1400,6000
162.921172,20.6032001,1500,6000
162.900895,20.6039613,1600,6000
162.880617,20.6047201,1700,6000
162.860339,20.6054766,1800,6000
162.840061,20.6062306,1900,6000
162.819783,20.6069823,2000,6000
162.799504,20.6077316,2100,6000
162.779225,20.6084785,2200,6000
162.758945,20.6092231,2300,6000
162.738665,20.6099653,2400,6000
162.718383,20.6107051,2500,6000
162.698101,20.6114426,2600,6000
162.677818,20.6121778,2700,6000
162.657533,20.6129105,2800,6000
162.637248,20.613641,2900,6000
162.616961,20.6143691,3000,6000
162.596672,20.6150948,3100,6000
162.576382,20.6158182,3200,6000
162.556091,20.6165393,3300,6000
162.535797,20.6172581,3400,6000
162.515502,20.6179745,3500,6000
162.495205,20.6186886,3600,6000
162.474906,20.6194004,3700,6000
162.454604,20.6201098,3800,6000
162.434301,20.620817,3900,6000
162.414198,20.6215148,3999,6000
163.224612,20.5753309,0,6100
163.204324,20.5761286,100,6100
163.184038,20.5769238,200,6100
163.163753,20.5777166,300,6100
163.143469,20.578507,400,6100
163.123187,20.5792949,500,6100
163.102906,20.5800804,600,6100
163.082626,20.5808634,700,6100
163.062347,20.5816441,800,6100
163.042068,20.5824223,900,6100
163.021791,20.5831981,1000,6100
163.001514,20.5839715,1100,6100
162.981237,20.5847425,1200,6100
162.960961,20.5855111,1300,6100
162.940685,20.5862773,1400,6100
162.92041,20.5870411,1500,6100
162.900134,20.5878025,1600,6100
162.879859,20.5885615,1700,6100
162.859583,20.5893181,1800,6100
162.839307,20.5900724,1900,6100
162.819031,20.5908243,2000,6100
162.798755,20.5915738,2100,6100
162.778478,20.5923209,2200,6100
162.7582,20.5930657,2300,6100
162.737922,20.5938081,2400,6100
162.717643,20.5945482,2500,6100
162.697362,20.5952859,2600,6100
162.677081,20.5960212,2700,6100
162.656799,20.5967542,2800,6100
162.636516,20.5974849,2900,6100
162.616231,20.5982132,3000,6100
162.595945,20.5989392,3100,6100
162.575657,20.5996628,3200,6100
162.555368,20.6003842,3300,6100
162.535076,20.6011031,3400,6100
162.514783,20.6018198,3500,6100
162.494488,20.6025341,3600,6100
162.474191,20.6032462,3700,6100
162.453892,20.6039559,3800,6100
162.433591,20.6046632,3900,6100
162.41349,20.6053613,3999,6100
163.22384,20.5591148,0,6200
163.203554,20.5599123,100,6200
163.18327,20.5607074,200,6200
163.162987,20.5615,300,6200
163.142706,20.5622901,400,6200
163.122426,20.5630779,500,6200
163.102147,20.5638632,600,6200
163.081869,20.5646461,700,6200
163.061592,20.5654265,800,6200
163.041316,20.5662045,900,6200
163.02104,20.5669802,1000,6200
163.000765,20.5677534,1100,6200
162.980491,20.5685242,1200,6200
162.960217,20.5692926,1300,6200
162.939944,20.5700586,1400,6200
162.91967,20.5708222,1500,6200
162.899397,20.5715835,1600,6200
162.879124,20.5723423,1700,6200
162.85885,20.5730988,1800,6200
162.838577,20.5738529,1900,6200
162.818303,20.5746046,2000,6200
162.798028,20.5753539,2100,6200
162.777754,20.5761009,2200,6200
162.757478,20.5768455,2300,6200
162.737202,20.5775878,2400,6200
162.716925,20.5783277,2500,6200
162.696647,20.5790652,2600,6200
162.676368,20.5798004,2700,6200
162.656088,20.5805333,2800,6200
162.635807,20.5812638,2900,6200
162.615524,20.581992,3000,6200
162.59524,20.5827178,3100,6200
162.574955,20.5834413,3200,6200
162.554668,20.5841625,3300,6200
162.534379,20.5848814,3400,6200
162.514088,20.5855979,3500,6200
162.493795,20.5863121,3600,6200
162.473501,20.587024,3700,6200
162.453204,20.5877335,3800,6200
162.432904,20.5884408,3900,6200
162.412806,20.5891387,3999,6200
163.22303,20.5429857,0,6300
163.202746,20.5437834,100,6300
163.182464,20.5445786,200,6300
163.162184,20.5453715,300,6300
163.141905,20.5461619,400,6300
163.121627,20.5469498,500,6300
163.10135,20.5477353,600,6300
163.081074,20.5485185,700,6300
163.0608,20.5492991,800,6300
163.040526,20.5500774,900,6300
163.020252,20.5508533,1000,6300
162.99998,20.5516267,1100,6300
162.979708,20.5523978,1200,6300
162.959436,20.5531665,1300,6300
162.939164,20.5539327,1400,6300
162.918893,20.5546966,1500,6300
162.898622,20.5554581,1600,6300
162.878351,20.5562172,1700,6300
162.85808,20.5569739,1800,6300
162.837808,20.5577283,1900,6300
162.817537,20.5584802,2000,6300
162.797265,20.5592298,2100,6300
162.776992,20.5599771,2200,6300
162.756719,20.560722,2300,6300
162.736445,20.5614645,2400,6300
162.71617,20.5622047,2500,6300
162.695894,20.5629425,2600,6300
162.675618,20.563678,2700,6300
162.65534,20.5644111,2800,6300
162.635061,20.5651419,2900,6300
162.61478,20.5658704,3000,6300
162.594499,20.5665965,3100,6300
162.574215,20.5673203,3200,6300
162.55393,20.5680418,3300,6300
162.533643,20.5687609,3400,6300
162.513355,20.5694777,3500,6300
162.493064,20.5701922,3600,6300
162.472772,20.5709044,3700,6300
162.452477,20.5716143,3800,6300
162.43218,20.5723219,3900,6300
162.412084,20.5730201,3999,6300
163.222185,20.5267426,0,6400
163.201904,20.52754,100,6400
163.181624,20.528335,200,6400
163.161346,20.5291275,300,6400
163.141069,20.5299175,400,6400
163.120793,20.5307052,500,6400
163.100519,20.5314904,600,6400
163.080245,20.5322732,700,6400
163.059972,20.5330536,800,6400
163.039701,20.5338316,900,6400
163.01943,20.5346072,1000,6400
162.999159,20.5353803,1100,6400
162.978889,20.5361511,1200,6400
162.95862,20.5369194,1300,6400
162.938351,20.5376854,1400,6400
162.918081,20.538449,1500,6400
162.897813,20.5392102,1600,6400
162.877544,20.539969,1700,6400
162.857275,20.5407255,1800,6400
162.837005,20.5414795,1900,6400
162.816736,20.5422312,2000,6400
162.796466,20.5429806,2100,6400
162.776196,20.5437276,2200,6400
162.755925,20.5444722,2300,6400
162.735653,20.5452144,2400,6400
162.71538,20.5459543,2500,6400
162.695107,20.5466919,2600,6400
162.674832,20.5474271,2700,6400
162.654556,20.54816,2800,6400
162.63428,20.5488905,2900,6400
162.614001,20.5496187,3000,6400
162.593722,20.5503446,3100,6400
162.57344,20.5510681,3200,6400
162.553158,20.5517894,3300,6400
162.532873,20.5525083,3400,6400
162.512587,20.5532248,3500,6400
162.492298,20.5539391,3600,6400
162.472008,20.554651,3700,6400
162.451715,20.5553607,3800,6400
162.43142,20.556068,3900,6400
162.411326,20.556766,3999,6400
163.221369,20.5105764,0,6500
163.20109,20.5113738,100,6500
163.180813,20.5121687,200,6500
163.160537,20.5129612,300,6500
163.140262,20.5137513,400,6500
163.119988,20.5145389,500,6500
163.099716,20.5153241,600,6500
163.079445,20.5161069,700,6500
163.059174,20.5168873,800,6500
163.038905,20.5176653,900,6500
163.018636,20.5184408,1000,6500
162.998368,20.519214,1100,6500
162.9781,20.5199848,1200,6500
162.957833,20.5207531,1300,6500
162.937566,20.5215191,1400,6500
162.917299,20.5222827,1500,6500
162.897032,20.5230439,1600,6500
162.876765,20.5238028,1700,6500
162.856499,20.5245592,1800,6500
162.836232,20.5253133,1900,6500
162.815964,20.526065,2000,6500
162.795696,20.5268144,2100,6500
162.775428,20.5275614,2200,6500
162.755159,20.5283061,2300,6500
162.73489,20.5290483,2400,6500
162.714619,20.5297883,2500,6500
162.694348,20.5305259,2600,6500
162.674076,20.5312611,2700,6500
162.653802,20.531994,2800,6500
162.633527,20.5327246,2900,6500
162.613251,20.5334529,3000,6500
162.592974,20.5341788,3100,6500
162.572695,20.5349024,3200,6500
162.552414,20.5356236,3300,6500
162.532132,20.5363426,3400,6500
162.511847,20.5370592,3500,6500
162.491561,20.5377735,3600,6500
162.471273,20.5384855,3700,6500
162.450983,20.5391952,3800,6500
162.43069,20.5399026,3900,6500
162.410598,20.5406007,3999,6500
163.220555,20.4943521,0,6600
163.200278,20.4951493,100,6600
163.180003,20.4959442,200,6600
163.159729,20.4967365,300,6600
163.139457,20.4975265,400,6600
163.119185,20.498314,500,6600
163.098915,20.4990991,600,6600
163.078646,20.4998818,700,6600
163.058378,20.500662,800,6600
163.03811,20.5014399,900,6600
163.017844,20.5022154,1000,6600
162.997578,20.5029884,1100,6600
162.977312,20.5037591,1200,6600
162.957047,20.5045274,1300,6600
162.936782,20.5052932,1400,6600
162.916517,20.5060567,1500,6600
162.896253,20.5068179,1600,6600
162.875988,20.5075766,1700,6600
162.855724,20.508333,1800,6600
162.835459,20.509087,1900,6600
162.815194,20.5098386,2000,6600
162.794928,20.5105879,2100,6600
162.774662,20.5113348,2200,6600
162.754395,20.5120793,2300,6600
162.734128,20.5128216,2400,6600
162.71386,20.5135614,2500,6600
162.693591,20.5142989,2600,6600
162.673321,20.5150341,2700,6600
162.653049,20.515767,2800,6600
162.632777,20.5164975,2900,6600
162.612503,20.5172256,3000,6600
162.592228,20.5179515,3100,6600
162.571951,20.518675,3200,6600
162.551672,20.5193962,3300,6600
162.531392,20.5201151,3400,6600
162.51111,20.5208317,3500,6600
162.490826,20.5215459,3600,6600
162.47054,20.5222579,3700,6600
162.450251,20.5229675,3800,6600
162.429961,20.5236749,3900,6600
162.409871,20.5243729,3999,6600
163.21973,20.4781188,0,6700
163.199456,20.4789157,100,6700
163.179183,20.4797101,200,6700
163.158911,20.4805021,300,6700
163.138641,20.4812917,400,6700
163.118372,20.4820789,500,6700
163.098104,20.4828636,600,6700
163.077837,20.4836459,700,6700
163.057571,20.4844259,800,6700
163.037306,20.4852034,900,6700
163.017041,20.4859785,1000,6700
162.996777,20.4867512,1100,6700
162.976514,20.4875215,1200,6700
162.956251,20.4882894,1300,6700
162.935988,20.489055,1400,6700
162.915726,20.4898181,1500,6700
162.895464,20.4905789,1600,6700
162.875201,20.4913373,1700,6700
162.854939,20.4920934,1800,6700
162.834676,20.492847,1900,6700
162.814413,20.4935983,2000,6700
162.79415,20.4943473,2100,6700
162.773886,20.4950939,2200,6700
162.753621,20.4958381,2300,6700
162.733356,20.49658,2400,6700
162.71309,20.4973195,2500,6700
162.692823,20.4980568,2600,6700
162.672555,20.4987916,2700,6700
162.652286,20.4995241,2800,6700
162.632016,20.5002543,2900,6700
162.611744,20.5009822,3000,6700
162.591471,20.5017078,3100,6700
162.571196,20.502431,3200,6700
162.55092,20.5031519,3300,6700
162.530642,20.5038705,3400,6700
162.510362,20.5045867,3500,6700
162.49008,20.5053007,3600,6700
162.469796,20.5060124,3700,6700
162.44951,20.5067217,3800,6700
162.429221,20.5074287,3900,6700
162.409134,20.5081265,3999,6700
163.218946,20.4619306,0,6800
163.198674,20.4627276,100,6800
163.178403,20.4635221,200,6800
163.158133,20.4643142,300,6800
163.137865,20.4651038,400,6800
163.117598,20.4658911,500,6800
163.097332,20.4666759,600,6800
163.077068,20.4674583,700,6800
163.056804,20.4682384,800,6800
163.036541,20.469016,900,6800
163.016278,20.4697912,1000,6800
162.996017,20.470564,1100,6800
162.975756,20.4713344,1200,6800
162.955495,20.4721024,1300,6800
162.935234,20.4728681,1400,6800
162.914974,20.4736313,1500,6800
162.894714,20.4743922,1600,6800
162.874454,20.4751507,1700,6800
162.854193,20.4759069,1800,6800
162.833933,20.4766607,1900,6800
162.813672,20.4774121,2000,6800
162.793411,20.4781612,2100,6800
162.773149,20.4789079,2200,6800
162.752887,20.4796522,2300,6800
162.732624,20.4803942,2400,6800
162.71236,20.4811339,2500,6800
162.692095,20.4818713,2600,6800
162.671829,20.4826062,2700,6800
162.651562,20.4833389,2800,6800
162.631294,20.4840692,2900,6800
162.611025,20.4847972,3000,6800
162.590754,20.4855229,3100,6800
162.570481,20.4862463,3200,6800
162.550207,20.4869673,3300,6800
162.529931,20.4876861,3400,6800
162.509654,20.4884025,3500,6800
162.489374,20.4891166,3600,6800
162.469092,20.4898284,3700,6800
162.448808,20.4905379,3800,6800
162.428522,20.4912451,3900,6800
162.408437,20.491943,3999,6800
163.218154,20.4457365,0,6900
163.197884,20.4465334,100,6900
163.177615,20.4473278,200,6900
163.157348,20.4481198,300,6900
163.137082,20.4489094,400,6900
163.116817,20.4496965,500,6900
163.096554,20.4504813,600,6900
163.076291,20.4512636,700,6900
163.056029,20.4520435,800,6900
163.035768,20.4528211,900,6900
163.015508,20.4535962,1000,6900
162.995249,20.4543689,1100,6900
162.97499,20.4551393,1200,6900
162.954731,20.4559072,1300,6900
162.934473,20.4566728,1400,6900
162.914215,20.457436,1500,6900
162.893957,20.4581968,1600,6900
162.873699,20.4589553,1700,6900
162.853441,20.4597113,1800,6900
162.833182,20.4604651,1900,6900
162.812924,20.4612164,2000,6900
162.792665,20.4619654,2100,6900
162.772405,20.4627121,2200,6900
162.752145,20.4634564,2300,6900
162.731884,20.4641984,2400,6900
162.711623,20.464938,2500,6900
162.69136,20.4656753,2600,6900
162.671096,20.4664102,2700,6900
162.650832,20.4671428,2800,6900
162.630566,20.4678731,2900,6900
162.610298,20.4686011,3000,6900
162.590029,20.4693267,3100,6900
162.569759,20.4700501,3200,6900
162.549487,20.4707711,3300,6900
162.529214,20.4714898,3400,6900
162.508938,20.4722062,3500,6900
162.48866,20.4729203,3600,6900
162.468381,20.473632,3700,6900
162.448099,20.4743415,3800,6900
162.427815,20.4750487,3900,6900
162.407732,20.4757465,3999,6900
163.217349,20.4295384,0,7000
163.197081,20.4303353,100,7000
163.176814,20.4311296,200,7000
163.156549,20.4319216,300,7000
163.136285,20.4327111,400,7000
163.116023,20.4334982,500,7000
163.095761,20.4342829,600,7000
163.075501,20.4350652,700,7000
163.055241,20.4358451,800,7000
163.034983,20.4366226,900,7000
163.014725,20.4373977,1000,7000
162.994467,20.4381704,1100,7000
162.974211,20.4389407,1200,7000
162.953954,20.4397086,1300,7000
162.933698,20.4404742,1400,7000
162.913442,20.4412373,1500,7000
162.893186,20.4419981,1600,7000
162.87293,20.4427566,1700,7000
162.852675,20.4435126,1800,7000
162.832418,20.4442663,1900,7000
162.812162,20.4450177,2000,7000
162.791905,20.4457667,2100,7000
162.771648,20.4465133,2200,7000
162.75139,20.4472576,2300,7000
162.731131,20.4479996,2400,7000
162.710872,20.4487392,2500,7000
162.690611,20.4494765,2600,7000
162.67035,20.4502114,2700,7000
162.650087,20.450944,2800,7000
162.629823,20.4516743,2900,7000
162.609558,20.4524023,3000,7000
162.589292,20.453128,3100,7000
162.569023,20.4538513,3200,7000
162.548754,20.4545723,3300,7000
162.528482,20.455291,3400,7000
162.508209,20.4560074,3500,7000
162.487933,20.4567215,3600,7000
162.467656,20.4574333,3700,7000
162.447377,20.4581428,3800,7000
162.427095,20.4588501,3900,7000
162.407014,20.4595479,3999,7000
163.216549,20.4133167,0,7100
163.196283,20.4141133,100,7100
163.176019,20.4149074,200,7100
163.155756,20.4156991,300,7100
163.135494,20.4164884,400,7100
163.115234,20.4172753,500,7100
163.094975,20.4180598,600,7100
163.074716,20.4188419,700,7100
163.054459,20.4196215,800,7100
163.034203,20.4203988,900,7100
163.013947,20.4211737,1000,7100
162.993692,20.4219461,1100,7100
162.973437,20.4227162,1200,7100
162.953183,20.423484,1300,7100
162.932929,20.4242493,1400,7100
162.912675,20.4250123,1500,7100
162.892421,20.4257729,1600,7100
162.872168,20.4265311,1700,7100
162.851914,20.4272869,1800,7100
162.83166,20.4280404,1900,7100
162.811406,20.4287916,2000,7100
162.791151,20.4295404,2100,7100
162.770896,20.4302868,2200,7100
162.75064,20.431031,2300,7100
162.730384,20.4317727,2400,7100
162.710126,20.4325122,2500,7100
162.689868,20.4332492,2600,7100
162.669609,20.433984,2700,7100
162.649348,20.4347165,2800,7100
162.629087,20.4354466,2900,7100
162.608824,20.4361744,3000,7100
162.588559,20.4368998,3100,7100
162.568293,20.437623,3200,7100
162.548026,20.4383439,3300,7100
162.527756,20.4390624,3400,7100
162.507485,20.4397786,3500,7100
162.487212,20.4404926,3600,7100
162.466937,20.4412042,3700,7100
162.44666,20.4419135,3800,7100
162.42638,20.4426206,3900,7100
162.406301,20.4433183,3999,7100
163.215723,20.397091,0,7200
163.195459,20.3978873,100,7200
163.175197,20.3986811,200,7200
163.154936,20.3994725,300,7200
163.134677,20.4002615,400,7200
163.114419,20.401048,500,7200
163.094162,20.4018322,600,7200
163.073906,20.402614,700,7200
163.05365,20.4033933,800,7200
163.033396,20.4041703,900,7200
163.013142,20.4049449,1000,7200
162.99289,20.405717,1100,7200
162.972637,20.4064868,1200,7200
162.952385,20.4072543,1300,7200
162.932133,20.4080193,1400,7200
162.911882,20.408782,1500,7200
162.89163,20.4095423,1600,7200
162.871379,20.4103002,1700,7200
162.851127,20.4110558,1800,7200
162.830875,20.411809,1900,7200
162.810623,20.4125599,2000,7200
162.790371,20.4133084,2100,7200
162.770118,20.4140546,2200,7200
162.749864,20.4147984,2300,7200
162.72961,20.4155399,2400,7200
162.709355,20.4162791,2500,7200
162.689098,20.4170159,2600,7200
162.668841,20.4177504,2700,7200
162.648583,20.4184826,2800,7200
162.628324,20.4192124,2900,7200
162.608063,20.41994,3000,7200
162.5878,20.4206652,3100,7200
162.567537,20.4213881,3200,7200
162.547271,20.4221087,3300,7200
162.527004,20.422827,3400,7200
162.506735,20.423543,3500,7200
162.486464,20.4242567,3600,7200
162.466191,20.4249681,3700,7200
162.445916,20.4256772,3800,7200
162.425638,20.426384,3900,7200
162.405561,20.4270814,3999,7200
163.214937,20.3808581,0,7300
163.194675,20.3816542,100,7300
163.174415,20.382448,200,7300
163.154157,20.3832393,300,7300
163.1339,20.3840282,400,7300
163.113644,20.3848147,500,7300
163.093389,20.3855987,600,7300
163.073135,20.3863804,700,7300
163.052882,20.3871597,800,7300
163.03263,20.3879366,900,7300
163.012378,20.3887111,1000,7300
162.992127,20.3894832,1100,7300
162.971877,20.3902529,1200,7300
162.951627,20.3910203,1300,7300
162.931378,20.3917853,1400,7300
162.911128,20.3925479,1500,7300
162.890879,20.3933081,1600,7300
162.87063,20.394066,1700,7300
162.85038,20.3948215,1800,7300
162.830131,20.3955747,1900,7300
162.809881,20.3963255,2000,7300
162.78963,20.3970739,2100,7300
162.769379,20.3978201,2200,7300
162.749128,20.3985639,2300,7300
162.728876,20.3993053,2400,7300
162.708623,20.4000444,2500,7300
162.688369,20.4007812,2600,7300
162.668114,20.4015157,2700,7300
162.647858,20.4022478,2800,7300
162.627601,20.4029776,2900,7300
162.607342,20.4037051,3000,7300
162.587082,20.4044303,3100,7300
162.56682,20.4051532,3200,7300
162.546557,20.4058737,3300,7300
162.526292,20.406592,3400,7300
162.506025,20.407308,3500,7300
162.485756,20.4080216,3600,7300
162.465485,20.408733,3700,7300
162.445212,20.4094421,3800,7300
162.424937,20.4101489,3900,7300
162.404862,20.4108463,3999,7300
163.214122,20.3646359,0,7400
163.193863,20.3654317,100,7400
163.173605,20.366225,200,7400
163.153348,20.3670159,300,7400
163.133093,20.3678044,400,7400
163.112839,20.3685905,500,7400
163.092587,20.3693741,600,7400
163.072335,20.3701554,700,7400
163.052084,20.3709343,800,7400
163.031834,20.3717108,900,7400
163.011585,20.3724849,1000,7400
162.991336,20.3732566,1100,7400
162.971088,20.3740259,1200,7400
162.95084,20.3747929,1300,7400
162.930593,20.3755575,1400,7400
162.910346,20.3763197,1500,7400
162.890099,20.3770795,1600,7400
162.869851,20.377837,1700,7400
162.849604,20.3785922,1800,7400
162.829357,20.3793449,1900,7400
162.809109,20.3800954,2000,7400
162.788861,20.3808435,2100,7400
162.768612,20.3815892,2200,7400
162.748363,20.3823326,2300,7400
162.728113,20.3830737,2400,7400
162.707862,20.3838125,2500,7400
162.68761,20.3845489,2600,7400
162.667357,20.385283,2700,7400
162.647103,20.3860147,2800,7400
162.626848,20.3867442,2900,7400
162.606592,20.3874713,3000,7400
162.586334,20.3881962,3100,7400
162.566074,20.3889187,3200,7400
162.545813,20.3896389,3300,7400
162.52555,20.3903568,3400,7400
162.505286,20.3910724,3500,7400
162.485019,20.3917857,3600,7400
162.46475,20.3924968,3700,7400
162.44448,20.3932055,3800,7400
162.424206,20.393912,3900,7400
162.404134,20.3946091,3999,7400
163.213337,20.3484429,0,7500
163.19308,20.3492387,100,7500
163.172824,20.3500321,200,7500
163.15257,20.3508231,300,7500
163.132317,20.3516117,400,7500
163.112065,20.3523978,500,7500
163.091815,20.3531816,600,7500
163.071565,20.353963,700,7500
163.051316,20.3547419,800,7500
163.031069,20.3555185,900,7500
163.010822,20.3562927,1000,7500
162.990575,20.3570645,1100,7500
162.970329,20.357834,1200,7500
162.950084,20.358601,1300,7500
162.929838,20.3593657,1400,7500
162.909593,20.360128,1500,7500
162.889348,20.360888,1600,7500
162.869103,20.3616456,1700,7500
162.848858,20.3624009,1800,7500
162.828613,20.3631538,1900,7500
162.808367,20.3639043,2000,7500
162.788121,20.3646525,2100,7500
162.767875,20.3653984,2200,7500
162.747628,20.3661419,2300,7500
162.72738,20.3668831,2400,7500
162.707131,20.367622,2500,7500
162.686882,20.3683586,2600,7500
162.666631,20.3690928,2700,7500
162.646379,20.3698247,2800,7500
162.626126,20.3705543,2900,7500
162.605872,20.3712816,3000,7500
162.585616,20.3720065,3100,7500
162.565359,20.3727292,3200,7500
162.5451,20.3734495,3300,7500
162.524839,20.3741676,3400,7500
162.504577,20.3748834,3500,7500
162.484312,20.3755968,3600,7500
162.464046,20.376308,3700,7500
162.443777,20.3770169,3800,7500
162.423506,20.3777235,3900,7500
162.403436,20.3784208,3999,7500
163.212535,20.3322253,0,7600
163.19228,20.3330209,100,7600
163.172026,20.3338141,200,7600
163.151774,20.3346049,300,7600
163.131523,20.3353933,400,7600
163.111274,20.3361793,500,7600
163.091025,20.3369628,600,7600
163.070778,20.337744,700,7600
163.050532,20.3385228,800,7600
163.030286,20.3392992,900,7600
163.010041,20.3400732,1000,7600
162.989797,20.3408448,1100,7600
162.969553,20.3416141,1200,7600
162.949309,20.342381,1300,7600
162.929066,20.3431455,1400,7600
162.908823,20.3439077,1500,7600
162.888581,20.3446675,1600,7600
162.868338,20.3454249,1700,7600
162.848095,20.34618,1800,7600
162.827852,20.3469327,1900,7600
162.807608,20.3476831,2000,7600
162.787365,20.3484312,2100,7600
162.76712,20.3491769,2200,7600
162.746875,20.3499203,2300,7600
162.72663,20.3506613,2400,7600
162.706383,20.3514,2500,7600
162.686136,20.3521364,2600,7600
162.665887,20.3528705,2700,7600
162.645638,20.3536023,2800,7600
162.625387,20.3543317,2900,7600
162.605135,20.3550589,3000,7600
162.584881,20.3557837,3100,7600
162.564626,20.3565062,3200,7600
162.544369,20.3572265,3300,7600
162.524111,20.3579444,3400,7600
162.50385,20.35866,3500,7600
162.483588,20.3593734,3600,7600
162.463324,20.3600844,3700,7600
162.443057,20.3607932,3800,7600
162.422788,20.3614996,3900,7600
162.40272,20.3621968,3999,7600
163.211732,20.3160086,0,7700
163.191479,20.3168041,100,7700
163.171228,20.3175972,200,7700
163.150978,20.3183879,300,7700
163.130729,20.3191762,400,7700
163.110482,20.3199621,500,7700
163.090236,20.3207456,600,7700
163.069991,20.3215267,700,7700
163.049746,20.3223054,800,7700
163.029503,20.3230817,900,7700
163.00926,20.3238556,1000,7700
162.989018,20.3246272,1100,7700
162.968776,20.3253963,1200,7700
162.948535,20.3261632,1300,7700
162.928294,20.3269276,1400,7700
162.908053,20.3276897,1500,7700
162.887813,20.3284494,1600,7700
162.867572,20.3292068,1700,7700
162.847331,20.3299618,1800,7700
162.82709,20.3307145,1900,7700
162.806849,20.3314648,2000,7700
162.786607,20.3322128,2100,7700
162.766365,20.3329585,2200,7700
162.746122,20.3337018,2300,7700
162.725879,20.3344428,2400,7700
162.705635,20.3351814,2500,7700
162.685389,20.3359178,2600,7700
162.665143,20.3366518,2700,7700
162.644896,20.3373835,2800,7700
162.624647,20.338113,2900,7700
162.604397,20.33884,3000,7700
162.584146,20.3395648,3100,7700
162.563893,20.3402873,3200,7700
162.543638,20.3410075,3300,7700
162.523382,20.3417254,3400,7700
162.503123,20.342441,3500,7700
162.482863,20.3431543,3600,7700
162.462601,20.3438654,3700,7700
162.442337,20.3445741,3800,7700
162.42207,20.3452806,3900,7700
162.402004,20.3459777,3999,7700
163.210978,20.2998533,0,7800
163.190727,20.3006489,100,7800
163.170478,20.3014422,200,7800
163.15023,20.302233,300,7800
163.129983,20.3030214,400,7800
163.109738,20.3038074,500,7800
163.089494,20.304591,600,7800
163.069251,20.3053723,700,7800
163.049009,20.3061511,800,7800
163.028768,20.3069276,900,7800
163.008527,20.3077017,1000,7800
162.988287,20.3084734,1100,7800
162.968047,20.3092427,1200,7800
162.947808,20.3100097,1300,7800
162.92757,20.3107743,1400,7800
162.907331,20.3115365,1500,7800
162.887092,20.3122964,1600,7800
162.866854,20.3130539,1700,7800
162.846615,20.3138091,1800,7800
162.826377,20.3145619,1900,7800
162.806138,20.3153124,2000,7800
162.785898,20.3160606,2100,7800
162.765658,20.3168064,2200,7800
162.745417,20.3175499,2300,7800
162.725176,20.3182911,2400,7800
162.704934,20.31903,2500,7800
162.684691,20.3197665,2600,7800
162.664447,20.3205007,2700,7800
162.644201,20.3212326,2800,7800
162.623955,20.3219622,2900,7800
162.603707,20.3226895,3000,7800
162.583458,20.3234145,3100,7800
162.563207,20.3241371,3200,7800
162.542955,20.3248575,3300,7800
162.522701,20.3255756,3400,7800
162.502445,20.3262914,3500,7800
162.482187,20.3270049,3600,7800
162.461927,20.3277162,3700,7800
162.441665,20.3284251,3800,7800
162.4214,20.3291318,3900,7800
162.401336,20.3298291,3999,7800
163.210202,20.2836416,0,7900
163.189954,20.2844372,100,7900
163.169706,20.2852303,200,7900
163.149461,20.2860211,300,7900
163.129216,20.2868094,400,7900
163.108973,20.2875954,500,7900
163.088731,20.2883789,600,7900
163.06849,20.2891601,700,7900
163.04825,20.2899388,800,7900
163.028011,20.2907152,900,7900
163.007773,20.2914892,1000,7900
162.987535,20.2922609,1100,7900
162.967298,20.2930302,1200,7900
162.947061,20.2937971,1300,7900
162.926824,20.2945616,1400,7900
162.906588,20.2953238,1500,7900
162.886351,20.2960836,1600,7900
162.866115,20.2968411,1700,7900
162.845878,20.2975962,1800,7900
162.825642,20.298349,1900,7900
162.805405,20.2990995,2000,7900
162.785168,20.2998476,2100,7900
162.76493,20.3005934,2200,7900
162.744691,20.3013368,2300,7900
162.724452,20.302078,2400,7900
162.704212,20.3028168,2500,7900
162.683971,20.3035533,2600,7900
162.663729,20.3042875,2700,7900
162.643486,20.3050193,2800,7900
162.623242,20.3057489,2900,7900
162.602996,20.3064762,3000,7900
162.582749,20.3072011,3100,7900
162.562501,20.3079238,3200,7900
162.54225,20.3086441,3300,7900
162.521998,20.3093622,3400,7900
162.501745,20.310078,3500,7900
162.481489,20.3107915,3600,7900
162.461231,20.3115027,3700,7900
162.440971,20.3122116,3800,7900
162.420709,20.3129183,3900,7900
162.400647,20.3136156,3999,7900
163.209397,20.2674507,0,8000
163.18915,20.2682462,100,8000
163.168905,20.2690393,200,8000
163.148662,20.2698299,300,8000
163.12842,20.2706182,400,8000
163.108179,20.2714041,500,8000
163.087939,20.2721876,600,8000
163.0677,20.2729687,700,8000
163.047462,20.2737474,800,8000
163.027225,20.2745237,900,8000
163.006989,20.2752977,1000,8000
162.986753,20.2760693,1100,8000
162.966518,20.2768385,1200,8000
162.946283,20.2776053,1300,8000
162.926049,20.2783698,1400,8000
162.905815,20.279132,1500,8000
162.88558,20.2798917,1600,8000
162.865346,20.2806492,1700,8000
162.845112,20.2814043,1800,8000
162.824877,20.282157,1900,8000
162.804643,20.2829075,2000,8000
162.784408,20.2836555,2100,8000
162.764172,20.2844013,2200,8000
162.743936,20.2851447,2300,8000
162.723698,20.2858858,2400,8000
162.703461,20.2866246,2500,8000
162.683222,20.2873611,2600,8000
162.662982,20.2880953,2700,8000
162.642741,20.2888271,2800,8000
162.622499,20.2895567,2900,8000
162.602256,20.2902839,3000,8000
162.582011,20.2910088,3100,8000
162.561764,20.2917315,3200,8000
162.541516,20.2924519,3300,8000
162.521266,20.2931699,3400,8000
162.501015,20.2938857,3500,8000
162.480761,20.2945992,3600,8000
162.460505,20.2953104,3700,8000
162.440248,20.2960193,3800,8000
162.419988,20.296726,3900,8000
162.399928,20.2974234,3999,8000
163.208621,20.2512521,0,8100
163.188377,20.2520476,100,8100
163.168134,20.2528407,200,8100
163.147892,20.2536313,300,8100
163.127652,20.2544196,400,8100
163.107414,20.2552055,500,8100
163.087176,20.255989,600,8100
163.066939,20.25677,700,8100
163.046704,20.2575488,800,8100
163.026469,20.2583251,900,8100
163.006235,20.2590991,1000,8100
162.986001,20.2598706,1100,8100
162.965768,20.2606399,1200,8100
162.945535,20.2614067,1300,8100
162.925303,20.2621712,1400,8100
162.905071,20.2629334,1500,8100
162.884839,20.2636932,1600,8100
162.864607,20.2644507,1700,8100
162.844375,20.2652058,1800,8100
162.824142,20.2659586,1900,8100
162.80391,20.266709,2000,8100
162.783677,20.2674571,2100,8100
162.763443,20.2682029,2200,8100
162.743209,20.2689464,2300,8100
162.722974,20.2696875,2400,8100
162.702739,20.2704263,2500,8100
162.682502,20.2711628,2600,8100
162.662264,20.271897,2700,8100
162.642026,20.2726289,2800,8100
162.621786,20.2733585,2900,8100
162.601544,20.2740858,3000,8100
162.581302,20.2748108,3100,8100
162.561057,20.2755335,3200,8100
162.540812,20.2762539,3300,8100
162.520564,20.276972,3400,8100
162.500314,20.2776879,3500,8100
162.480063,20.2784014,3600,8100
162.45981,20.2791127,3700,8100
162.439554,20.2798217,3800,8100
162.419296,20.2805284,3900,8100
162.399238,20.2812258,3999,8100
163.207841,20.235083,0,8200
163.187599,20.2358786,100,8200
163.167358,20.2366718,200,8200
163.147119,20.2374626,300,8200
163.126881,20.238251,400,8200
163.106645,20.239037,500,8200
163.086409,20.2398206,600,8200
163.066175,20.2406019,700,8200
163.045941,20.2413807,800,8200
163.025708,20.2421572,900,8200
163.005476,20.2429313,1000,8200
162.985245,20.2437031,1100,8200
162.965014,20.2444724,1200,8200
162.944783,20.2452395,1300,8200
162.924553,20.2460041,1400,8200
162.904323,20.2467664,1500,8200
162.884093,20.2475264,1600,8200
162.863864,20.248284,1700,8200
162.843634,20.2490393,1800,8200
162.823404,20.2497923,1900,8200
162.803173,20.2505429,2000,8200
162.782942,20.2512912,2100,8200
162.762711,20.2520371,2200,8200
162.742479,20.2527808,2300,8200
162.722246,20.2535221,2400,8200
162.702013,20.2542611,2500,8200
162.681778,20.2549978,2600,8200
162.661543,20.2557321,2700,8200
162.641306,20.2564642,2800,8200
162.621068,20.257194,2900,8200
162.600829,20.2579215,3000,8200
162.580589,20.2586467,3100,8200
162.560347,20.2593696,3200,8200
162.540103,20.2600902,3300,8200
162.519857,20.2608085,3400,8200
162.49961,20.2615245,3500,8200
162.479361,20.2622383,3600,8200
162.45911,20.2629498,3700,8200
162.438856,20.263659,3800,8200
162.4186,20.2643659,3900,8200
162.398545,20.2650635,3999,8200
163.207,20.2188178,0,8300
163.18676,20.2196128,100,8300
163.166522,20.2204054,200,8300
163.146285,20.2211956,300,8300
163.126049,20.2219835,400,8300
163.105814,20.2227689,500,8300
163.085581,20.223552,600,8300
163.065349,20.2243326,700,8300
163.045117,20.2251109,800,8300
163.024887,20.2258868,900,8300
163.004657,20.2266604,1000,8300
162.984428,20.2274316,1100,8300
162.964199,20.2282004,1200,8300
162.943971,20.2289669,1300,8300
162.923743,20.229731,1400,8300
162.903515,20.2304927,1500,8300
162.883287,20.2312522,1600,8300
162.863059,20.2320092,1700,8300
162.842831,20.232764,1800,8300
162.822603,20.2335164,1900,8300
162.802375,20.2342664,2000,8300
162.782146,20.2350142,2100,8300
162.761917,20.2357596,2200,8300
162.741687,20.2365027,2300,8300
162.721457,20.2372435,2400,8300
162.701225,20.237982,2500,8300
162.680993,20.2387181,2600,8300
162.66076,20.239452,2700,8300
162.640525,20.2401835,2800,8300
162.62029,20.2409128,2900,8300
162.600053,20.2416398,3000,8300
162.579814,20.2423644,3100,8300
162.559574,20.2430868,3200,8300
162.539333,20.2438069,3300,8300
162.519089,20.2445247,3400,8300
162.498844,20.2452402,3500,8300
162.478597,20.2459535,3600,8300
162.458348,20.2466644,3700,8300
162.438096,20.2473731,3800,8300
162.417843,20.2480796,3900,8300
162.39779,20.2487767,3999,8300
163.20619,20.2025425,0,8400
163.185952,20.2033371,100,8400
163.165716,20.2041292,200,8400
163.145481,20.2049189,300,8400
163.125247,20.2057063,400,8400
163.105015,20.2064913,500,8400
163.084784,20.2072738,600,8400
163.064554,20.208054,700,8400
163.044324,20.2088318,800,8400
163.024096,20.2096073,900,8400
163.003868,20.2103804,1000,8400
162.983641,20.2111511,1100,8400
162.963415,20.2119194,1200,8400
162.943188,20.2126854,1300,8400
162.922963,20.2134491,1400,8400
162.902737,20.2142104,1500,8400
162.882511,20.2149694,1600,8400
162.862286,20.215726,1700,8400
162.84206,20.2164803,1800,8400
162.821834,20.2172322,1900,8400
162.801608,20.2179818,2000,8400
162.781381,20.2187291,2100,8400
162.761154,20.2194741,2200,8400
162.740927,20.2202168,2300,8400
162.720698,20.2209571,2400,8400
162.700469,20.2216951,2500,8400
162.680239,20.2224309,2600,8400
162.660008,20.2231643,2700,8400
162.639775,20.2238954,2800,8400
162.619542,20.2246242,2900,8400
162.599307,20.2253507,3000,8400
162.579071,20.226075,3100,8400
162.558833,20.2267969,3200,8400
162.538593,20.2275166,3300,8400
162.518352,20.228234,3400,8400
162.498109,20.2289491,3500,8400
162.477864,20.2296619,3600,8400
162.457617,20.2303725,3700,8400
162.437368,20.2310807,3800,8400
162.417116,20.2317868,3900,8400
162.397065,20.2324835,3999,8400
163.205407,20.1863881,0,8500
163.185171,20.1871828,100,8500
163.164937,20.1879751,200,8500
163.144705,20.188765,300,8500
163.124473,20.1895526,400,8500
163.104243,20.1903377,500,8500
163.084014,20.1911205,600,8500
163.063786,20.1919009,700,8500
163.043559,20.1926789,800,8500
163.023333,20.1934545,900,8500
163.003107,20.1942278,1000,8500
162.982882,20.1949987,1100,8500
162.962658,20.1957672,1200,8500
162.942434,20.1965334,1300,8500
162.92221,20.1972973,1400,8500
162.901986,20.1980588,1500,8500
162.881763,20.198818,1600,8500
162.86154,20.1995748,1700,8500
162.841316,20.2003293,1800,8500
162.821092,20.2010815,1900,8500
162.800868,20.2018313,2000,8500
162.780644,20.2025788,2100,8500
162.760419,20.203324,2200,8500
162.740193,20.2040669,2300,8500
162.719967,20.2048075,2400,8500
162.69974,20.2055457,2500,8500
162.679512,20.2062817,2600,8500
162.659283,20.2070153,2700,8500
162.639053,20.2077467,2800,8500
162.618821,20.2084757,2900,8500
162.598589,20.2092025,3000,8500
162.578355,20.209927,3100,8500
162.558119,20.2106492,3200,8500
162.537882,20.2113691,3300,8500
162.517643,20.2120867,3400,8500
162.497402,20.212802,3500,8500
162.477159,20.2135151,3600,8500
162.456914,20.2142259,3700,8500
162.436667,20.2149345,3800,8500
162.416418,20.2156407,3900,8500
162.396369,20.2163377,3999,8500
163.204589,20.1701354,0,8600
163.184356,20.1709297,100,8600
163.164124,20.1717216,200,8600
163.143893,20.1725111,300,8600
163.123664,20.1732982,400,8600
163.103436,20.1740829,500,8600
163.083209,20.1748653,600,8600
163.062983,20.1756453,700,8600
163.042758,20.1764229,800,8600
163.022534,20.1771981,900,8600
163.002311,20.1779709,1000,8600
162.982088,20.1787415,1100,8600
162.961866,20.1795096,1200,8600
162.941644,20.1802754,1300,8600
162.921422,20.1810389,1400,8600
162.901201,20.1818,1500,8600
162.880979,20.1825587,1600,8600
162.860758,20.1833152,1700,8600
162.840537,20.1840693,1800,8600
162.820315,20.184821,1900,8600
162.800093,20.1855705,2000,8600
162.779871,20.1863176,2100,8600
162.759648,20.1870624,2200,8600
162.739425,20.1878049,2300,8600
162.719201,20.1885451,2400,8600
162.698976,20.189283,2500,8600
162.67875,20.1900186,2600,8600
162.658523,20.1907518,2700,8600
162.638295,20.1914828,2800,8600
162.618066,20.1922115,2900,8600
162.597835,20.1929379,3000,8600
162.577603,20.193662,3100,8600
162.55737,20.1943838,3200,8600
162.537134,20.1951034,3300,8600
162.516898,20.1958206,3400,8600
162.496659,20.1965356,3500,8600
162.476418,20.1972484,3600,8600
162.456175,20.1979588,3700,8600
162.43593,20.198667,3800,8600
162.415683,20.1993729,3900,8600
162.395636,20.2000695,3999,8600
163.203781,20.1539179,0,8700
163.183549,20.1547119,100,8700
163.163319,20.1555036,200,8700
163.143091,20.1562929,300,8700
163.122864,20.1570799,400,8700
163.102638,20.1578644,500,8700
163.082413,20.1586465,600,8700
163.06219,20.1594263,700,8700
163.041967,20.1602037,800,8700
163.021745,20.1609788,900,8700
163.001524,20.1617514,1000,8700
162.981303,20.1625218,1100,8700
162.961083,20.1632897,1200,8700
162.940863,20.1640553,1300,8700
162.920644,20.1648186,1400,8700
162.900424,20.1655796,1500,8700
162.880205,20.1663382,1600,8700
162.859986,20.1670944,1700,8700
162.839767,20.1678483,1800,8700
162.819547,20.1685999,1900,8700
162.799328,20.1693492,2000,8700
162.779108,20.1700962,2100,8700
162.758887,20.1708408,2200,8700
162.738666,20.1715832,2300,8700
162.718444,20.1723232,2400,8700
162.698221,20.1730609,2500,8700
162.677997,20.1737964,2600,8700
162.657772,20.1745295,2700,8700
162.637546,20.1752603,2800,8700
162.617319,20.1759889,2900,8700
162.597091,20.1767151,3000,8700
162.576861,20.1774391,3100,8700
162.55663,20.1781608,3200,8700
162.536397,20.1788802,3300,8700
162.516162,20.1795973,3400,8700
162.495925,20.1803121,3500,8700
162.475687,20.1810247,3600,8700
162.455446,20.181735,3700,8700
162.435203,20.1824431,3800,8700
162.414958,20.1831489,3900,8700
162.394913,20.1838454,3999,8700
163.203046,20.137774,0,8800
163.182817,20.1385684,100,8800
163.162589,20.1393605,200,8800
163.142362,20.1401502,300,8800
163.122137,20.1409374,400,8800
163.101914,20.1417224,500,8800
163.081691,20.1425049,600,8800
163.061469,20.143285,700,8800
163.041249,20.1440628,800,8800
163.021029,20.1448383,900,8800
163.00081,20.1456113,1000,8800
162.980591,20.146382,1100,8800
162.960373,20.1471504,1200,8800
162.940156,20.1479164,1300,8800
162.919938,20.1486801,1400,8800
162.899721,20.1494414,1500,8800
162.879504,20.1502004,1600,8800
162.859287,20.1509571,1700,8800
162.83907,20.1517114,1800,8800
162.818853,20.1524634,1900,8800
162.798635,20.1532131,2000,8800
162.778417,20.1539605,2100,8800
162.758199,20.1547056,2200,8800
162.73798,20.1554483,2300,8800
162.71776,20.1561888,2400,8800
162.697539,20.1569269,2500,8800
162.677318,20.1576628,2600,8800
162.657095,20.1583963,2700,8800
162.636871,20.1591276,2800,8800
162.616647,20.1598565,2900,8800
162.59642,20.1605832,3000,8800
162.576193,20.1613076,3100,8800
162.555963,20.1620297,3200,8800
162.535733,20.1627496,3300,8800
162.5155,20.1634671,3400,8800
162.495266,20.1641824,3500,8800
162.475029,20.1648954,3600,8800
162.454791,20.1656062,3700,8800
162.43455,20.1663147,3800,8800
162.414307,20.167021,3900,8800
162.394265,20.1677179,3999,8800
163.202252,20.1215657,0,8900
163.182025,20.12236,100,8900
163.1618,20.1231519,200,8900
163.141575,20.1239414,300,8900
163.121353,20.1247285,400,8900
163.101131,20.1255132,500,8900
163.08091,20.1262956,600,8900
163.060691,20.1270756,700,8900
163.040472,20.1278533,800,8900
163.020255,20.1286285,900,8900
163.000038,20.1294015,1000,8900
162.979821,20.130172,1100,8900
162.959605,20.1309402,1200,8900
162.93939,20.1317061,1300,8900
162.919175,20.1324696,1400,8900
162.89896,20.1332308,1500,8900
162.878745,20.1339897,1600,8900
162.85853,20.1347462,1700,8900
162.838315,20.1355004,1800,8900
162.8181,20.1362523,1900,8900
162.797885,20.1370019,2000,8900
162.777669,20.1377491,2100,8900
162.757452,20.138494,2200,8900
162.737235,20.1392367,2300,8900
162.717018,20.139977,2400,8900
162.696799,20.140715,2500,8900
162.67658,20.1414507,2600,8900
162.656359,20.1421842,2700,8900
162.636138,20.1429153,2800,8900
162.615915,20.1436442,2900,8900
162.595691,20.1443707,3000,8900
162.575465,20.145095,3100,8900
162.555238,20.145817,3200,8900
162.53501,20.1465368,3300,8900
162.514779,20.1472543,3400,8900
162.494547,20.1479694,3500,8900
162.474313,20.1486824,3600,8900
162.454076,20.149393,3700,8900
162.433838,20.1501015,3800,8900
162.413597,20.1508076,3900,8900
162.393557,20.1515045,3999,8900
163.201437,20.1053292,0,9000
163.181212,20.1061231,100,9000
163.160988,20.1069147,200,9000
163.140766,20.107704,300,9000
163.120546,20.1084908,400,9000
163.100326,20.1092752,500,9000
163.080108,20.1100573,600,9000
163.05989,20.110837,700,9000
163.039674,20.1116144,800,9000
163.019458,20.1123894,900,9000
162.999244,20.113162,1000,9000
162.979029,20.1139323,1100,9000
162.958816,20.1147002,1200,9000
162.938602,20.1154658,1300,9000
162.918389,20.116229,1400,9000
162.898176,20.1169899,1500,9000
162.877964,20.1177485,1600,9000
162.857751,20.1185048,1700,9000
162.837538,20.1192587,1800,9000
162.817325,20.1200103,1900,9000
162.797112,20.1207596,2000,9000
162.776898,20.1215066,2100,9000
162.756684,20.1222513,2200,9000
162.736469,20.1229936,2300,9000
162.716254,20.1237337,2400,9000
162.696037,20.1244715,2500,9000
162.67582,20.125207,2600,9000
162.655602,20.1259401,2700,9000
162.635382,20.126671,2800,9000
162.615161,20.1273996,2900,9000
162.59494,20.1281259,3000,9000
162.574716,20.12885,3100,9000
162.554491,20.1295718,3200,9000
162.534265,20.1302913,3300,9000
162.514036,20.1310085,3400,9000
162.493806,20.1317234,3500,9000
162.473574,20.1324361,3600,9000
162.45334,20.1331466,3700,9000
162.433104,20.1338547,3800,9000
162.412865,20.1345607,3900,9000
162.392827,20.1352573,3999,9000
163.200675,20.089157,0,9100
163.180452,20.0899511,100,9100
163.160231,20.0907429,200,9100
163.140011,20.0915322,300,9100
163.119793,20.0923192,400,9100
163.099575,20.0931037,500,9100
163.079359,20.093886,600,9100
163.059144,20.0946658,700,9100
163.03893,20.0954433,800,9100
163.018716,20.0962184,900,9100
162.998503,20.0969912,1000,9100
162.978291,20.0977616,1100,9100
162.95808,20.0985297,1200,9100
162.937868,20.0992954,1300,9100
162.917658,20.1000589,1400,9100
162.897447,20.1008199,1500,9100
162.877236,20.1015787,1600,9100
162.857026,20.1023351,1700,9100
162.836815,20.1030892,1800,9100
162.816604,20.1038409,1900,9100
162.796393,20.1045904,2000,9100
162.776181,20.1053376,2100,9100
162.755969,20.1060824,2200,9100
162.735757,20.1068249,2300,9100
162.715543,20.1075652,2400,9100
162.695329,20.1083031,2500,9100
162.675114,20.1090388,2600,9100
162.654898,20.1097721,2700,9100
162.634681,20.1105032,2800,9100
162.614462,20.111232,2900,9100
162.594242,20.1119585,3000,9100
162.574021,20.1126827,3100,9100
162.553798,20.1134047,3200,9100
162.533574,20.1141244,3300,9100
162.513348,20.1148418,3400,9100
162.49312,20.115557,3500,9100
162.47289,20.1162698,3600,9100
162.452658,20.1169805,3700,9100
162.432424,20.1176889,3800,9100
162.412187,20.118395,3900,9100
162.392151,20.1190918,3999,9100
163.199851,20.0729123,0,9200
163.17963,20.073706,100,9200
163.159411,20.0744973,200,9200
163.139193,20.0752862,300,9200
163.118977,20.0760728,400,9200
163.098761,20.076857,500,9200
163.078547,20.0776388,600,9200
163.058334,20.0784183,700,9200
163.038122,20.0791954,800,9200
163.017911,20.0799701,900,9200
162.9977,20.0807425,1000,9200
162.97749,20.0815126,1100,9200
162.957281,20.0822803,1200,9200
162.937072,20.0830457,1300,9200
162.916863,20.0838087,1400,9200
162.896654,20.0845694,1500,9200
162.876446,20.0853278,1600,9200
162.856238,20.0860838,1700,9200
162.836029,20.0868375,1800,9200
162.81582,20.0875889,1900,9200
162.795611,20.088338,2000,9200
162.775402,20.0890848,2100,9200
162.755192,20.0898293,2200,9200
162.734981,20.0905715,2300,9200
162.71477,20.0913114,2400,9200
162.694558,20.092049,2500,9200
162.674345,20.0927843,2600,9200
162.654131,20.0935173,2700,9200
162.633916,20.094248,2800,9200
162.613699,20.0949765,2900,9200
162.593482,20.0957026,3000,9200
162.573262,20.0964265,3100,9200
162.553042,20.0971482,3200,9200
162.53282,20.0978675,3300,9200
162.512595,20.0985846,3400,9200
162.49237,20.0992994,3500,9200
162.472142,20.100012,3600,9200
162.451912,20.1007223,3700,9200
162.43168,20.1014303,3800,9200
162.411446,20.1021361,3900,9200
162.391411,20.1028327,3999,9200
163.199037,20.0567041,0,9300
163.178818,20.0574976,100,9300
163.158601,20.0582887,200,9300
163.138385,20.0590774,300,9300
163.118171,20.0598637,400,9300
163.097958,20.0606477,500,9300
163.077746,20.0614292,600,9300
163.057535,20.0622085,700,9300
163.037325,20.0629853,800,9300
163.017116,20.0637599,900,9300
162.996908,20.064532,1000,9300
162.9767,20.0653018,1100,9300
162.956492,20.0660693,1200,9300
162.936285,20.0668345,1300,9300
162.916079,20.0675973,1400,9300
162.895872,20.0683578,1500,9300
162.875666,20.0691159,1600,9300
162.85546,20.0698718,1700,9300
162.835253,20.0706253,1800,9300
162.815047,20.0713765,1900,9300
162.79484,20.0721254,2000,9300
162.774633,20.072872,2100,9300
162.754425,20.0736162,2200,9300
162.734216,20.0743582,2300,9300
162.714007,20.0750979,2400,9300
162.693797,20.0758353,2500,9300
162.673586,20.0765704,2600,9300
162.653374,20.0773032,2700,9300
162.633161,20.0780338,2800,9300
162.612947,20.078762,2900,9300
162.592732,20.079488,3000,9300
162.572515,20.0802117,3100,9300
162.552296,20.0809332,3200,9300
162.532076,20.0816523,3300,9300
162.511854,20.0823692,3400,9300
162.49163,20.0830839,3500,9300
162.471404,20.0837963,3600,9300
162.451177,20.0845064,3700,9300
162.430947,20.0852143,3800,9300
162.410715,20.0859199,3900,9300
162.390682,20.0866163,3999,9300
163.198291,20.0405157,0,9400
163.178075,20.0413093,100,9400
163.15786,20.0421005,200,9400
163.137646,20.0428893,300,9400
163.117434,20.0436758,400,9400
163.097223,20.0444599,500,9400
163.077013,20.0452416,600,9400
163.056804,20.046021,700,9400
163.036597,20.046798,800,9400
163.016389,20.0475726,900,9400
162.996183,20.0483449,1000,9400
162.975977,20.0491149,1100,9400
162.955772,20.0498825,1200,9400
162.935567,20.0506478,1300,9400
162.915363,20.0514108,1400,9400
162.895159,20.0521714,1500,9400
162.874954,20.0529298,1600,9400
162.85475,20.0536857,1700,9400
162.834546,20.0544394,1800,9400
162.814342,20.0551908,1900,9400
162.794137,20.0559398,2000,9400
162.773932,20.0566866,2100,9400
162.753726,20.057431,2200,9400
162.73352,20.0581732,2300,9400
162.713313,20.0589131,2400,9400
162.693105,20.0596506,2500,9400
162.672896,20.0603859,2600,9400
162.652686,20.0611189,2700,9400
162.632475,20.0618496,2800,9400
162.612263,20.0625781,2900,9400
162.59205,20.0633042,3000,9400
162.571835,20.0640281,3100,9400
162.551619,20.0647497,3200,9400
162.531401,20.0654691,3300,9400
162.511181,20.0661862,3400,9400
162.490959,20.0669011,3500,9400
162.470736,20.0676136,3600,9400
162.45051,20.068324,3700,9400
162.430283,20.0690321,3800,9400
162.410053,20.0697379,3900,9400
162.390023,20.0704345,3999,9400
163.19752,20.0243467,0,9500
163.177306,20.0251403,100,9500
163.157093,20.0259315,200,9500
163.136882,20.0267204,300,9500
163.116672,20.0275069,400,9500
163.096463,20.028291,500,9500
163.076255,20.0290727,600,9500
163.056048,20.0298521,700,9500
163.035842,20.0306292,800,9500
163.015638,20.0314039,900,9500
162.995433,20.0321762,1000,9500
162.97523,20.0329462,1100,9500
162.955027,20.0337139,1200,9500
162.934824,20.0344792,1300,9500
162.914622,20.0352422,1400,9500
162.894419,20.0360029,1500,9500
162.874217,20.0367613,1600,9500
162.854015,20.0375173,1700,9500
162.833813,20.038271,1800,9500
162.813611,20.0390224,1900,9500
162.793408,20.0397716,2000,9500
162.773205,20.0405184,2100,9500
162.753002,20.0412629,2200,9500
162.732797,20.0420051,2300,9500
162.712593,20.042745,2400,9500
162.692387,20.0434826,2500,9500
162.67218,20.044218,2600,9500
162.651973,20.0449511,2700,9500
162.631764,20.0456818,2800,9500
162.611554,20.0464104,2900,9500
162.591343,20.0471366,3000,9500
162.57113,20.0478606,3100,9500
162.550916,20.0485823,3200,9500
162.5307,20.0493017,3300,9500
162.510482,20.0500189,3400,9500
162.490263,20.0507338,3500,9500
162.470042,20.0514465,3600,9500
162.449818,20.0521569,3700,9500
162.429593,20.0528651,3800,9500
162.409365,20.053571,3900,9500
162.389337,20.0542677,3999,9500
163.196685,20.0081086,0,9600
163.176473,20.0089018,100,9600
163.156262,20.0096927,200,9600
163.136053,20.0104812,300,9600
163.115845,20.0112674,400,9600
163.095638,20.0120512,500,9600
163.075432,20.0128326,600,9600
163.055228,20.0136117,700,9600
163.035024,20.0143884,800,9600
163.014821,20.0151627,900,9600
162.994619,20.0159348,1000,9600
162.974418,20.0167045,1100,9600
162.954217,20.0174718,1200,9600
162.934016,20.0182368,1300,9600
162.913816,20.0189995,1400,9600
162.893616,20.0197599,1500,9600
162.873416,20.0205179,1600,9600
162.853216,20.0212737,1700,9600
162.833016,20.0220271,1800,9600
162.812816,20.0227782,1900,9600
162.792615,20.023527,2000,9600
162.772415,20.0242735,2100,9600
162.752213,20.0250177,2200,9600
162.732011,20.0257597,2300,9600
162.711808,20.0264993,2400,9600
162.691605,20.0272366,2500,9600
162.6714,20.0279717,2600,9600
162.651195,20.0287045,2700,9600
162.630988,20.029435,2800,9600
162.61078,20.0301632,2900,9600
162.590571,20.0308892,3000,9600
162.570361,20.0316129,3100,9600
162.550148,20.0323343,3200,9600
162.529935,20.0330535,3300,9600
162.509719,20.0337704,3400,9600
162.489502,20.034485,3500,9600
162.469283,20.0351974,3600,9600
162.449061,20.0359076,3700,9600
162.428838,20.0366155,3800,9600
162.408612,20.0373212,3900,9600
162.388586,20.0380176,3999,9600
163.195922,19.9919262,0,9700
163.175712,19.9927195,100,9700
163.155503,19.9935105,200,9700
163.135296,19.994299,300,9700
163.11509,19.9950852,400,9700
163.094885,19.9958691,500,9700
163.074682,19.9966506,600,9700
163.054479,19.9974297,700,9700
163.034278,19.9982065,800,9700
163.014077,19.9989809,900,9700
162.993877,19.999753,1000,9700
162.973678,20.0005228,1100,9700
162.953479,20.0012902,1200,9700
162.933281,20.0020553,1300,9700
162.913083,20.0028181,1400,9700
162.892885,20.0035785,1500,9700
162.872687,20.0043366,1600,9700
162.852489,20.0050925,1700,9700
162.832291,20.005846,1800,9700
162.812093,20.0065972,1900,9700
162.791895,20.0073461,2000,9700
162.771696,20.0080927,2100,9700
162.751497,20.008837,2200,9700
162.731297,20.009579,2300,9700
162.711096,20.0103187,2400,9700
162.690895,20.0110562,2500,9700
162.670692,20.0117913,2600,9700
162.650489,20.0125242,2700,9700
162.630284,20.0132548,2800,9700
162.610079,20.0139832,2900,9700
162.589872,20.0147092,3000,9700
162.569663,20.015433,3100,9700
162.549453,20.0161546,3200,9700
162.529242,20.0168739,3300,9700
162.509028,20.0175909,3400,9700
162.488813,20.0183057,3500,9700
162.468596,20.0190182,3600,9700
162.448377,20.0197285,3700,9700
162.428156,20.0204365,3800,9700
162.407932,20.0211423,3900,9700
162.387908,20.0218388,3999,9700
163.195163,19.9757907,0,9800
163.174955,19.9765843,100,9800
163.154748,19.9773756,200,9800
163.134543,19.9781645,300,9800
163.11434,19.9789511,400,9800
163.094137,19.9797353,500,9800
163.073936,19.9805171,600,9800
163.053735,19.9812966,700,9800
163.033536,19.9820737,800,9800
163.013337,19.9828485,900,9800
162.99314,19.9836209,1000,9800
162.972942,19.9843911,1100,9800
162.952746,19.9851588,1200,9800
162.932549,19.9859243,1300,9800
162.912353,19.9866874,1400,9800
162.892158,19.9874483,1500,9800
162.871962,19.9882068,1600,9800
162.851766,19.9889629,1700,9800
162.83157,19.9897168,1800,9800
162.811374,19.9904684,1900,9800
162.791178,19.9912177,2000,9800
162.770982,19.9919647,2100,9800
162.750784,19.9927093,2200,9800
162.730587,19.9934517,2300,9800
162.710388,19.9941918,2400,9800
162.690189,19.9949297,2500,9800
162.669989,19.9956652,2600,9800
162.649787,19.9963985,2700,9800
162.629585,19.9971295,2800,9800
162.609382,19.9978582,2900,9800
162.589177,19.9985847,3000,9800
162.56897,19.9993089,3100,9800
162.548763,20.0000309,3200,9800
162.528553,20.0007505,3300,9800
162.508342,20.001468,3400,9800
162.488129,20.0021832,3500,9800
162.467914,20.0028961,3600,9800
162.447697,20.0036068,3700,9800
162.427478,20.0043153,3800,9800
162.407256,20.0050215,3900,9800
162.387235,20.0057184,3999,9800
163.1943,19.9594573,0,9900
163.174094,19.96025,100,9900
163.15389,19.9610405,200,9900
163.133687,19.9618285,300,9900
163.113485,19.9626142,400,9900
163.093285,19.9633975,500,9900
163.073086,19.9641785,600,9900
163.052887,19.9649571,700,9900
163.03269,19.9657334,800,9900
163.012494,19.9665073,900,9900
162.992298,19.9672789,1000,9900
162.972103,19.9680481,1100,9900
162.951908,19.9688151,1200,9900
162.931714,19.9695797,1300,9900
162.91152,19.970342,1400,9900
162.891327,19.9711019,1500,9900
162.871133,19.9718596,1600,9900
162.85094,19.9726149,1700,9900
162.830746,19.973368,1800,9900
162.810552,19.9741187,1900,9900
162.790358,19.9748672,2000,9900
162.770163,19.9756133,2100,9900
162.749968,19.9763572,2200,9900
162.729773,19.9770987,2300,9900
162.709576,19.977838,2400,9900
162.689379,19.978575,2500,9900
162.669181,19.9793097,2600,9900
162.648982,19.9800422,2700,9900
162.628782,19.9807724,2800,9900
162.60858,19.9815003,2900,9900
162.588377,19.9822259,3000,9900
162.568173,19.9829493,3100,9900
162.547967,19.9836704,3200,9900
162.52776,19.9843893,3300,9900
162.507551,19.9851059,3400,9900
162.48734,19.9858203,3500,9900
162.467127,19.9865325,3600,9900
162.446912,19.9872423,3700,9900
162.426695,19.98795,3800,9900
162.406476,19.9886554,3900,9900
162.386456,19.9893516,3999,9900
163.193545,19.9433178,0,10000
163.173342,19.9441107,100,10000
163.153139,19.9449013,200,10000
163.132938,19.9456895,300,10000
163.112739,19.9464754,400,10000
163.092541,19.9472589,500,10000
163.072344,19.94804,600,10000
163.052148,19.9488188,700,10000
163.031952,19.9495953,800,10000
163.011758,19.9503694,900,10000
162.991564,19.9511412,1000,10000
162.971371,19.9519107,1100,10000
162.951179,19.9526778,1200,10000
162.930987,19.9534426,1300,10000
162.910795,19.9542051,1400,10000
162.890604,19.9549652,1500,10000
162.870412,19.9557231,1600,10000
162.850221,19.9564787,1700,10000
162.830029,19.9572319,1800,10000
162.809838,19.9579828,1900,10000
162.789646,19.9587315,2000,10000
162.769453,19.9594779,2100,10000
162.74926,19.9602219,2200,10000
162.729067,19.9609637,2300,10000
162.708872,19.9617032,2400,10000
162.688677,19.9624404,2500,10000
162.668481,19.9631754,2600,10000
162.648284,19.9639081,2700,10000
162.628086,19.9646385,2800,10000
162.607887,19.9653666,2900,10000
162.587686,19.9660925,3000,10000
162.567484,19.9668161,3100,10000
162.547281,19.9675375,3200,10000
162.527075,19.9682566,3300,10000
162.506868,19.9689735,3400,10000
162.48666,19.9696881,3500,10000
162.466449,19.9704005,3600,10000
162.446236,19.9711106,3700,10000
162.426021,19.9718185,3800,10000
162.405804,19.9725241,3900,10000
162.385787,19.9732206,3999,10000
163.192772,19.9271,0,10100
163.17257,19.9278928,100,10100
163.15237,19.9286834,200,10100
163.132171,19.9294715,300,10100
163.111974,19.9302573,400,10100
163.091778,19.9310408,500,10100
163.071583,19.9318219,600,10100
163.051389,19.9326006,700,10100
163.031196,19.933377,800,10100
163.011003,19.9341511,900,10100
162.990812,19.9349228,1000,10100
162.970621,19.9356922,1100,10100
162.950431,19.9364593,1200,10100
162.930241,19.9372241,1300,10100
162.910051,19.9379865,1400,10100
162.889862,19.9387467,1500,10100
162.869672,19.9395045,1600,10100
162.849483,19.94026,1700,10100
162.829294,19.9410132,1800,10100
162.809104,19.9417641,1900,10100
162.788914,19.9425128,2000,10100
162.768724,19.9432591,2100,10100
162.748533,19.9440031,2200,10100
162.728341,19.9447449,2300,10100
162.708149,19.9454844,2400,10100
162.687956,19.9462216,2500,10100
162.667763,19.9469565,2600,10100
162.647568,19.9476892,2700,10100
162.627372,19.9484196,2800,10100
162.607175,19.9491477,2900,10100
162.586976,19.9498736,3000,10100
162.566776,19.9505972,3100,10100
162.546575,19.9513186,3200,10100
162.526372,19.9520377,3300,10100
162.506167,19.9527545,3400,10100
162.48596,19.9534692,3500,10100
162.465751,19.9541815,3600,10100
162.445541,19.9548917,3700,10100
162.425328,19.9555996,3800,10100
162.405113,19.9563053,3900,10100
162.385098,19.9570017,3999,10100
163.191939,19.9108459,0,10200
163.171739,19.9116383,100,10200
163.151541,19.9124282,200,10200
163.131345,19.9132158,300,10200
163.111149,19.9140011,400,10200
163.090955,19.914784,500,10200
163.070763,19.9155645,600,10200
163.050571,19.9163427,700,10200
163.03038,19.9171186,800,10200
163.01019,19.9178921,900,10200
162.99,19.9186633,1000,10200
162.969812,19.9194322,1100,10200
162.949623,19.9201987,1200,10200
162.929436,19.9209629,1300,10200
162.909248,19.9217249,1400,10200
162.889061,19.9224845,1500,10200
162.868873,19.9232417,1600,10200
162.848686,19.9239967,1700,10200
162.828499,19.9247494,1800,10200
162.808311,19.9254998,1900,10200
162.788124,19.9262479,2000,10200
162.767935,19.9269937,2100,10200
162.747747,19.9277373,2200,10200
162.727557,19.9284785,2300,10200
162.707367,19.9292175,2400,10200
162.687177,19.9299542,2500,10200
162.666985,19.9306886,2600,10200
162.646792,19.9314208,2700,10200
162.626598,19.9321506,2800,10200
162.606403,19.9328783,2900,10200
162.586207,19.9336036,3000,10200
162.566009,19.9343268,3100,10200
162.545809,19.9350476,3200,10200
162.525608,19.9357662,3300,10200
162.505406,19.9364826,3400,10200
162.485201,19.9371967,3500,10200
162.464995,19.9379086,3600,10200
162.444786,19.9386183,3700,10200
162.424575,19.9393257,3800,10200
162.404362,19.9400309,3900,10200
162.384349,19.9407268,3999,10200
163.191167,19.8946895,0,10300
163.170969,19.8954821,100,10300
163.150774,19.8962722,200,10300
163.130579,19.8970601,300,10300
163.110386,19.8978455,400,10300
163.090194,19.8986286,500,10300
163.070003,19.8994094,600,10300
163.049814,19.9001878,700,10300
163.029625,19.9009639,800,10300
163.009437,19.9017377,900,10300
162.98925,19.9025091,1000,10300
162.969063,19.9032782,1100,10300
162.948877,19.904045,1200,10300
162.928691,19.9048095,1300,10300
162.908506,19.9055716,1400,10300
162.88832,19.9063315,1500,10300
162.868135,19.907089,1600,10300
162.84795,19.9078442,1700,10300
162.827765,19.9085972,1800,10300
162.80758,19.9093478,1900,10300
162.787394,19.9100962,2000,10300
162.767208,19.9108422,2100,10300
162.747021,19.911586,2200,10300
162.726834,19.9123275,2300,10300
162.706646,19.9130668,2400,10300
162.686458,19.9138037,2500,10300
162.666268,19.9145384,2600,10300
162.646077,19.9152708,2700,10300
162.625886,19.916001,2800,10300
162.605693,19.9167289,2900,10300
162.585498,19.9174546,3000,10300
162.565303,19.918178,3100,10300
162.545105,19.9188991,3200,10300
162.524906,19.919618,3300,10300
162.504706,19.9203347,3400,10300
162.484503,19.9210491,3500,10300
162.464299,19.9217612,3600,10300
162.444093,19.9224712,3700,10300
162.423884,19.9231789,3800,10300
162.403673,19.9238844,3900,10300
162.383662,19.9245806,3999,10300
163.190374,19.8784768,0,10400
163.170178,19.8792693,100,10400
163.149984,19.8800593,200,10400
163.129792,19.880847,300,10400
163.109601,19.8816323,400,10400
163.089411,19.8824153,500,10400
163.069223,19.883196,600,10400
163.049035,19.8839743,700,10400
163.028848,19.8847503,800,10400
163.008662,19.8855239,900,10400
162.988477,19.8862952,1000,10400
162.968293,19.8870642,1100,10400
162.948109,19.8878309,1200,10400
162.927925,19.8885952,1300,10400
162.907742,19.8893573,1400,10400
162.887559,19.890117,1500,10400
162.867376,19.8908744,1600,10400
162.847193,19.8916296,1700,10400
162.82701,19.8923824,1800,10400
162.806827,19.893133,1900,10400
162.786643,19.8938812,2000,10400
162.766459,19.8946272,2100,10400
162.746275,19.8953709,2200,10400
162.726089,19.8961123,2300,10400
162.705904,19.8968515,2400,10400
162.685717,19.8975883,2500,10400
162.66553,19.898323,2600,10400
162.645341,19.8990553,2700,10400
162.625151,19.8997854,2800,10400
162.604961,19.9005132,2900,10400
162.584768,19.9012388,3000,10400
162.564575,19.9019621,3100,10400
162.54438,19.9026832,3200,10400
162.524183,19.903402,3300,10400
162.503984,19.9041186,3400,10400
162.483784,19.9048329,3500,10400
162.463582,19.9055451,3600,10400
162.443377,19.9062549,3700,10400
162.423171,19.9069626,3800,10400
162.402962,19.907668,3900,10400
162.382953,19.9083642,3999,10400
163.189583,19.8622739,0,10500
163.16939,19.8630661,100,10500
163.149198,19.8638561,200,10500
163.129008,19.8646436,300,10500
163.108819,19.8654288,400,10500
163.088632,19.8662117,500,10500
163.068445,19.8669922,600,10500
163.04826,19.8677704,700,10500
163.028075,19.8685463,800,10500
163.007891,19.8693198,900,10500
162.987708,19.870091,1000,10500
162.967526,19.8708599,1100,10500
162.947344,19.8716264,1200,10500
162.927162,19.8723907,1300,10500
162.906981,19.8731526,1400,10500
162.8868,19.8739123,1500,10500
162.866619,19.8746696,1600,10500
162.846438,19.8754246,1700,10500
162.826257,19.8761774,1800,10500
162.806076,19.8769278,1900,10500
162.785895,19.877676,2000,10500
162.765713,19.8784219,2100,10500
162.745531,19.8791655,2200,10500
162.725348,19.8799068,2300,10500
162.705164,19.8806459,2400,10500
162.684979,19.8813827,2500,10500
162.664794,19.8821172,2600,10500
162.644608,19.8828494,2700,10500
162.62442,19.8835795,2800,10500
162.604231,19.8843072,2900,10500
162.584041,19.8850327,3000,10500
162.56385,19.885756,3100,10500
162.543657,19.886477,3200,10500
162.523462,19.8871957,3300,10500
162.503266,19.8879122,3400,10500
162.483068,19.8886265,3500,10500
162.462867,19.8893386,3600,10500
162.442665,19.8900484,3700,10500
162.422461,19.890756,3800,10500
162.402254,19.8914614,3900,10500
162.382248,19.8921575,3999,10500
163.188809,19.8460584,0,10600
163.168618,19.8468505,100,10600
163.148429,19.8476404,200,10600
163.12824,19.8484278,300,10600
163.108054,19.8492129,400,10600
163.087868,19.8499957,500,10600
163.067684,19.8507761,600,10600
163.0475,19.8515542,700,10600
163.027318,19.85233,800,10600
163.007136,19.8531034,900,10600
162.986955,19.8538745,1000,10600
162.966775,19.8546433,1100,10600
162.946595,19.8554098,1200,10600
162.926416,19.856174,1300,10600
162.906236,19.8569358,1400,10600
162.886058,19.8576954,1500,10600
162.865879,19.8584526,1600,10600
162.8457,19.8592076,1700,10600
162.825521,19.8599603,1800,10600
162.805342,19.8607106,1900,10600
162.785163,19.8614587,2000,10600
162.764983,19.8622046,2100,10600
162.744803,19.8629481,2200,10600
162.724622,19.8636894,2300,10600
162.70444,19.8644284,2400,10600
162.684258,19.8651651,2500,10600
162.664075,19.8658996,2600,10600
162.64389,19.8666318,2700,10600
162.623705,19.8673617,2800,10600
162.603518,19.8680894,2900,10600
162.58333,19.8688149,3000,10600
162.563141,19.8695381,3100,10600
162.54295,19.870259,3200,10600
162.522758,19.8709778,3300,10600
162.502563,19.8716942,3400,10600
162.482367,19.8724085,3500,10600
162.462169,19.8731205,3600,10600
162.441969,19.8738303,3700,10600
162.421767,19.8745378,3800,10600
162.401563,19.8752432,3900,10600
162.381558,19.8759393,3999,10600
163.188042,19.8298957,0,10700
163.167853,19.830688,100,10700
163.147666,19.8314779,200,10700
163.12748,19.8322654,300,10700
163.107295,19.8330506,400,10700
163.087112,19.8338335,500,10700
163.066929,19.834614,600,10700
163.046748,19.8353922,700,10700
163.026567,19.8361681,800,10700
163.006388,19.8369416,900,10700
162.986209,19.8377128,1000,10700
162.966031,19.8384817,1100,10700
162.945853,19.8392483,1200,10700
162.925676,19.8400126,1300,10700
162.905499,19.8407746,1400,10700
162.885322,19.8415342,1500,10700
162.865145,19.8422916,1600,10700
162.844969,19.8430467,1700,10700
162.824792,19.8437995,1800,10700
162.804615,19.84455,1900,10700
162.784438,19.8452982,2000,10700
162.76426,19.8460442,2100,10700
162.744082,19.8467879,2200,10700
162.723903,19.8475293,2300,10700
162.703724,19.8482684,2400,10700
162.683544,19.8490053,2500,10700
162.663362,19.8497399,2600,10700
162.64318,19.8504722,2700,10700
162.622997,19.8512023,2800,10700
162.602813,19.8519302,2900,10700
162.582627,19.8526558,3000,10700
162.562439,19.8533791,3100,10700
162.542251,19.8541002,3200,10700
162.52206,19.8548191,3300,10700
162.501868,19.8555357,3400,10700
162.481674,19.8562501,3500,10700
162.461478,19.8569623,3600,10700
162.44128,19.8576723,3700,10700
162.42108,19.85838,3800,10700
162.400878,19.8590855,3900,10700
162.380875,19.8597818,3999,10700
163.187226,19.8136403,0,10800
163.167039,19.8144322,100,10800
163.146854,19.8152218,200,10800
163.12667,19.816009,300,10800
163.106487,19.8167939,400,10800
163.086306,19.8175764,500,10800
163.066126,19.8183566,600,10800
163.045946,19.8191345,700,10800
163.025768,19.81991,800,10800
163.005591,19.8206832,900,10800
162.985414,19.8214541,1000,10800
162.965238,19.8222227,1100,10800
162.945062,19.822989,1200,10800
162.924887,19.8237529,1300,10800
162.904712,19.8245146,1400,10800
162.884538,19.825274,1500,10800
162.864363,19.826031,1600,10800
162.844188,19.8267858,1700,10800
162.824014,19.8275383,1800,10800
162.803839,19.8282885,1900,10800
162.783664,19.8290364,2000,10800
162.763488,19.8297821,2100,10800
162.743312,19.8305254,2200,10800
162.723136,19.8312666,2300,10800
162.702958,19.8320054,2400,10800
162.68278,19.832742,2500,10800
162.662601,19.8334763,2600,10800
162.642421,19.8342084,2700,10800
162.62224,19.8349382,2800,10800
162.602057,19.8356657,2900,10800
162.581874,19.8363911,3000,10800
162.561689,19.8371141,3100,10800
162.541502,19.837835,3200,10800
162.521314,19.8385536,3300,10800
162.501124,19.8392699,3400,10800
162.480932,19.8399841,3500,10800
162.460738,19.840696,3600,10800
162.440542,19.8414057,3700,10800
162.420344,19.8421131,3800,10800
162.400144,19.8428184,3900,10800
162.380143,19.8435144,3999,10800
163.186403,19.7974057,0,10900
163.166218,19.7981973,100,10900
163.146035,19.7989865,200,10900
163.125853,19.7997733,300,10900
163.105672,19.8005579,400,10900
163.085493,19.80134,500,10900
163.065315,19.8021199,600,10900
163.045138,19.8028974,700,10900
163.024962,19.8036726,800,10900
163.004786,19.8044455,900,10900
162.984612,19.805216,1000,10900
162.964438,19.8059842,1100,10900
162.944264,19.8067502,1200,10900
162.924091,19.8075138,1300,10900
162.903918,19.8082751,1400,10900
162.883746,19.8090341,1500,10900
162.863573,19.8097909,1600,10900
162.843401,19.8105453,1700,10900
162.823228,19.8112975,1800,10900
162.803056,19.8120474,1900,10900
162.782883,19.812795,2000,10900
162.762709,19.8135403,2100,10900
162.742535,19.8142833,2200,10900
162.722361,19.8150241,2300,10900
162.702185,19.8157626,2400,10900
162.682009,19.8164989,2500,10900
162.661832,19.8172329,2600,10900
162.641654,19.8179647,2700,10900
162.621475,19.8186942,2800,10900
162.601295,19.8194214,2900,10900
162.581113,19.8201464,3000,10900
162.56093,19.8208692,3100,10900
162.540746,19.8215897,3200,10900
162.520559,19.822308,3300,10900
162.500371,19.8230241,3400,10900
162.480182,19.8237379,3500,10900
162.45999,19.8244495,3600,10900
162.439796,19.8251589,3700,10900
162.4196,19.8258661,3800,10900
162.399402,19.8265711,3900,10900
162.379404,19.8272668,3999,10900
163.185673,19.78126,0,11000
163.165491,19.782052,100,11000
163.145309,19.7828416,200,11000
163.12513,19.7836288,300,11000
163.104951,19.7844137,400,11000
163.084774,19.7851963,500,11000
163.064598,19.7859766,600,11000
163.044423,19.7867545,700,11000
163.024249,19.7875301,800,11000
163.004076,19.7883034,900,11000
162.983903,19.7890744,1000,11000
162.963731,19.789843,1100,11000
162.94356,19.7906094,1200,11000
162.923389,19.7913734,1300,11000
162.903218,19.7921352,1400,11000
162.883048,19.7928946,1500,11000
162.862877,19.7936518,1600,11000
162.842707,19.7944067,1700,11000
162.822537,19.7951593,1800,11000
162.802366,19.7959096,1900,11000
162.782195,19.7966576,2000,11000
162.762024,19.7974034,2100,11000
162.741852,19.7981469,2200,11000
162.721679,19.7988881,2300,11000
162.701506,19.7996271,2400,11000
162.681332,19.8003638,2500,11000
162.661158,19.8010982,2600,11000
162.640982,19.8018305,2700,11000
162.620805,19.8025604,2800,11000
162.600627,19.8032881,2900,11000
162.580447,19.8040136,3000,11000
162.560266,19.8047368,3100,11000
162.540084,19.8054578,3200,11000
162.5199,19.8061766,3300,11000
162.499714,19.8068931,3400,11000
162.479526,19.8076074,3500,11000
162.459337,19.8083195,3600,11000
162.439145,19.8090294,3700,11000
162.418951,19.809737,3800,11000
162.398755,19.8104425,3900,11000
162.378759,19.8111386,3999,11000
163.184858,19.7650156,0,11100
163.164677,19.765807,100,11100
163.144498,19.7665961,200,11100
163.12432,19.7673828,300,11100
163.104144,19.7681672,400,11100
163.083969,19.7689493,500,11100
163.063795,19.769729,600,11100
163.043622,19.7705064,700,11100
163.02345,19.7712815,800,11100
163.003279,19.7720543,900,11100
162.983109,19.7728247,1000,11100
162.962939,19.7735929,1100,11100
162.942769,19.7743587,1200,11100
162.922601,19.7751223,1300,11100
162.902432,19.7758835,1400,11100
162.882264,19.7766425,1500,11100
162.862095,19.7773991,1600,11100
162.841927,19.7781535,1700,11100
162.821759,19.7789056,1800,11100
162.80159,19.7796554,1900,11100
162.781421,19.780403,2000,11100
162.761252,19.7811482,2100,11100
162.741082,19.7818913,2200,11100
162.720912,19.782632,2300,11100
162.700741,19.7833705,2400,11100
162.680569,19.7841067,2500,11100
162.660396,19.7848407,2600,11100
162.640223,19.7855724,2700,11100
162.620048,19.7863019,2800,11100
162.599872,19.7870291,2900,11100
162.579694,19.7877541,3000,11100
162.559515,19.7884769,3100,11100
162.539335,19.7891974,3200,11100
162.519153,19.7899157,3300,11100
162.498969,19.7906318,3400,11100
162.478784,19.7913456,3500,11100
162.458596,19.7920573,3600,11100
162.438407,19.7927667,3700,11100
162.418215,19.7934739,3800,11100
162.398021,19.7941788,3900,11100
162.378027,19.7948746,3999,11100
163.184079,19.7488283,0,11200
163.163901,19.7496198,100,11200
163.143724,19.750409,200,11200
163.123548,19.7511958,300,11200
163.103374,19.7519803,400,11200
163.083201,19.7527624,500,11200
163.063029,19.7535423,600,11200
163.042859,19.7543198,700,11200
163.022689,19.7550949,800,11200
163.00252,19.7558678,900,11200
162.982351,19.7566384,1000,11200
162.962183,19.7574066,1100,11200
162.942016,19.7581726,1200,11200
162.921849,19.7589362,1300,11200
162.901683,19.7596976,1400,11200
162.881517,19.7604566,1500,11200
162.861351,19.7612134,1600,11200
162.841184,19.7619679,1700,11200
162.821018,19.7627201,1800,11200
162.800852,19.76347,1900,11200
162.780685,19.7642177,2000,11200
162.760518,19.7649631,2100,11200
162.74035,19.7657062,2200,11200
162.720182,19.7664471,2300,11200
162.700013,19.7671857,2400,11200
162.679843,19.7679221,2500,11200
162.659673,19.7686562,2600,11200
162.639501,19.769388,2700,11200
162.619328,19.7701177,2800,11200
162.599154,19.770845,2900,11200
162.578979,19.7715702,3000,11200
162.558802,19.7722931,3100,11200
162.538624,19.7730138,3200,11200
162.518444,19.7737322,3300,11200
162.498263,19.7744484,3400,11200
162.478079,19.7751624,3500,11200
162.457894,19.7758742,3600,11200
162.437706,19.7765837,3700,11200
162.417517,19.7772911,3800,11200
162.397325,19.7779962,3900,11200
162.377333,19.7786921,3999,11200
163.183281,19.7326089,0,11300
163.163105,19.7334003,100,11300
163.14293,19.7341892,200,11300
163.122756,19.7349759,300,11300
163.102584,19.7357602,400,11300
163.082413,19.7365422,500,11300
163.062243,19.7373218,600,11300
163.042075,19.7380992,700,11300
163.021907,19.7388742,800,11300
163.00174,19.7396469,900,11300
162.981574,19.7404173,1000,11300
162.961408,19.7411854,1100,11300
162.941243,19.7419512,1200,11300
162.921078,19.7427146,1300,11300
162.900914,19.7434758,1400,11300
162.88075,19.7442348,1500,11300
162.860586,19.7449914,1600,11300
162.840422,19.7457457,1700,11300
162.820257,19.7464978,1800,11300
162.800093,19.7472476,1900,11300
162.779929,19.7479951,2000,11300
162.759763,19.7487404,2100,11300
162.739598,19.7494834,2200,11300
162.719432,19.7502241,2300,11300
162.699265,19.7509626,2400,11300
162.679097,19.7516988,2500,11300
162.658929,19.7524328,2600,11300
162.638759,19.7531645,2700,11300
162.618589,19.753894,2800,11300
162.598417,19.7546212,2900,11300
162.578243,19.7553463,3000,11300
162.558069,19.756069,3100,11300
162.537893,19.7567896,3200,11300
162.517715,19.7575079,3300,11300
162.497535,19.758224,3400,11300
162.477354,19.7589379,3500,11300
162.457171,19.7596496,3600,11300
162.436985,19.760359,3700,11300
162.416798,19.7610663,3800,11300
162.396608,19.7617713,3900,11300
162.376618,19.7624671,3999,11300
163.182493,19.7164333,0,11400
163.162319,19.7172247,100,11400
163.142146,19.7180137,200,11400
163.121975,19.7188004,300,11400
163.101805,19.7195848,400,11400
163.081636,19.7203668,500,11400
163.061468,19.7211466,600,11400
163.041301,19.721924,700,11400
163.021136,19.722699,800,11400
163.000971,19.7234718,900,11400
162.980807,19.7242423,1000,11400
162.960643,19.7250104,1100,11400
162.94048,19.7257763,1200,11400
162.920318,19.7265398,1300,11400
162.900155,19.7273011,1400,11400
162.879993,19.7280601,1500,11400
162.859831,19.7288168,1600,11400
162.839669,19.7295712,1700,11400
162.819507,19.7303234,1800,11400
162.799345,19.7310733,1900,11400
162.779183,19.7318209,2000,11400
162.75902,19.7325662,2100,11400
162.738856,19.7333093,2200,11400
162.718692,19.7340501,2300,11400
162.698527,19.7347887,2400,11400
162.678362,19.735525,2500,11400
162.658195,19.7362591,2600,11400
162.638028,19.7369909,2700,11400
162.617859,19.7377205,2800,11400
162.59769,19.7384479,2900,11400
162.577518,19.739173,3000,11400
162.557346,19.7398959,3100,11400
162.537172,19.7406166,3200,11400
162.516996,19.741335,3300,11400
162.496819,19.7420512,3400,11400
162.476639,19.7427652,3500,11400
162.456458,19.743477,3600,11400
162.436275,19.7441866,3700,11400
162.41609,19.744894,3800,11400
162.395902,19.7455991,3900,11400
162.375914,19.7462951,3999,11400
163.181705,19.7002001,0,11500
163.161533,19.7009912,100,11500
163.141362,19.70178,200,11500
163.121193,19.7025664,300,11500
163.101025,19.7033505,400,11500
163.080859,19.7041323,500,11500
163.060693,19.7049118,600,11500
163.040528,19.7056889,700,11500
163.020365,19.7064637,800,11500
163.000202,19.7072363,900,11500
162.98004,19.7080065,1000,11500
162.959878,19.7087744,1100,11500
162.939718,19.70954,1200,11500
162.919557,19.7103033,1300,11500
162.899397,19.7110644,1400,11500
162.879237,19.7118231,1500,11500
162.859077,19.7125796,1600,11500
162.838917,19.7133338,1700,11500
162.818757,19.7140857,1800,11500
162.798597,19.7148354,1900,11500
162.778437,19.7155828,2000,11500
162.758276,19.7163279,2100,11500
162.738114,19.7170708,2200,11500
162.717952,19.7178114,2300,11500
162.69779,19.7185497,2400,11500
162.677626,19.7192858,2500,11500
162.657462,19.7200197,2600,11500
162.637297,19.7207513,2700,11500
162.61713,19.7214807,2800,11500
162.596962,19.7222079,2900,11500
162.576793,19.7229328,3000,11500
162.556623,19.7236555,3100,11500
162.536451,19.7243759,3200,11500
162.516277,19.7250942,3300,11500
162.496102,19.7258102,3400,11500
162.475925,19.726524,3500,11500
162.455746,19.7272356,3600,11500
162.435565,19.727945,3700,11500
162.415382,19.7286522,3800,11500
162.395196,19.7293571,3900,11500
162.37521,19.7300529,3999,11500
163.180908,19.6839695,0,11600
163.160737,19.6847603,100,11600
163.140569,19.6855488,200,11600
163.120402,19.686335,300,11600
163.100236,19.6871189,400,11600
163.080071,19.6879004,500,11600
163.059908,19.6886796,600,11600
163.039745,19.6894565,700,11600
163.019584,19.6902311,800,11600
162.999423,19.6910034,900,11600
162.979263,19.6917733,1000,11600
162.959104,19.692541,1100,11600
162.938945,19.6933064,1200,11600
162.918787,19.6940695,1300,11600
162.898628,19.6948303,1400,11600
162.878471,19.6955888,1500,11600
162.858313,19.696345,1600,11600
162.838155,19.697099,1700,11600
162.817997,19.6978507,1800,11600
162.797839,19.6986001,1900,11600
162.777681,19.6993473,2000,11600
162.757522,19.7000922,2100,11600
162.737363,19.7008348,2200,11600
162.717203,19.7015752,2300,11600
162.697042,19.7023134,2400,11600
162.676881,19.7030492,2500,11600
162.656719,19.7037829,2600,11600
162.636555,19.7045143,2700,11600
162.616391,19.7052435,2800,11600
162.596225,19.7059704,2900,11600
162.576058,19.7066951,3000,11600
162.55589,19.7074176,3100,11600
162.53572,19.7081379,3200,11600
162.515549,19.7088559,3300,11600
162.495375,19.7095718,3400,11600
162.4752,19.7102854,3500,11600
162.455023,19.7109968,3600,11600
162.434844,19.711706,3700,11600
162.414663,19.712413,3800,11600
162.39448,19.7131177,3900,11600
162.374496,19.7138133,3999,11600
163.180159,19.6678116,0,11700
163.159991,19.6686026,100,11700
163.139825,19.6693913,200,11700
163.11966,19.6701777,300,11700
163.099496,19.6709618,400,11700
163.079333,19.6717435,500,11700
163.059172,19.6725229,600,11700
163.039011,19.6733,700,11700
163.018852,19.6740748,800,11700
162.998693,19.6748473,900,11700
162.978535,19.6756175,1000,11700
162.958378,19.6763854,1100,11700
162.938221,19.677151,1200,11700
162.918065,19.6779143,1300,11700
162.897909,19.6786753,1400,11700
162.877753,19.6794341,1500,11700
162.857598,19.6801906,1600,11700
162.837442,19.6809448,1700,11700
162.817286,19.6816967,1800,11700
162.79713,19.6824463,1900,11700
162.776974,19.6831937,2000,11700
162.756817,19.6839389,2100,11700
162.73666,19.6846818,2200,11700
162.716502,19.6854224,2300,11700
162.696344,19.6861608,2400,11700
162.676185,19.6868969,2500,11700
162.656024,19.6876308,2600,11700
162.635863,19.6883625,2700,11700
162.615701,19.6890919,2800,11700
162.595537,19.6898191,2900,11700
162.575373,19.6905441,3000,11700
162.555206,19.6912669,3100,11700
162.535039,19.6919874,3200,11700
162.514869,19.6927057,3300,11700
162.494698,19.6934218,3400,11700
162.474525,19.6941357,3500,11700
162.45435,19.6948474,3600,11700
162.434173,19.6955568,3700,11700
162.413994,19.6962641,3800,11700
162.393813,19.6969691,3900,11700
162.373831,19.697665,3999,11700
163.179333,19.65154,0,11800
163.159167,19.6523305,100,11800
163.139003,19.6531187,200,11800
163.11884,19.6539046,300,11800
163.098678,19.6546881,400,11800
163.078518,19.6554693,500,11800
163.058358,19.6562482,600,11800
163.0382,19.6570248,700,11800
163.018043,19.6577991,800,11800
162.997886,19.6585711,900,11800
162.97773,19.6593408,1000,11800
162.957575,19.6601082,1100,11800
162.937421,19.6608733,1200,11800
162.917266,19.6616361,1300,11800
162.897112,19.6623966,1400,11800
162.876959,19.6631548,1500,11800
162.856805,19.6639108,1600,11800
162.836651,19.6646645,1700,11800
162.816498,19.6654159,1800,11800
162.796344,19.6661651,1900,11800
162.77619,19.666912,2000,11800
162.756035,19.6676567,2100,11800
162.73588,19.6683991,2200,11800
162.715724,19.6691392,2300,11800
162.695568,19.6698771,2400,11800
162.675411,19.6706128,2500,11800
162.655253,19.6713462,2600,11800
162.635094,19.6720774,2700,11800
162.614933,19.6728063,2800,11800
162.594772,19.6735331,2900,11800
162.574609,19.6742576,3000,11800
162.554445,19.6749799,3100,11800
162.534279,19.6756999,3200,11800
162.514112,19.6764178,3300,11800
162.493943,19.6771334,3400,11800
162.473772,19.6778468,3500,11800
162.453599,19.678558,3600,11800
162.433424,19.679267,3700,11800
162.413247,19.6799738,3800,11800
162.393068,19.6806784,3900,11800
162.373088,19.6813738,3999,11800
163.178567,19.6353819,0,11900
163.158403,19.6361726,100,11900
163.138241,19.6369611,200,11900
163.11808,19.6377472,300,11900
163.09792,19.6385309,400,11900
163.077762,19.6393124,500,11900
163.057605,19.6400915,600,11900
163.037449,19.6408684,700,11900
163.017293,19.6416429,800,11900
162.997139,19.6424151,900,11900
162.976985,19.643185,1000,11900
162.956832,19.6439527,1100,11900
162.936679,19.644718,1200,11900
162.916527,19.6454811,1300,11900
162.896375,19.6462419,1400,11900
162.876224,19.6470004,1500,11900
162.856072,19.6477566,1600,11900
162.835921,19.6485106,1700,11900
162.815769,19.6492623,1800,11900
162.795617,19.6500117,1900,11900
162.775465,19.6507589,2000,11900
162.755313,19.6515038,2100,11900
162.73516,19.6522465,2200,11900
162.715006,19.6529869,2300,11900
162.694852,19.6537251,2400,11900
162.674697,19.6544611,2500,11900
162.654541,19.6551948,2600,11900
162.634384,19.6559262,2700,11900
162.614226,19.6566555,2800,11900
162.594066,19.6573825,2900,11900
162.573906,19.6581073,3000,11900
162.553744,19.6588299,3100,11900
162.53358,19.6595502,3200,11900
162.513415,19.6602684,3300,11900
162.493248,19.6609843,3400,11900
162.473079,19.661698,3500,11900
162.452908,19.6624095,3600,11900
162.432736,19.6631189,3700,11900
162.412561,19.663826,3800,11900
162.392384,19.6645309,3900,11900
162.372406,19.6652266,3999,11900
163.177796,19.6192057,0,12000
163.157634,19.6199965,100,12000
163.137474,19.620785,200,12000
163.117315,19.6215711,300,12000
163.097158,19.622355,400,12000
163.077001,19.6231365,500,12000
163.056846,19.6239157,600,12000
163.036692,19.6246926,700,12000
163.016539,19.6254672,800,12000
162.996386,19.6262395,900,12000
162.976235,19.6270095,1000,12000
162.956084,19.6277772,1100,12000
162.935933,19.6285426,1200,12000
162.915783,19.6293058,1300,12000
162.895633,19.6300666,1400,12000
162.875484,19.6308252,1500,12000
162.855334,19.6315815,1600,12000
162.835185,19.6323356,1700,12000
162.815035,19.6330874,1800,12000
162.794886,19.6338369,1900,12000
162.774736,19.6345842,2000,12000
162.754585,19.6353292,2100,12000
162.734434,19.636072,2200,12000
162.714283,19.6368125,2300,12000
162.694131,19.6375508,2400,12000
162.673978,19.6382868,2500,12000
162.653824,19.6390206,2600,12000
162.633669,19.6397522,2700,12000
162.613513,19.6404816,2800,12000
162.593356,19.6412087,2900,12000
162.573197,19.6419336,3000,12000
162.553037,19.6426563,3100,12000
162.532876,19.6433768,3200,12000
162.512713,19.644095,3300,12000
162.492548,19.6448111,3400,12000
162.472381,19.6455249,3500,12000
162.452213,19.6462366,3600,12000
162.432042,19.646946,3700,12000
162.411869,19.6476532,3800,12000
162.391694,19.6483583,3900,12000
162.371719,19.6490541,3999,12000
163.176981,19.6029481,0,12100
163.156821,19.6037384,100,12100
163.136663,19.6045264,200,12100
163.116506,19.6053121,300,12100
163.096351,19.6060955,400,12100
163.076196,19.6068765,500,12100
163.056043,19.6076553,600,12100
163.035891,19.6084317,700,12100
163.01574,19.6092058,800,12100
162.99559,19.6099776,900,12100
162.97544,19.6107472,1000,12100
162.955291,19.6115144,1100,12100
162.935143,19.6122794,1200,12100
162.914995,19.6130421,1300,12100
162.894847,19.6138025,1400,12100
162.8747,19.6145606,1500,12100
162.854552,19.6153165,1600,12100
162.834405,19.6160701,1700,12100
162.814258,19.6168214,1800,12100
162.79411,19.6175705,1900,12100
162.773962,19.6183173,2000,12100
162.753814,19.6190619,2100,12100
162.733665,19.6198042,2200,12100
162.713516,19.6205443,2300,12100
162.693365,19.6212822,2400,12100
162.673214,19.6220178,2500,12100
162.653063,19.6227512,2600,12100
162.63291,19.6234823,2700,12100
162.612756,19.6242112,2800,12100
162.592601,19.6249379,2900,12100
162.572444,19.6256624,3000,12100
162.552286,19.6263847,3100,12100
162.532127,19.6271047,3200,12100
162.511966,19.6278226,3300,12100
162.491803,19.6285382,3400,12100
162.471638,19.6292516,3500,12100
162.451472,19.6299629,3600,12100
162.431303,19.6306719,3700,12100
162.411133,19.6313787,3800,12100
162.39096,19.6320834,3900,12100
162.370986,19.6327788,3999,12100
163.176235,19.5868138,0,12200
163.156077,19.5876045,100,12200
163.135921,19.5883928,200,12200
163.115767,19.5891789,300,12200
163.095613,19.5899626,400,12200
163.075461,19.590744,500,12200
163.05531,19.5915231,600,12200
163.03516,19.5922999,700,12200
163.015011,19.5930744,800,12200
162.994863,19.5938466,900,12200
162.974715,19.5946165,1000,12200
162.954568,19.5953842,1100,12200
162.934422,19.5961495,1200,12200
162.914276,19.5969126,1300,12200
162.89413,19.5976734,1400,12200
162.873985,19.5984319,1500,12200
162.85384,19.5991882,1600,12200
162.833695,19.5999422,1700,12200
162.813549,19.6006939,1800,12200
162.793404,19.6014434,1900,12200
162.773258,19.6021906,2000,12200
162.753112,19.6029356,2100,12200
162.732965,19.6036783,2200,12200
162.712817,19.6044188,2300,12200
162.692669,19.6051571,2400,12200
162.672521,19.6058931,2500,12200
162.652371,19.6066269,2600,12200
162.63222,19.6073584,2700,12200
162.612068,19.6080878,2800,12200
162.591915,19.6088149,2900,12200
162.571761,19.6095398,3000,12200
162.551605,19.6102625,3100,12200
162.531448,19.610983,3200,12200
162.511289,19.6117012,3300,12200
162.491128,19.6124173,3400,12200
162.470966,19.6131312,3500,12200
162.450801,19.6138428,3600,12200
162.430635,19.6145523,3700,12200
162.410466,19.6152596,3800,12200
162.390296,19.6159646,3900,12200
162.370324,19.6166605,3999,12200
163.175435,19.5705475,0,12300
163.15528,19.5713377,100,12300
163.135126,19.5721256,200,12300
163.114973,19.5729112,300,12300
163.094822,19.5736945,400,12300
163.074672,19.5744755,500,12300
163.054523,19.5752541,600,12300
163.034375,19.5760305,700,12300
163.014228,19.5768045,800,12300
162.994082,19.5775763,900,12300
162.973936,19.5783457,1000,12300
162.953792,19.5791129,1100,12300
162.933647,19.5798778,1200,12300
162.913503,19.5806405,1300,12300
162.89336,19.5814008,1400,12300
162.873217,19.5821589,1500,12300
162.853073,19.5829147,1600,12300
162.83293,19.5836683,1700,12300
162.812787,19.5844196,1800,12300
162.792643,19.5851687,1900,12300
162.7725,19.5859155,2000,12300
162.752355,19.58666,2100,12300
162.732211,19.5874023,2200,12300
162.712066,19.5881424,2300,12300
162.69192,19.5888802,2400,12300
162.671773,19.5896158,2500,12300
162.651625,19.5903492,2600,12300
162.631476,19.5910804,2700,12300
162.611327,19.5918093,2800,12300
162.591176,19.592536,2900,12300
162.571023,19.5932605,3000,12300
162.55087,19.5939828,3100,12300
162.530714,19.5947029,3200,12300
162.510558,19.5954207,3300,12300
162.490399,19.5961364,3400,12300
162.470239,19.5968499,3500,12300
162.450076,19.5975611,3600,12300
162.429912,19.5982702,3700,12300
162.409745,19.5989771,3800,12300
162.389577,19.5996818,3900,12300
162.369607,19.6003773,3999,12300
163.174648,19.5543708,0,12400
163.154494,19.555161,100,12400
163.134342,19.5559488,200,12400
163.114192,19.5567344,300,12400
163.094042,19.5575177,400,12400
163.073894,19.5582986,500,12400
163.053748,19.5590772,600,12400
163.033602,19.5598536,700,12400
163.013457,19.5606276,800,12400
162.993313,19.5613994,900,12400
162.973169,19.5621688,1000,12400
162.953027,19.562936,1100,12400
162.932885,19.5637009,1200,12400
162.912743,19.5644636,1300,12400
162.892601,19.5652239,1400,12400
162.87246,19.565982,1500,12400
162.852319,19.5667378,1600,12400
162.832178,19.5674914,1700,12400
162.812037,19.5682427,1800,12400
162.791895,19.5689918,1900,12400
162.771753,19.5697386,2000,12400
162.751611,19.5704832,2100,12400
162.731469,19.5712255,2200,12400
162.711326,19.5719656,2300,12400
162.691182,19.5727035,2400,12400
162.671037,19.5734391,2500,12400
162.650891,19.5741725,2600,12400
162.630745,19.5749037,2700,12400
162.610597,19.5756327,2800,12400
162.590448,19.5763594,2900,12400
162.570298,19.5770839,3000,12400
162.550146,19.5778063,3100,12400
162.529993,19.5785264,3200,12400
162.509838,19.5792443,3300,12400
162.489682,19.57996,3400,12400
162.469524,19.5806735,3500,12400
162.449363,19.5813848,3600,12400
162.429201,19.5820939,3700,12400
162.409037,19.5828009,3800,12400
162.38887,19.5835056,3900,12400
162.368903,19.5842012,3999,12400
163.173798,19.538093,0,12500
163.153647,19.5388826,100,12500
163.133497,19.53967,200,12500
163.113348,19.540455,300,12500
163.093201,19.5412378,400,12500
163.073055,19.5420182,500,12500
163.05291,19.5427963,600,12500
163.032767,19.5435721,700,12500
163.012624,19.5443456,800,12500
162.992482,19.5451169,900,12500
162.972341,19.5458858,1000,12500
162.9522,19.5466525,1100,12500
162.93206,19.5474169,1200,12500
162.91192,19.548179,1300,12500
162.891781,19.5489389,1400,12500
162.871642,19.5496965,1500,12500
162.851503,19.5504518,1600,12500
162.831364,19.5512049,1700,12500
162.811225,19.5519557,1800,12500
162.791085,19.5527043,1900,12500
162.770946,19.5534506,2000,12500
162.750806,19.5541947,2100,12500
162.730665,19.5549365,2200,12500
162.710524,19.5556761,2300,12500
162.690382,19.5564135,2400,12500
162.670239,19.5571486,2500,12500
162.650096,19.5578816,2600,12500
162.629951,19.5586123,2700,12500
162.609806,19.5593407,2800,12500
162.589659,19.560067,2900,12500
162.569511,19.5607911,3000,12500
162.549361,19.5615129,3100,12500
162.52921,19.5622326,3200,12500
162.509057,19.56295,3300,12500
162.488903,19.5636652,3400,12500
162.468746,19.5643783,3500,12500
162.448588,19.5650891,3600,12500
162.428428,19.5657978,3700,12500
162.408265,19.5665043,3800,12500
162.388101,19.5672086,3900,12500
162.368136,19.5679037,3999,12500
163.173031,19.5218965,0,12600
163.152882,19.5226861,100,12600
163.132734,19.5234734,200,12600
163.112588,19.5242583,300,12600
163.092443,19.525041,400,12600
163.072299,19.5258214,500,12600
163.052156,19.5265994,600,12600
163.032014,19.5273752,700,12600
163.011874,19.5281487,800,12600
162.991734,19.5289199,900,12600
162.971595,19.5296888,1000,12600
162.951456,19.5304554,1100,12600
162.931318,19.5312198,1200,12600
162.91118,19.5319818,1300,12600
162.891043,19.5327417,1400,12600
162.870906,19.5334992,1500,12600
162.850769,19.5342545,1600,12600
162.830632,19.5350075,1700,12600
162.810495,19.5357583,1800,12600
162.790358,19.5365069,1900,12600
162.77022,19.5372532,2000,12600
162.750082,19.5379972,2100,12600
162.729944,19.5387391,2200,12600
162.709805,19.5394786,2300,12600
162.689665,19.540216,2400,12600
162.669524,19.5409511,2500,12600
162.649383,19.541684,2600,12600
162.62924,19.5424147,2700,12600
162.609097,19.5431432,2800,12600
162.588952,19.5438695,2900,12600
162.568806,19.5445935,3000,12600
162.548658,19.5453154,3100,12600
162.528509,19.546035,3200,12600
162.508359,19.5467524,3300,12600
162.488206,19.5474677,3400,12600
162.468052,19.5481807,3500,12600
162.447896,19.5488916,3600,12600
162.427738,19.5496003,3700,12600
162.407578,19.5503067,3800,12600
162.387415,19.551011,3900,12600
162.367452,19.5517062,3999,12600
163.172278,19.5057487,0,12700
163.15213,19.5065386,100,12700
163.131985,19.5073261,200,12700
163.11184,19.5081113,300,12700
163.091697,19.5088943,400,12700
163.071556,19.5096749,500,12700
163.051415,19.5104532,600,12700
163.031275,19.5112292,700,12700
163.011137,19.512003,800,12700
162.990999,19.5127744,900,12700
162.970862,19.5135436,1000,12700
162.950725,19.5143105,1100,12700
162.930589,19.5150751,1200,12700
162.910454,19.5158375,1300,12700
162.890318,19.5165976,1400,12700
162.870183,19.5173554,1500,12700
162.850048,19.518111,1600,12700
162.829913,19.5188643,1700,12700
162.809778,19.5196154,1800,12700
162.789643,19.5203642,1900,12700
162.769508,19.5211108,2000,12700
162.749372,19.5218552,2100,12700
162.729236,19.5225973,2200,12700
162.709099,19.5233372,2300,12700
162.688961,19.5240748,2400,12700
162.668822,19.5248103,2500,12700
162.648683,19.5255435,2600,12700
162.628543,19.5262745,2700,12700
162.608401,19.5270032,2800,12700
162.588259,19.5277298,2900,12700
162.568115,19.5284542,3000,12700
162.547969,19.5291763,3100,12700
162.527822,19.5298963,3200,12700
162.507674,19.530614,3300,12700
162.487523,19.5313296,3400,12700
162.467371,19.532043,3500,12700
162.447217,19.5327542,3600,12700
162.427061,19.5334632,3700,12700
162.406903,19.53417,3800,12700
162.386743,19.5348746,3900,12700
162.366781,19.5355701,3999,12700
163.17149,19.4895148,0,12800
163.151344,19.4903043,100,12800
163.131201,19.4910915,200,12800
163.111058,19.4918764,300,12800
163.090918,19.492659,400,12800
163.070778,19.4934393,500,12800
163.050639,19.4942173,600,12800
163.030502,19.494993,700,12800
163.010365,19.4957664,800,12800
162.990229,19.4965376,900,12800
162.970094,19.4973065,1000,12800
162.94996,19.498073,1100,12800
162.929826,19.4988374,1200,12800
162.909692,19.4995994,1300,12800
162.889559,19.5003592,1400,12800
162.869426,19.5011167,1500,12800
162.849293,19.501872,1600,12800
162.82916,19.502625,1700,12800
162.809028,19.5033758,1800,12800
162.788894,19.5041243,1900,12800
162.768761,19.5048706,2000,12800
162.748627,19.5056147,2100,12800
162.728493,19.5063565,2200,12800
162.708358,19.5070961,2300,12800
162.688222,19.5078335,2400,12800
162.668086,19.5085686,2500,12800
162.647949,19.5093016,2600,12800
162.62781,19.5100323,2700,12800
162.607671,19.5107608,2800,12800
162.58753,19.5114871,2900,12800
162.567388,19.5122112,3000,12800
162.547245,19.512933,3100,12800
162.5271,19.5136527,3200,12800
162.506954,19.5143702,3300,12800
162.486805,19.5150855,3400,12800
162.466655,19.5157986,3500,12800
162.446504,19.5165095,3600,12800
162.42635,19.5172183,3700,12800
162.406193,19.5179248,3800,12800
162.386035,19.5186292,3900,12800
162.366076,19.5193244,3999,12800
163.170714,19.473326,0,12900
163.150571,19.4741155,100,12900
163.130429,19.4749027,200,12900
163.110289,19.4756876,300,12900
163.09015,19.4764702,400,12900
163.070012,19.4772505,500,12900
163.049876,19.4780285,600,12900
163.02974,19.4788042,700,12900
163.009606,19.4795776,800,12900
162.989472,19.4803488,900,12900
162.969339,19.4811176,1000,12900
162.949207,19.4818842,1100,12900
162.929075,19.4826486,1200,12900
162.908943,19.4834106,1300,12900
162.888812,19.4841704,1400,12900
162.868681,19.484928,1500,12900
162.848551,19.4856833,1600,12900
162.82842,19.4864363,1700,12900
162.808289,19.4871871,1800,12900
162.788158,19.4879357,1900,12900
162.768026,19.488682,2000,12900
162.747895,19.4894261,2100,12900
162.727763,19.4901679,2200,12900
162.70763,19.4909076,2300,12900
162.687496,19.491645,2400,12900
162.667362,19.4923802,2500,12900
162.647227,19.4931131,2600,12900
162.62709,19.4938439,2700,12900
162.606953,19.4945724,2800,12900
162.586814,19.4952988,2900,12900
162.566675,19.4960229,3000,12900
162.546533,19.4967448,3100,12900
162.526391,19.4974646,3200,12900
162.506246,19.4981821,3300,12900
162.4861,19.4988975,3400,12900
162.465952,19.4996106,3500,12900
162.445802,19.5003216,3600,12900
162.42565,19.5010304,3700,12900
162.405496,19.501737,3800,12900
162.38534,19.5024415,3900,12900
162.365383,19.5031367,3999,12900
163.169924,19.4571171,0,13000
163.149783,19.4579065,100,13000
163.129643,19.4586936,200,13000
163.109505,19.4594784,300,13000
163.089368,19.4602609,400,13000
163.069233,19.4610411,500,13000
163.049098,19.461819,600,13000
163.028965,19.4625946,700,13000
163.008833,19.463368,800,13000
162.988701,19.464139,900,13000
162.96857,19.4649078,1000,13000
162.94844,19.4656743,1100,13000
162.92831,19.4664385,1200,13000
162.90818,19.4672005,1300,13000
162.888051,19.4679603,1400,13000
162.867923,19.4687177,1500,13000
162.847794,19.4694729,1600,13000
162.827665,19.4702259,1700,13000
162.807536,19.4709766,1800,13000
162.787407,19.4717251,1900,13000
162.767278,19.4724714,2000,13000
162.747148,19.4732154,2100,13000
162.727018,19.4739572,2200,13000
162.706887,19.4746968,2300,13000
162.686756,19.4754341,2400,13000
162.666624,19.4761692,2500,13000
162.646491,19.4769021,2600,13000
162.626356,19.4776328,2700,13000
162.606221,19.4783613,2800,13000
162.586085,19.4790876,2900,13000
162.565947,19.4798117,3000,13000
162.545808,19.4805336,3100,13000
162.525667,19.4812533,3200,13000
162.505525,19.4819708,3300,13000
162.48538,19.4826861,3400,13000
162.465235,19.4833992,3500,13000
162.445087,19.4841102,3600,13000
162.424937,19.4848189,3700,13000
162.404785,19.4855255,3800,13000
162.384631,19.4862299,3900,13000
162.364676,19.4869252,3999,13000
163.169133,19.4409194,0,13100
163.148994,19.4417088,100,13100
163.128857,19.4424958,200,13100
163.10872,19.4432805,300,13100
163.088586,19.444063,400,13100
163.068452,19.4448431,500,13100
163.04832,19.445621,600,13100
163.028188,19.4463965,700,13100
163.008058,19.4471698,800,13100
162.987928,19.4479408,900,13100
162.9678,19.4487096,1000,13100
162.947671,19.449476,1100,13100
162.927544,19.4502402,1200,13100
162.907416,19.4510022,1300,13100
162.887289,19.4517619,1400,13100
162.867163,19.4525193,1500,13100
162.847036,19.4532745,1600,13100
162.826909,19.4540274,1700,13100
162.806782,19.4547781,1800,13100
162.786656,19.4555266,1900,13100
162.766528,19.4562728,2000,13100
162.746401,19.4570168,2100,13100
162.726273,19.4577586,2200,13100
162.706144,19.4584981,2300,13100
162.686015,19.4592355,2400,13100
162.665884,19.4599706,2500,13100
162.645753,19.4607035,2600,13100
162.625621,19.4614342,2700,13100
162.605488,19.4621627,2800,13100
162.585354,19.4628889,2900,13100
162.565218,19.463613,3000,13100
162.545081,19.4643349,3100,13100
162.524942,19.4650546,3200,13100
162.504802,19.4657721,3300,13100
162.48466,19.4664874,3400,13100
162.464516,19.4672006,3500,13100
162.44437,19.4679115,3600,13100
162.424222,19.4686203,3700,13100
162.404072,19.4693269,3800,13100
162.38392,19.4700313,3900,13100
162.363967,19.4707266,3999,13100
163.168359,19.4247255,0,13200
163.148222,19.4255148,100,13200
163.128087,19.4263019,200,13200
163.107953,19.4270866,300,13200
163.08782,19.4278691,400,13200
163.067689,19.4286492,500,13200
163.047558,19.4294271,600,13200
163.027429,19.4302027,700,13200
163.007301,19.430976,800,13200
162.987173,19.431747,900,13200
162.967046,19.4325158,1000,13200
162.94692,19.4332823,1100,13200
162.926794,19.4340465,1200,13200
162.906669,19.4348085,1300,13200
162.886544,19.4355682,1400,13200
162.866419,19.4363257,1500,13200
162.846295,19.4370809,1600,13200
162.82617,19.4378339,1700,13200
162.806046,19.4385847,1800,13200
162.785921,19.4393332,1900,13200
162.765796,19.4400794,2000,13200
162.74567,19.4408235,2100,13200
162.725544,19.4415653,2200,13200
162.705417,19.4423049,2300,13200
162.68529,19.4430423,2400,13200
162.665162,19.4437775,2500,13200
162.645033,19.4445104,2600,13200
162.624903,19.4452412,2700,13200
162.604772,19.4459697,2800,13200
162.584639,19.4466961,2900,13200
162.564506,19.4474202,3000,13200
162.544371,19.4481422,3100,13200
162.524234,19.448862,3200,13200
162.504096,19.4495795,3300,13200
162.483956,19.4502949,3400,13200
162.463814,19.4510082,3500,13200
162.443671,19.4517192,3600,13200
162.423525,19.452428,3700,13200
162.403377,19.4531347,3800,13200
162.383227,19.4538392,3900,13200
162.363276,19.4545346,3999,13200
163.167572,19.40852,0,13300
163.147437,19.4093092,100,13300
163.127303,19.4100961,200,13300
163.107171,19.4108807,300,13300
163.087041,19.411663,400,13300
163.066911,19.412443,500,13300
163.046783,19.4132208,600,13300
163.026656,19.4139962,700,13300
163.00653,19.4147694,800,13300
162.986404,19.4155403,900,13300
162.966279,19.4163089,1000,13300
162.946155,19.4170753,1100,13300
162.926032,19.4178394,1200,13300
162.905908,19.4186012,1300,13300
162.885786,19.4193608,1400,13300
162.865663,19.4201182,1500,13300
162.84554,19.4208733,1600,13300
162.825418,19.4216262,1700,13300
162.805295,19.4223768,1800,13300
162.785172,19.4231252,1900,13300
162.765049,19.4238713,2000,13300
162.744926,19.4246153,2100,13300
162.724802,19.425357,2200,13300
162.704677,19.4260965,2300,13300
162.684552,19.4268338,2400,13300
162.664426,19.4275688,2500,13300
162.644299,19.4283017,2600,13300
162.624171,19.4290324,2700,13300
162.604042,19.4297608,2800,13300
162.583912,19.4304871,2900,13300
162.56378,19.4312111,3000,13300
162.543647,19.431933,3100,13300
162.523513,19.4326527,3200,13300
162.503376,19.4333702,3300,13300
162.483239,19.4340855,3400,13300
162.463099,19.4347986,3500,13300
162.442957,19.4355095,3600,13300
162.422814,19.4362183,3700,13300
162.402668,19.4369249,3800,13300
162.38252,19.4376294,3900,13300
162.362571,19.4383246,3999,13300
163.16679,19.3922865,0,13400
163.146657,19.3930754,100,13400
163.126525,19.3938621,200,13400
163.106395,19.3946464,300,13400
163.086267,19.3954285,400,13400
163.066139,19.3962083,500,13400
163.046013,19.3969858,600,13400
163.025888,19.397761,700,13400
163.005764,19.3985339,800,13400
162.98564,19.3993046,900,13400
162.965518,19.400073,1000,13400
162.945395,19.4008392,1100,13400
162.925274,19.401603,1200,13400
162.905153,19.4023647,1300,13400
162.885032,19.403124,1400,13400
162.864911,19.4038812,1500,13400
162.844791,19.4046361,1600,13400
162.82467,19.4053887,1700,13400
162.80455,19.4061391,1800,13400
162.784429,19.4068873,1900,13400
162.764308,19.4076333,2000,13400
162.744187,19.408377,2100,13400
162.724065,19.4091185,2200,13400
162.703942,19.4098578,2300,13400
162.683819,19.4105949,2400,13400
162.663695,19.4113297,2500,13400
162.64357,19.4120624,2600,13400
162.623444,19.4127929,2700,13400
162.603317,19.4135211,2800,13400
162.583189,19.4142472,2900,13400
162.563059,19.4149711,3000,13400
162.542928,19.4156927,3100,13400
162.522796,19.4164122,3200,13400
162.502662,19.4171295,3300,13400
162.482526,19.4178447,3400,13400
162.462388,19.4185576,3500,13400
162.442249,19.4192684,3600,13400
162.422107,19.419977,3700,13400
162.401964,19.4206834,3800,13400
162.381818,19.4213877,3900,13400
162.361871,19.4220828,3999,13400
163.165978,19.3760859,0,13500
163.145848,19.3768746,100,13500
163.125718,19.3776611,200,13500
163.10559,19.3784453,300,13500
163.085464,19.3792271,400,13500
163.065339,19.3800067,500,13500
163.045214,19.380784,600,13500
163.025091,19.3815591,700,13500
163.004969,19.3823318,800,13500
162.984848,19.3831023,900,13500
162.964727,19.3838706,1000,13500
162.944607,19.3846365,1100,13500
162.924488,19.3854003,1200,13500
162.904368,19.3861617,1300,13500
162.88425,19.3869209,1400,13500
162.864131,19.3876779,1500,13500
162.844013,19.3884326,1600,13500
162.823894,19.3891851,1700,13500
162.803776,19.3899354,1800,13500
162.783657,19.3906834,1900,13500
162.763538,19.3914292,2000,13500
162.743419,19.3921728,2100,13500
162.723299,19.3929142,2200,13500
162.703178,19.3936533,2300,13500
162.683057,19.3943902,2400,13500
162.662935,19.395125,2500,13500
162.642812,19.3958575,2600,13500
162.622689,19.3965878,2700,13500
162.602564,19.3973159,2800,13500
162.582437,19.3980419,2900,13500
162.56231,19.3987656,3000,13500
162.542181,19.3994872,3100,13500
162.522051,19.4002065,3200,13500
162.501919,19.4009237,3300,13500
162.481785,19.4016387,3400,13500
162.461649,19.4023515,3500,13500
162.441512,19.4030622,3600,13500
162.421372,19.4037707,3700,13500
162.401231,19.404477,3800,13500
162.381087,19.4051811,3900,13500
162.361142,19.4058761,3999,13500
163.165216,19.3598942,0,13600
163.145087,19.360683,100,13600
163.12496,19.3614695,200,13600
163.104834,19.3622537,300,13600
163.08471,19.3630357,400,13600
163.064587,19.3638153,500,13600
163.044464,19.3645926,600,13600
163.024343,19.3653677,700,13600
163.004223,19.3661405,800,13600
162.984104,19.3669111,900,13600
162.963985,19.3676794,1000,13600
162.943867,19.3684454,1100,13600
162.92375,19.3692092,1200,13600
162.903633,19.3699707,1300,13600
162.883516,19.3707299,1400,13600
162.8634,19.371487,1500,13600
162.843283,19.3722418,1600,13600
162.823167,19.3729943,1700,13600
162.80305,19.3737446,1800,13600
162.782934,19.3744927,1900,13600
162.762817,19.3752386,2000,13600
162.7427,19.3759823,2100,13600
162.722582,19.3767237,2200,13600
162.702463,19.3774629,2300,13600
162.682344,19.3781999,2400,13600
162.662224,19.3789348,2500,13600
162.642104,19.3796674,2600,13600
162.621982,19.3803978,2700,13600
162.601859,19.381126,2800,13600
162.581735,19.381852,2900,13600
162.561609,19.3825758,3000,13600
162.541482,19.3832975,3100,13600
162.521354,19.3840169,3200,13600
162.501224,19.3847342,3300,13600
162.481092,19.3854493,3400,13600
162.460959,19.3861622,3500,13600
162.440824,19.386873,3600,13600
162.420686,19.3875816,3700,13600
162.400547,19.388288,3800,13600
162.380405,19.3889923,3900,13600
162.360462,19.3896874,3999,13600
163.164447,19.3437049,0,13700
163.14432,19.3444937,100,13700
163.124195,19.3452803,200,13700
163.104071,19.3460645,300,13700
163.083949,19.3468465,400,13700
163.063828,19.3476262,500,13700
163.043708,19.3484036,600,13700
163.023589,19.3491787,700,13700
163.003471,19.3499515,800,13700
162.983353,19.3507221,900,13700
162.963237,19.3514905,1000,13700
162.943121,19.3522565,1100,13700
162.923005,19.3530204,1200,13700
162.90289,19.3537819,1300,13700
162.882776,19.3545413,1400,13700
162.862661,19.3552984,1500,13700
162.842547,19.3560532,1600,13700
162.822433,19.3568058,1700,13700
162.802318,19.3575562,1800,13700
162.782204,19.3583044,1900,13700
162.762089,19.3590503,2000,13700
162.741974,19.3597941,2100,13700
162.721858,19.3605356,2200,13700
162.701742,19.3612749,2300,13700
162.681624,19.362012,2400,13700
162.661507,19.3627469,2500,13700
162.641388,19.3634795,2600,13700
162.621268,19.36421,2700,13700
162.601147,19.3649383,2800,13700
162.581025,19.3656644,2900,13700
162.560902,19.3663884,3000,13700
162.540777,19.3671101,3100,13700
162.520651,19.3678297,3200,13700
162.500523,19.368547,3300,13700
162.480393,19.3692622,3400,13700
162.460262,19.3699753,3500,13700
162.440129,19.3706861,3600,13700
162.419993,19.3713948,3700,13700
162.399856,19.3721013,3800,13700
162.379716,19.3728057,3900,13700
162.359775,19.3735009,3999,13700
163.163662,19.3275222,0,13800
163.143538,19.3283111,100,13800
163.123414,19.3290976,200,13800
163.103293,19.3298819,300,13800
163.083172,19.3306638,400,13800
163.063053,19.3314435,500,13800
163.042935,19.3322209,600,13800
163.022818,19.3329961,700,13800
163.002702,19.3337689,800,13800
162.982587,19.3345396,900,13800
162.962472,19.3353079,1000,13800
162.942359,19.336074,1100,13800
162.922245,19.3368379,1200,13800
162.902132,19.3375995,1300,13800
162.88202,19.3383588,1400,13800
162.861907,19.3391159,1500,13800
162.841795,19.3398708,1600,13800
162.821683,19.3406235,1700,13800
162.80157,19.3413739,1800,13800
162.781458,19.3421221,1900,13800
162.761345,19.3428681,2000,13800
162.741232,19.3436119,2100,13800
162.721118,19.3443534,2200,13800
162.701004,19.3450928,2300,13800
162.680889,19.3458299,2400,13800
162.660773,19.3465649,2500,13800
162.640656,19.3472976,2600,13800
162.620539,19.3480282,2700,13800
162.60042,19.3487565,2800,13800
162.5803,19.3494827,2900,13800
162.560179,19.3502067,3000,13800
162.540056,19.3509285,3100,13800
162.519932,19.3516481,3200,13800
162.499806,19.3523655,3300,13800
162.479678,19.3530808,3400,13800
162.459549,19.3537939,3500,13800
162.439418,19.3545049,3600,13800
162.419284,19.3552136,3700,13800
162.399149,19.3559202,3800,13800
162.379011,19.3566247,3900,13800
162.359073,19.35732,3999,13800
163.162882,19.3112676,0,13900
163.142759,19.3120561,100,13900
163.122638,19.3128423,200,13900
163.102518,19.3136262,300,13900
163.0824,19.3144078,400,13900
163.062283,19.3151872,500,13900
163.042167,19.3159642,600,13900
163.022052,19.316739,700,13900
163.001938,19.3175116,800,13900
162.981825,19.3182819,900,13900
162.961712,19.3190499,1000,13900
162.9416,19.3198156,1100,13900
162.921489,19.3205792,1200,13900
162.901378,19.3213404,1300,13900
162.881268,19.3220995,1400,13900
162.861157,19.3228563,1500,13900
162.841047,19.3236108,1600,13900
162.820937,19.3243632,1700,13900
162.800826,19.3251133,1800,13900
162.780716,19.3258612,1900,13900
162.760605,19.3266068,2000,13900
162.740494,19.3273503,2100,13900
162.720382,19.3280915,2200,13900
162.70027,19.3288306,2300,13900
162.680157,19.3295674,2400,13900
162.660043,19.330302,2500,13900
162.639929,19.3310345,2600,13900
162.619813,19.3317647,2700,13900
162.599696,19.3324928,2800,13900
162.579579,19.3332186,2900,13900
162.559459,19.3339423,3000,13900
162.539339,19.3346638,3100,13900
162.519216,19.3353832,3200,13900
162.499093,19.3361003,3300,13900
162.478967,19.3368153,3400,13900
162.45884,19.3375281,3500,13900
162.438711,19.3382388,3600,13900
162.418579,19.3389473,3700,13900
162.398446,19.3396536,3800,13900
162.37831,19.3403578,3900,13900
162.358374,19.3410528,3999,13900
163.162129,19.2951245,0,14000
163.142008,19.2959132,100,14000
163.121889,19.2966997,200,14000
163.101771,19.2974839,300,14000
163.081655,19.2982658,400,14000
163.06154,19.2990454,500,14000
163.041426,19.2998228,600,14000
163.021313,19.3005979,700,14000
163.001201,19.3013707,800,14000
162.98109,19.3021413,900,14000
162.96098,19.3029096,1000,14000
162.94087,19.3036757,1100,14000
162.92076,19.3044395,1200,14000
162.900652,19.3052011,1300,14000
162.880543,19.3059604,1400,14000
162.860435,19.3067175,1500,14000
162.840327,19.3074724,1600,14000
162.820218,19.308225,1700,14000
162.80011,19.3089754,1800,14000
162.780002,19.3097237,1900,14000
162.759893,19.3104696,2000,14000
162.739784,19.3112134,2100,14000
162.719674,19.311955,2200,14000
162.699564,19.3126944,2300,14000
162.679453,19.3134315,2400,14000
162.659342,19.3141665,2500,14000
162.639229,19.3148993,2600,14000
162.619116,19.3156298,2700,14000
162.599001,19.3163582,2800,14000
162.578885,19.3170844,2900,14000
162.558768,19.3178085,3000,14000
162.538649,19.3185303,3100,14000
162.518529,19.31925,3200,14000
162.498407,19.3199675,3300,14000
162.478284,19.3206828,3400,14000
162.458159,19.321396,3500,14000
162.438032,19.322107,3600,14000
162.417902,19.3228158,3700,14000
162.397771,19.3235225,3800,14000
162.377638,19.324227,3900,14000
162.357703,19.3249224,3999,14000
163.161329,19.2788939,0,14100
163.14121,19.2796824,100,14100
163.121093,19.2804687,200,14100
163.100978,19.2812527,300,14100
163.080863,19.2820343,400,14100
163.06075,19.2828138,500,14100
163.040638,19.2835909,600,14100
163.020528,19.2843658,700,14100
163.000418,19.2851384,800,14100
162.980309,19.2859088,900,14100
162.9602,19.2866769,1000,14100
162.940092,19.2874428,1100,14100
162.919985,19.2882064,1200,14100
162.899878,19.2889678,1300,14100
162.879772,19.2897269,1400,14100
162.859666,19.2904839,1500,14100
162.83956,19.2912386,1600,14100
162.819453,19.291991,1700,14100
162.799347,19.2927413,1800,14100
162.779241,19.2934893,1900,14100
162.759134,19.2942351,2000,14100
162.739027,19.2949787,2100,14100
162.71892,19.2957201,2200,14100
162.698811,19.2964593,2300,14100
162.678703,19.2971963,2400,14100
162.658593,19.2979311,2500,14100
162.638482,19.2986637,2600,14100
162.618371,19.2993941,2700,14100
162.598258,19.3001223,2800,14100
162.578144,19.3008483,2900,14100
162.558029,19.3015722,3000,14100
162.537913,19.3022939,3100,14100
162.517795,19.3030134,3200,14100
162.497675,19.3037308,3300,14100
162.477554,19.3044459,3400,14100
162.45743,19.305159,3500,14100
162.437305,19.3058698,3600,14100
162.417178,19.3065785,3700,14100
162.397049,19.307285,3800,14100
162.376917,19.3079894,3900,14100
162.356985,19.3086847,3999,14100
163.160518,19.2626776,0,14200
163.140401,19.2634658,100,14200
163.120286,19.2642517,200,14200
163.100173,19.2650353,300,14200
163.080061,19.2658166,400,14200
163.05995,19.2665957,500,14200
163.03984,19.2673725,600,14200
163.019731,19.268147,700,14200
162.999623,19.2689193,800,14200
162.979516,19.2696893,900,14200
162.95941,19.2704571,1000,14200
162.939304,19.2712226,1100,14200
162.919199,19.2719859,1200,14200
162.899094,19.2727469,1300,14200
162.87899,19.2735057,1400,14200
162.858885,19.2742623,1500,14200
162.838781,19.2750166,1600,14200
162.818677,19.2757688,1700,14200
162.798573,19.2765187,1800,14200
162.778469,19.2772664,1900,14200
162.758364,19.2780118,2000,14200
162.738259,19.2787551,2100,14200
162.718154,19.2794962,2200,14200
162.698047,19.280235,2300,14200
162.677941,19.2809717,2400,14200
162.657833,19.2817062,2500,14200
162.637725,19.2824385,2600,14200
162.617615,19.2831686,2700,14200
162.597504,19.2838965,2800,14200
162.577393,19.2846222,2900,14200
162.55728,19.2853458,3000,14200
162.537165,19.2860671,3100,14200
162.517049,19.2867863,3200,14200
162.496931,19.2875034,3300,14200
162.476812,19.2882183,3400,14200
162.456691,19.288931,3500,14200
162.436568,19.2896415,3600,14200
162.416443,19.2903499,3700,14200
162.396315,19.2910562,3800,14200
162.376186,19.2917603,3900,14200
162.356255,19.2924552,3999,14200
163.159757,19.2464708,0,14300
163.139642,19.247259,100,14300
163.119529,19.2480449,200,14300
163.099418,19.2488285,300,14300
163.079308,19.2496098,400,14300
163.059199,19.2503889,500,14300
163.039091,19.2511657,600,14300
163.018984,19.2519403,700,14300
162.998878,19.2527126,800,14300
162.978773,19.2534826,900,14300
162.958669,19.2542504,1000,14300
162.938565,19.2550159,1100,14300
162.918462,19.2557793,1200,14300
162.898359,19.2565403,1300,14300
162.878257,19.2572992,1400,14300
162.858155,19.2580558,1500,14300
162.838053,19.2588102,1600,14300
162.817951,19.2595623,1700,14300
162.797849,19.2603123,1800,14300
162.777746,19.26106,1900,14300
162.757644,19.2618056,2000,14300
162.737541,19.2625489,2100,14300
162.717437,19.26329,2200,14300
162.697333,19.2640289,2300,14300
162.677228,19.2647656,2400,14300
162.657123,19.2655002,2500,14300
162.637016,19.2662325,2600,14300
162.616909,19.2669627,2700,14300
162.5968,19.2676906,2800,14300
162.576691,19.2684164,2900,14300
162.55658,19.2691401,3000,14300
162.536467,19.2698615,3100,14300
162.516353,19.2705808,3200,14300
162.496238,19.2712979,3300,14300
162.47612,19.2720129,3400,14300
162.456001,19.2727257,3500,14300
162.43588,19.2734363,3600,14300
162.415757,19.2741448,3700,14300
162.395632,19.2748511,3800,14300
162.375505,19.2755553,3900,14300
162.355576,19.2762503,3999,14300
163.15898,19.2302755,0,14400
163.138867,19.2310636,100,14400
163.118756,19.2318494,200,14400
163.098647,19.2326329,300,14400
163.078538,19.2334141,400,14400
163.058431,19.2341931,500,14400
163.038326,19.2349698,600,14400
163.018221,19.2357443,700,14400
162.998117,19.2365165,800,14400
162.978014,19.2372864,900,14400
162.957912,19.2380541,1000,14400
162.93781,19.2388196,1100,14400
162.917709,19.2395828,1200,14400
162.897608,19.2403438,1300,14400
162.877508,19.2411026,1400,14400
162.857408,19.2418591,1500,14400
162.837308,19.2426134,1600,14400
162.817208,19.2433655,1700,14400
162.797108,19.2441154,1800,14400
162.777008,19.244863,1900,14400
162.756907,19.2456085,2000,14400
162.736806,19.2463518,2100,14400
162.716705,19.2470928,2200,14400
162.696603,19.2478317,2300,14400
162.6765,19.2485683,2400,14400
162.656396,19.2493028,2500,14400
162.636292,19.2500351,2600,14400
162.616187,19.2507652,2700,14400
162.59608,19.2514931,2800,14400
162.575972,19.2522189,2900,14400
162.555863,19.2529424,3000,14400
162.535753,19.2536638,3100,14400
162.515641,19.2543831,3200,14400
162.495528,19.2551001,3300,14400
162.475412,19.255815,3400,14400
162.455295,19.2565278,3500,14400
162.435176,19.2572384,3600,14400
162.415055,19.2579468,3700,14400
162.394932,19.2586531,3800,14400
162.374807,19.2593573,3900,14400
162.35488,19.2600523,3999,14400
163.158135,19.2139704,0,14500
163.138025,19.2147577,100,14500
163.117916,19.2155428,200,14500
163.097808,19.2163256,300,14500
163.077702,19.2171061,400,14500
163.057598,19.2178844,500,14500
163.037494,19.2186604,600,14500
163.017391,19.2194341,700,14500
162.997289,19.2202056,800,14500
162.977188,19.2209748,900,14500
162.957088,19.2217418,1000,14500
162.936989,19.2225066,1100,14500
162.91689,19.2232691,1200,14500
162.896791,19.2240294,1300,14500
162.876693,19.2247875,1400,14500
162.856595,19.2255433,1500,14500
162.836497,19.2262969,1600,14500
162.816399,19.2270483,1700,14500
162.796301,19.2277975,1800,14500
162.776202,19.2285444,1900,14500
162.756104,19.2292892,2000,14500
162.736005,19.2300318,2100,14500
162.715905,19.2307721,2200,14500
162.695805,19.2315103,2300,14500
162.675705,19.2322463,2400,14500
162.655603,19.2329801,2500,14500
162.635501,19.2337117,2600,14500
162.615397,19.2344411,2700,14500
162.595293,19.2351684,2800,14500
162.575187,19.2358934,2900,14500
162.55508,19.2366163,3000,14500
162.534972,19.2373371,3100,14500
162.514862,19.2380556,3200,14500
162.49475,19.238772,3300,14500
162.474637,19.2394863,3400,14500
162.454522,19.2401984,3500,14500
162.434405,19.2409083,3600,14500
162.414286,19.2416161,3700,14500
162.394165,19.2423217,3800,14500
162.374041,19.2430252,3900,14500
162.354117,19.2437196,3999,14500
163.157353,19.1977544,0,14600
163.137245,19.1985417,100,14600
163.117138,19.1993266,200,14600
163.097032,19.2001093,300,14600
163.076928,19.2008898,400,14600
163.056826,19.2016679,500,14600
163.036724,19.2024438,600,14600
163.016623,19.2032175,700,14600
162.996523,19.2039889,800,14600
162.976425,19.204758,900,14600
162.956326,19.2055249,1000,14600
162.936229,19.2062896,1100,14600
162.916132,19.207052,1200,14600
162.896035,19.2078122,1300,14600
162.875939,19.2085702,1400,14600
162.855843,19.209326,1500,14600
162.835747,19.2100795,1600,14600
162.815651,19.2108309,1700,14600
162.795555,19.21158,1800,14600
162.775459,19.2123269,1900,14600
162.755362,19.2130716,2000,14600
162.735265,19.2138141,2100,14600
162.715168,19.2145544,2200,14600
162.69507,19.2152925,2300,14600
162.674971,19.2160284,2400,14600
162.654872,19.2167621,2500,14600
162.634772,19.2174937,2600,14600
162.61467,19.2182231,2700,14600
162.594568,19.2189503,2800,14600
162.574464,19.2196753,2900,14600
162.554359,19.2203982,3000,14600
162.534253,19.2211188,3100,14600
162.514145,19.2218374,3200,14600
162.494035,19.2225537,3300,14600
162.473924,19.223268,3400,14600
162.453811,19.22398,3500,14600
162.433696,19.2246899,3600,14600
162.413579,19.2253977,3700,14600
162.39346,19.2261033,3800,14600
162.373339,19.2268067,3900,14600
162.353416,19.2275011,3999,14600
163.156592,19.1815859,0,14700
163.136485,19.1823732,100,14700
163.116381,19.1831583,200,14700
163.096277,19.1839412,300,14700
163.076175,19.1847217,400,14700
163.056074,19.1855,500,14700
163.035975,19.1862761,600,14700
163.015876,19.1870498,700,14700
162.995778,19.1878214,800,14700
162.975681,19.1885907,900,14700
162.955585,19.1893577,1000,14700
162.93549,19.1901225,1100,14700
162.915395,19.1908851,1200,14700
162.8953,19.1916455,1300,14700
162.875206,19.1924036,1400,14700
162.855112,19.1931595,1500,14700
162.835018,19.1939132,1600,14700
162.814924,19.1946647,1700,14700
162.79483,19.195414,1800,14700
162.774736,19.196161,1900,14700
162.754642,19.1969059,2000,14700
162.734547,19.1976486,2100,14700
162.714451,19.1983891,2200,14700
162.694355,19.1991273,2300,14700
162.674259,19.1998634,2400,14700
162.654161,19.2005973,2500,14700
162.634063,19.2013291,2600,14700
162.613964,19.2020586,2700,14700
162.593863,19.202786,2800,14700
162.573762,19.2035112,2900,14700
162.553659,19.2042342,3000,14700
162.533555,19.2049551,3100,14700
162.513449,19.2056738,3200,14700
162.493341,19.2063904,3300,14700
162.473232,19.2071048,3400,14700
162.453121,19.207817,3500,14700
162.433008,19.2085272,3600,14700
162.412893,19.2092351,3700,14700
162.392776,19.2099409,3800,14700
162.372657,19.2106446,3900,14700
162.352737,19.2113391,3999,14700
163.15579,19.1653536,0,14800
163.135686,19.1661408,100,14800
163.115583,19.1669256,200,14800
163.095482,19.1677083,300,14800
163.075382,19.1684886,400,14800
163.055283,19.1692667,500,14800
163.035185,19.1700425,600,14800
163.015089,19.1708161,700,14800
162.994993,19.1715874,800,14800
162.974898,19.1723565,900,14800
162.954804,19.1731234,1000,14800
162.934711,19.173888,1100,14800
162.914618,19.1746504,1200,14800
162.894525,19.1754105,1300,14800
162.874433,19.1761685,1400,14800
162.854341,19.1769242,1500,14800
162.834249,19.1776777,1600,14800
162.814157,19.178429,1700,14800
162.794065,19.1791781,1800,14800
162.773973,19.179925,1900,14800
162.753881,19.1806696,2000,14800
162.733788,19.1814121,2100,14800
162.713695,19.1821524,2200,14800
162.693601,19.1828905,2300,14800
162.673506,19.1836265,2400,14800
162.653411,19.1843602,2500,14800
162.633315,19.1850918,2600,14800
162.613217,19.1858211,2700,14800
162.593119,19.1865484,2800,14800
162.573019,19.1872734,2900,14800
162.552918,19.1879963,3000,14800
162.532816,19.188717,3100,14800
162.512712,19.1894355,3200,14800
162.492607,19.1901519,3300,14800
162.4725,19.1908662,3400,14800
162.452391,19.1915783,3500,14800
162.43228,19.1922882,3600,14800
162.412167,19.1929961,3700,14800
162.392052,19.1937017,3800,14800
162.371935,19.1944052,3900,14800
162.352016,19.1950996,3999,14800
163.155065,19.1492249,0,14900
163.134963,19.1500123,100,14900
163.114862,19.1507975,200,14900
163.094763,19.1515803,300,14900
163.074665,19.1523609,400,14900
163.054568,19.1531393,500,14900
163.034472,19.1539154,600,14900
163.014378,19.1546892,700,14900
162.994284,19.1554608,800,14900
162.974191,19.1562302,900,14900
162.954099,19.1569973,1000,14900
162.934008,19.1577622,1100,14900
162.913917,19.1585249,1200,14900
162.893826,19.1592853,1300,14900
162.873736,19.1600435,1400,14900
162.853646,19.1607996,1500,14900
162.833556,19.1615533,1600,14900
162.813466,19.1623049,1700,14900
162.793376,19.1630543,1800,14900
162.773286,19.1638015,1900,14900
162.753196,19.1645465,2000,14900
162.733105,19.1652893,2100,14900
162.713014,19.1660298,2200,14900
162.692922,19.1667683,2300,14900
162.67283,19.1675045,2400,14900
162.652736,19.1682385,2500,14900
162.632642,19.1689704,2600,14900
162.612547,19.1697001,2700,14900
162.59245,19.1704276,2800,14900
162.572353,19.171153,2900,14900
162.552254,19.1718762,3000,14900
162.532154,19.1725972,3100,14900
162.512052,19.1733161,3200,14900
162.491949,19.1740328,3300,14900
162.471844,19.1747474,3400,14900
162.451737,19.1754598,3500,14900
162.431628,19.1761701,3600,14900
162.411517,19.1768782,3700,14900
162.391404,19.1775842,3800,14900
162.371289,19.1782881,3900,14900
162.351373,19.1789828,3999,14900
163.154297,19.1330095,0,15000
163.134196,19.1337969,100,15000
163.114098,19.134582,200,15000
163.094,19.1353648,300,15000
163.073904,19.1361454,400,15000
163.05381,19.1369237,500,15000
163.033716,19.1376997,600,15000
163.013623,19.1384736,700,15000
162.993532,19.1392451,800,15000
162.973441,19.1400145,900,15000
162.953351,19.1407816,1000,15000
162.933261,19.1415464,1100,15000
162.913172,19.1423091,1200,15000
162.893084,19.1430695,1300,15000
162.872996,19.1438277,1400,15000
162.852908,19.1445837,1500,15000
162.83282,19.1453374,1600,15000
162.812732,19.146089,1700,15000
162.792644,19.1468384,1800,15000
162.772556,19.1475855,1900,15000
162.752468,19.1483305,2000,15000
162.732379,19.1490733,2100,15000
162.71229,19.1498139,2200,15000
162.6922,19.1505523,2300,15000
162.67211,19.1512885,2400,15000
162.652018,19.1520225,2500,15000
162.631926,19.1527544,2600,15000
162.611833,19.1534841,2700,15000
162.591739,19.1542116,2800,15000
162.571643,19.154937,2900,15000
162.551546,19.1556602,3000,15000
162.531448,19.1563812,3100,15000
162.511349,19.1571001,3200,15000
162.491247,19.1578169,3300,15000
162.471144,19.1585315,3400,15000
162.451039,19.1592439,3500,15000
162.430933,19.1599542,3600,15000
162.410824,19.1606624,3700,15000
162.390713,19.1613684,3800,15000
162.3706,19.1620723,3900,15000
162.350686,19.162767,3999,15000
163.153474,19.1167703,0,15100
163.133376,19.1175572,100,15100
163.113279,19.1183418,200,15100
163.093184,19.1191241,300,15100
163.07309,19.1199042,400,15100
163.052998,19.1206821,500,15100
163.032906,19.1214577,600,15100
163.012815,19.122231,700,15100
162.992726,19.1230022,800,15100
162.972637,19.123771,900,15100
162.952549,19.1245377,1000,15100
162.932462,19.1253021,1100,15100
162.912375,19.1260643,1200,15100
162.892288,19.1268243,1300,15100
162.872202,19.127582,1400,15100
162.852116,19.1283376,1500,15100
162.83203,19.1290909,1600,15100
162.811945,19.129842,1700,15100
162.791859,19.1305909,1800,15100
162.771773,19.1313377,1900,15100
162.751686,19.1320822,2000,15100
162.7316,19.1328246,2100,15100
162.711512,19.1335647,2200,15100
162.691425,19.1343027,2300,15100
162.671336,19.1350385,2400,15100
162.651247,19.1357721,2500,15100
162.631157,19.1365036,2600,15100
162.611065,19.1372328,2700,15100
162.590973,19.13796,2800,15100
162.57088,19.1386849,2900,15100
162.550785,19.1394077,3000,15100
162.530689,19.1401283,3100,15100
162.510591,19.1408468,3200,15100
162.490492,19.1415632,3300,15100
162.470391,19.1422773,3400,15100
162.450288,19.1429894,3500,15100
162.430183,19.1436993,3600,15100
162.410076,19.144407,3700,15100
162.389968,19.1451127,3800,15100
162.369856,19.1458162,3900,15100
162.349944,19.1465105,3999,15100
163.152702,19.1005545,0,15200
163.132606,19.1013414,100,15200
163.112511,19.102126,200,15200
163.092418,19.1029083,300,15200
163.072326,19.1036884,400,15200
163.052235,19.1044663,500,15200
163.032146,19.1052419,600,15200
163.012057,19.1060152,700,15200
162.99197,19.1067863,800,15200
162.971883,19.1075552,900,15200
162.951797,19.1083219,1000,15200
162.931711,19.1090863,1100,15200
162.911627,19.1098485,1200,15200
162.891542,19.1106085,1300,15200
162.871458,19.1113663,1400,15200
162.851374,19.1121218,1500,15200
162.83129,19.1128752,1600,15200
162.811207,19.1136263,1700,15200
162.791123,19.1143753,1800,15200
162.771039,19.115122,1900,15200
162.750954,19.1158666,2000,15200
162.73087,19.1166089,2100,15200
162.710785,19.1173491,2200,15200
162.690699,19.1180871,2300,15200
162.670612,19.118823,2400,15200
162.650525,19.1195566,2500,15200
162.630437,19.1202881,2600,15200
162.610348,19.1210174,2700,15200
162.590258,19.1217446,2800,15200
162.570166,19.1224696,2900,15200
162.550073,19.1231924,3000,15200
162.529979,19.1239131,3100,15200
162.509884,19.1246316,3200,15200
162.489786,19.125348,3300,15200
162.469687,19.1260623,3400,15200
162.449587,19.1267744,3500,15200
162.429484,19.1274843,3600,15200
162.409379,19.1281921,3700,15200
162.389272,19.1288978,3800,15200
162.369163,19.1296014,3900,15200
162.349253,19.1302958,3999,15200
163.151914,19.0843674,0,15300
163.13182,19.0851541,100,15300
163.111728,19.0859386,200,15300
163.091636,19.0867209,300,15300
163.071546,19.0875008,400,15300
163.051458,19.0882786,500,15300
163.03137,19.0890541,600,15300
163.011284,19.0898273,700,15300
162.991198,19.0905983,800,15300
162.971113,19.0913671,900,15300
162.951029,19.0921336,1000,15300
162.930946,19.092898,1100,15300
162.910863,19.0936601,1200,15300
162.890781,19.09442,1300,15300
162.870699,19.0951776,1400,15300
162.850617,19.0959331,1500,15300
162.830535,19.0966864,1600,15300
162.810453,19.0974374,1700,15300
162.790372,19.0981863,1800,15300
162.77029,19.098933,1900,15300
162.750207,19.0996774,2000,15300
162.730125,19.1004197,2100,15300
162.710041,19.1011598,2200,15300
162.689958,19.1018978,2300,15300
162.669873,19.1026335,2400,15300
162.649788,19.1033671,2500,15300
162.629702,19.1040985,2600,15300
162.609615,19.1048278,2700,15300
162.589527,19.1055549,2800,15300
162.569437,19.1062798,2900,15300
162.549346,19.1070026,3000,15300
162.529254,19.1077232,3100,15300
162.509161,19.1084417,3200,15300
162.489065,19.109158,3300,15300
162.468968,19.1098722,3400,15300
162.44887,19.1105842,3500,15300
162.428769,19.1112941,3600,15300
162.408666,19.1120019,3700,15300
162.388562,19.1127076,3800,15300
162.368454,19.1134111,3900,15300
162.348546,19.1141055,3999,15300
163.151087,19.0680975,0,15400
163.130995,19.0688839,100,15400
163.110904,19.069668,200,15400
163.090815,19.0704498,300,15400
163.070727,19.0712293,400,15400
163.050641,19.0720067,500,15400
163.030555,19.0727818,600,15400
163.010471,19.0735546,700,15400
162.990387,19.0743252,800,15400
162.970304,19.0750936,900,15400
162.950223,19.0758597,1000,15400
162.930141,19.0766237,1100,15400
162.91006,19.0773854,1200,15400
162.88998,19.0781449,1300,15400
162.8699,19.0789022,1400,15400
162.84982,19.0796572,1500,15400
162.82974,19.0804101,1600,15400
162.809661,19.0811608,1700,15400
162.789581,19.0819093,1800,15400
162.769501,19.0826556,1900,15400
162.749421,19.0833997,2000,15400
162.72934,19.0841416,2100,15400
162.709259,19.0848813,2200,15400
162.689177,19.0856189,2300,15400
162.669095,19.0863543,2400,15400
162.649011,19.0870875,2500,15400
162.628927,19.0878185,2600,15400
162.608842,19.0885474,2700,15400
162.588756,19.0892742,2800,15400
162.568669,19.0899987,2900,15400
162.54858,19.0907212,3000,15400
162.52849,19.0914414,3100,15400
162.508398,19.0921595,3200,15400
162.488305,19.0928755,3300,15400
162.46821,19.0935894,3400,15400
162.448113,19.0943011,3500,15400
162.428014,19.0950106,3600,15400
162.407914,19.095718,3700,15400
162.387811,19.0964233,3800,15400
162.367706,19.0971265,3900,15400
162.347799,19.0978206,3999,15400
163.150331,19.0519019,0,15500
163.130241,19.052688,100,15500
163.110152,19.053472,200,15500
163.090065,19.0542536,300,15500
163.069979,19.0550331,400,15500
163.049895,19.0558102,500,15500
163.029811,19.0565852,600,15500
163.009729,19.0573579,700,15500
162.989647,19.0581283,800,15500
162.969566,19.0588966,900,15500
162.949486,19.0596626,1000,15500
162.929407,19.0604264,1100,15500
162.909328,19.061188,1200,15500
162.88925,19.0619473,1300,15500
162.869172,19.0627045,1400,15500
162.849094,19.0634594,1500,15500
162.829016,19.0642122,1600,15500
162.808939,19.0649627,1700,15500
162.788861,19.0657111,1800,15500
162.768783,19.0664573,1900,15500
162.748705,19.0672012,2000,15500
162.728626,19.0679431,2100,15500
162.708547,19.0686827,2200,15500
162.688467,19.0694201,2300,15500
162.668387,19.0701554,2400,15500
162.648306,19.0708885,2500,15500
162.628223,19.0716195,2600,15500
162.60814,19.0723482,2700,15500
162.588056,19.0730749,2800,15500
162.567971,19.0737993,2900,15500
162.547884,19.0745217,3000,15500
162.527796,19.0752418,3100,15500
162.507706,19.0759599,3200,15500
162.487615,19.0766757,3300,15500
162.467522,19.0773895,3400,15500
162.447428,19.0781011,3500,15500
162.427331,19.0788106,3600,15500
162.407232,19.0795179,3700,15500
162.387131,19.0802231,3800,15500
162.367028,19.0809262,3900,15500
162.347124,19.0816202,3999,15500
163.149599,19.0357661,0,15600
163.129511,19.0365527,100,15600
163.109424,19.0373371,200,15600
163.089339,19.0381192,300,15600
163.069255,19.0388991,400,15600
163.049172,19.0396767,500,15600
163.029091,19.0404521,600,15600
163.00901,19.0412253,700,15600
162.988931,19.0419962,800,15600
162.968852,19.0427649,900,15600
162.948774,19.0435314,1000,15600
162.928697,19.0442957,1100,15600
162.90862,19.0450577,1200,15600
162.888544,19.0458176,1300,15600
162.868468,19.0465752,1400,15600
162.848392,19.0473306,1500,15600
162.828316,19.0480839,1600,15600
162.808241,19.0488349,1700,15600
162.788165,19.0495838,1800,15600
162.768089,19.0503304,1900,15600
162.748013,19.0510749,2000,15600
162.727936,19.0518172,2100,15600
162.707859,19.0525573,2200,15600
162.687781,19.0532953,2300,15600
162.667703,19.054031,2400,15600
162.647624,19.0547646,2500,15600
162.627544,19.0554961,2600,15600
162.607463,19.0562254,2700,15600
162.587381,19.0569525,2800,15600
162.567297,19.0576775,2900,15600
162.547213,19.0584003,3000,15600
162.527127,19.059121,3100,15600
162.507039,19.0598396,3200,15600
162.48695,19.060556,3300,15600
162.466859,19.0612702,3400,15600
162.446766,19.0619824,3500,15600
162.426672,19.0626924,3600,15600
162.406575,19.0634002,3700,15600
162.386477,19.064106,3800,15600
162.366376,19.0648096,3900,15600
162.346473,19.0655041,3999,15600
163.148775,19.0195055,0,15700
163.128689,19.0202915,100,15700
163.108604,19.0210753,200,15700
163.088521,19.0218567,300,15700
163.068439,19.022636,400,15700
163.048358,19.023413,500,15700
163.028279,19.0241877,600,15700
163.0082,19.0249603,700,15700
162.988123,19.0257305,800,15700
162.968046,19.0264986,900,15700
162.94797,19.0272645,1000,15700
162.927895,19.0280281,1100,15700
162.90782,19.0287895,1200,15700
162.887746,19.0295487,1300,15700
162.867672,19.0303058,1400,15700
162.847598,19.0310606,1500,15700
162.827524,19.0318132,1600,15700
162.807451,19.0325636,1700,15700
162.787377,19.0333118,1800,15700
162.767303,19.0340579,1900,15700
162.747229,19.0348017,2000,15700
162.727154,19.0355434,2100,15700
162.707079,19.0362829,2200,15700
162.687004,19.0370203,2300,15700
162.666927,19.0377555,2400,15700
162.64685,19.0384885,2500,15700
162.626772,19.0392193,2600,15700
162.606693,19.039948,2700,15700
162.586613,19.0406745,2800,15700
162.566531,19.0413989,2900,15700
162.546449,19.0421212,3000,15700
162.526365,19.0428413,3100,15700
162.506279,19.0435592,3200,15700
162.486192,19.044275,3300,15700
162.466103,19.0449887,3400,15700
162.446012,19.0457003,3500,15700
162.42592,19.0464097,3600,15700
162.405825,19.047117,3700,15700
162.385728,19.0478221,3800,15700
162.365629,19.0485252,3900,15700
162.345729,19.0492191,3999,15700
163.147991,19.0032924,0,15800
163.127907,19.0040783,100,15800
163.107825,19.004862,200,15800
163.087743,19.0056434,300,15800
163.067664,19.0064226,400,15800
163.047585,19.0071996,500,15800
163.027508,19.0079743,600,15800
163.007431,19.0087468,700,15800
162.987356,19.0095171,800,15800
162.967281,19.0102852,900,15800
162.947207,19.011051,1000,15800
162.927134,19.0118146,1100,15800
162.907061,19.012576,1200,15800
162.886989,19.0133352,1300,15800
162.866917,19.0140922,1400,15800
162.846845,19.014847,1500,15800
162.826773,19.0155996,1600,15800
162.806702,19.01635,1700,15800
162.78663,19.0170982,1800,15800
162.766558,19.0178443,1900,15800
162.746486,19.0185881,2000,15800
162.726413,19.0193298,2100,15800
162.70634,19.0200693,2200,15800
162.686267,19.0208067,2300,15800
162.666192,19.0215419,2400,15800
162.646117,19.0222749,2500,15800
162.626041,19.0230057,2600,15800
162.605964,19.0237344,2700,15800
162.585886,19.024461,2800,15800
162.565807,19.0251854,2900,15800
162.545726,19.0259077,3000,15800
162.525644,19.0266278,3100,15800
162.50556,19.0273457,3200,15800
162.485475,19.0280616,3300,15800
162.465388,19.0287753,3400,15800
162.4453,19.0294869,3500,15800
162.425209,19.0301963,3600,15800
162.405116,19.0309036,3700,15800
162.385022,19.0316088,3800,15800
162.364925,19.0323119,3900,15800
162.345027,19.0330059,3999,15800
163.147223,18.9871261,0,15900
163.127141,18.9879121,100,15900
163.10706,18.9886958,200,15900
163.086981,18.9894773,300,15900
163.066903,18.9902565,400,15900
163.046826,18.9910335,500,15900
163.026751,18.9918083,600,15900
163.006677,18.9925809,700,15900
162.986603,18.9933512,800,15900
162.96653,18.9941193,900,15900
162.946459,18.9948852,1000,15900
162.926387,18.9956488,1100,15900
162.906317,18.9964103,1200,15900
162.886246,18.9971696,1300,15900
162.866176,18.9979266,1400,15900
162.846106,18.9986815,1500,15900
162.826037,18.9994341,1600,15900
162.805967,19.0001846,1700,15900
162.785897,19.0009329,1800,15900
162.765828,19.001679,1900,15900
162.745757,19.002423,2000,15900
162.725687,19.0031647,2100,15900
162.705616,19.0039043,2200,15900
162.685544,19.0046418,2300,15900
162.665472,19.005377,2400,15900
162.645399,19.0061101,2500,15900
162.625325,19.0068411,2600,15900
162.60525,19.0075699,2700,15900
162.585174,19.0082965,2800,15900
162.565096,19.009021,2900,15900
162.545018,19.0097433,3000,15900
162.524938,19.0104636,3100,15900
162.504856,19.0111816,3200,15900
162.484773,19.0118976,3300,15900
162.464688,19.0126114,3400,15900
162.444601,19.0133231,3500,15900
162.424513,19.0140326,3600,15900
162.404422,19.0147401,3700,15900
162.38433,19.0154454,3800,15900
162.364235,19.0161486,3900,15900
162.344338,19.0168426,3999,15900
163.146425,18.9708674,0,16000
163.126345,18.971653,100,16000
163.106267,18.9724364,200,16000
163.086189,18.9732176,300,16000
163.066114,18.9739965,400,16000
163.046039,18.9747732,500,16000
163.025966,18.9755477,600,16000
163.005893,18.9763199,700,16000
162.985822,18.9770899,800,16000
162.965751,18.9778577,900,16000
162.945681,18.9786233,1000,16000
162.925612,18.9793867,1100,16000
162.905543,18.9801478,1200,16000
162.885475,18.9809068,1300,16000
162.865407,18.9816636,1400,16000
162.845339,18.9824181,1500,16000
162.825272,18.9831705,1600,16000
162.805204,18.9839207,1700,16000
162.785136,18.9846687,1800,16000
162.765068,18.9854145,1900,16000
162.745,18.9861582,2000,16000
162.724932,18.9868997,2100,16000
162.704863,18.987639,2200,16000
162.684793,18.9883761,2300,16000
162.664723,18.9891111,2400,16000
162.644652,18.9898439,2500,16000
162.62458,18.9905746,2600,16000
162.604506,18.9913031,2700,16000
162.584432,18.9920295,2800,16000
162.564357,18.9927537,2900,16000
162.54428,18.9934758,3000,16000
162.524202,18.9941958,3100,16000
162.504123,18.9949136,3200,16000
162.484042,18.9956292,3300,16000
162.463959,18.9963428,3400,16000
162.443874,18.9970542,3500,16000
162.423788,18.9977635,3600,16000
162.403699,18.9984707,3700,16000
162.383609,18.9991758,3800,16000
162.363516,18.9998787,3900,16000
162.343621,19.0005726,3999,16000
163.145676,18.9547135,0,16100
163.125598,18.9554992,100,16100
163.105521,18.9562827,200,16100
163.085446,18.957064,300,16100
163.065372,18.957843,400,16100
163.0453,18.9586198,500,16100
163.025228,18.9593943,600,16100
163.005158,18.9601667,700,16100
162.985088,18.9609368,800,16100
162.96502,18.9617047,900,16100
162.944952,18.9624703,1000,16100
162.924885,18.9632338,1100,16100
162.904818,18.9639951,1200,16100
162.884752,18.9647541,1300,16100
162.864686,18.965511,1400,16100
162.84462,18.9662657,1500,16100
162.824554,18.9670182,1600,16100
162.804489,18.9677685,1700,16100
162.784423,18.9685166,1800,16100
162.764357,18.9692625,1900,16100
162.744291,18.9700063,2000,16100
162.724224,18.9707479,2100,16100
162.704157,18.9714874,2200,16100
162.68409,18.9722246,2300,16100
162.664021,18.9729597,2400,16100
162.643952,18.9736927,2500,16100
162.623882,18.9744235,2600,16100
162.603811,18.9751522,2700,16100
162.583739,18.9758787,2800,16100
162.563666,18.976603,2900,16100
162.543591,18.9773253,3000,16100
162.523515,18.9780453,3100,16100
162.503438,18.9787633,3200,16100
162.483359,18.9794791,3300,16100
162.463278,18.9801928,3400,16100
162.443195,18.9809044,3500,16100
162.423111,18.9816139,3600,16100
162.403024,18.9823212,3700,16100
162.382936,18.9830264,3800,16100
162.362845,18.9837295,3900,16100
162.342953,18.9844235,3999,16100
163.14491,18.938508,0,16200
163.124834,18.9392938,100,16200
163.104759,18.9400774,200,16200
163.084686,18.9408587,300,16200
163.064614,18.9416378,400,16200
163.044544,18.9424147,500,16200
163.024474,18.9431893,600,16200
163.004406,18.9439617,700,16200
162.984339,18.9447319,800,16200
162.964272,18.9454999,900,16200
162.944206,18.9462656,1000,16200
162.924141,18.9470292,1100,16200
162.904076,18.9477905,1200,16200
162.884012,18.9485497,1300,16200
162.863948,18.9493067,1400,16200
162.843884,18.9500614,1500,16200
162.82382,18.950814,1600,16200
162.803757,18.9515644,1700,16200
162.783693,18.9523126,1800,16200
162.763629,18.9530587,1900,16200
162.743565,18.9538026,2000,16200
162.723501,18.9545443,2100,16200
162.703436,18.9552838,2200,16200
162.68337,18.9560212,2300,16200
162.663304,18.9567564,2400,16200
162.643237,18.9574895,2500,16200
162.623169,18.9582204,2600,16200
162.6031,18.9589492,2700,16200
162.58303,18.9596758,2800,16200
162.562958,18.9604003,2900,16200
162.542886,18.9611226,3000,16200
162.522812,18.9618429,3100,16200
162.502736,18.9625609,3200,16200
162.482659,18.9632769,3300,16200
162.462581,18.9639907,3400,16200
162.4425,18.9647024,3500,16200
162.422417,18.965412,3600,16200
162.402333,18.9661195,3700,16200
162.382246,18.9668249,3800,16200
162.362158,18.9675281,3900,16200
162.342267,18.9682222,3999,16200
163.144902,18.9383452,0,16201
163.124826,18.939131,100,16201
163.104752,18.9399145,200,16201
163.084678,18.9406959,300,16201
163.064607,18.9414749,400,16201
163.044536,18.9422518,500,16201
163.024467,18.9430264,600,16201
163.004398,18.9437988,700,16201
162.984331,18.944569,800,16201
162.964264,18.945337,900,16201
162.944198,18.9461027,1000,16201
162.924133,18.9468663,1100,16201
162.904068,18.9476276,1200,16201
162.884004,18.9483868,1300,16201
162.86394,18.9491437,1400,16201
162.843876,18.9498985,1500,16201
162.823813,18.9506511,1600,16201
162.803749,18.9514015,1700,16201
162.783686,18.9521497,1800,16201
162.763622,18.9528957,1900,16201
162.743558,18.9536396,2000,16201
162.723493,18.9543813,2100,16201
162.703428,18.9551209,2200,16201
162.683362,18.9558582,2300,16201
162.663296,18.9565935,2400,16201
162.643229,18.9573265,2500,16201
162.623161,18.9580574,2600,16201
162.603092,18.9587862,2700,16201
162.583022,18.9595128,2800,16201
162.562951,18.9602373,2900,16201
162.542878,18.9609597,3000,16201
162.522804,18.9616799,3100,16201
162.502729,18.962398,3200,16201
162.482652,18.9631139,3300,16201
162.462573,18.9638277,3400,16201
162.442493,18.9645394,3500,16201
162.42241,18.965249,3600,16201
162.402326,18.9659565,3700,16201
162.382239,18.9666618,3800,16201
162.36215,18.9673651,3900,16201
162.34226,18.9680592,3999,16201
