Longitude,Latitude,Pixel,Scan
155.190668,-38.3728631,0,0
155.167958,-38.3720996,100,0
155.145249,-38.3713317,200,0
155.122543,-38.3705596,300,0
155.099839,-38.3697831,400,0
155.077137,-38.3690023,500,0
155.054437,-38.3682172,600,0
155.031739,-38.3674278,700,0
155.009042,-38.366634,800,0
154.986348,-38.3658359,900,0
154.963654,-38.3650335,1000,0
154.940962,-38.3642268,1100,0
154.918272,-38.3634157,1200,0
154.895583,-38.3626002,1300,0
154.872894,-38.3617805,1400,0
154.850207,-38.3609563,1500,0
154.827521,-38.3601279,1600,0
154.804835,-38.359295,1700,0
154.78215,-38.3584579,1800,0
154.759466,-38.3576163,1900,0
154.736782,-38.3567704,2000,0
154.714098,-38.3559201,2100,0
154.691415,-38.3550655,2200,0
154.668731,-38.3542065,2300,0
154.646048,-38.3533431,2400,0
154.623365,-38.3524753,2500,0
154.600682,-38.3516031,2600,0
154.577998,-38.3507265,2700,0
154.555314,-38.3498455,2800,0
154.53263,-38.3489602,2900,0
154.509944,-38.3480704,3000,0
154.487259,-38.3471762,3100,0
154.464572,-38.3462776,3200,0
154.441885,-38.3453745,3300,0
154.419196,-38.3444671,3400,0
154.396506,-38.3435552,3500,0
154.373816,-38.3426388,3600,0
154.351123,-38.3417181,3700,0
154.32843,-38.3407928,3800,0
154.305735,-38.3398632,3900,0
154.283265,-38.3389384,3999,0
155.189687,-38.389194,0,100
155.166972,-38.3884303,100,100
155.144259,-38.3876622,200,100
155.121548,-38.3868899,300,100
155.09884,-38.3861133,400,100
155.076133,-38.3853323,500,100
155.053429,-38.384547,600,100
155.030726,-38.3837574,700,100
155.008025,-38.3829635,800,100
154.985326,-38.3821652,900,100
154.962628,-38.3813626,1000,100
154.939932,-38.3805557,1100,100
154.917237,-38.3797444,1200,100
154.894543,-38.3789288,1300,100
154.87185,-38.3781088,1400,100
154.849158,-38.3772845,1500,100
154.826467,-38.3764558,1600,100
154.803777,-38.3756228,1700,100
154.781088,-38.3747854,1800,100
154.758399,-38.3739437,1900,100
154.735711,-38.3730976,2000,100
154.713023,-38.3722471,2100,100
154.690335,-38.3713922,2200,100
154.667647,-38.370533,2300,100
154.644959,-38.3696694,2400,100
154.622272,-38.3688014,2500,100
154.599584,-38.367929,2600,100
154.576896,-38.3670522,2700,100
154.554207,-38.366171,2800,100
154.531518,-38.3652854,2900,100
154.508829,-38.3643953,3000,100
154.486138,-38.3635009,3100,100
154.463447,-38.3626021,3200,100
154.440755,-38.3616988,3300,100
154.418062,-38.3607911,3400,100
154.395368,-38.359879,3500,100
154.372673,-38.3589624,3600,100
154.349976,-38.3580414,3700,100
154.327278,-38.3571159,3800,100
154.304578,-38.356186,3900,100
154.282104,-38.355261,3999,100
155.188717,-38.4055209,0,200
155.165998,-38.4047571,100,200
155.14328,-38.403989,200,200
155.120565,-38.4032166,300,200
155.097852,-38.4024399,400,200
155.075141,-38.4016588,500,200
155.052432,-38.4008734,600,200
155.029725,-38.4000837,700,200
155.00702,-38.3992896,800,200
154.984316,-38.3984913,900,200
154.961614,-38.3976886,1000,200
154.938913,-38.3968815,1100,200
154.916213,-38.3960701,1200,200
154.893515,-38.3952544,1300,200
154.870818,-38.3944343,1400,200
154.848121,-38.3936098,1500,200
154.825426,-38.392781,1600,200
154.802731,-38.3919479,1700,200
154.780037,-38.3911104,1800,200
154.757344,-38.3902685,1900,200
154.734651,-38.3894223,2000,200
154.711958,-38.3885716,2100,200
154.689266,-38.3877166,2200,200
154.666574,-38.3868572,2300,200
154.643882,-38.3859935,2400,200
154.62119,-38.3851253,2500,200
154.598497,-38.3842528,2600,200
154.575805,-38.3833758,2700,200
154.553112,-38.3824945,2800,200
154.530418,-38.3816087,2900,200
154.507724,-38.3807185,3000,200
154.485029,-38.3798239,3100,200
154.462334,-38.3789249,3200,200
154.439637,-38.3780215,3300,200
154.41694,-38.3771136,3400,200
154.394241,-38.3762013,3500,200
154.371542,-38.3752846,3600,200
154.34884,-38.3743634,3700,200
154.326138,-38.3734377,3800,200
154.303434,-38.3725076,3900,200
154.280955,-38.3715824,3999,200
155.187724,-38.4218651,0,300
155.165,-38.4211012,100,300
155.142278,-38.420333,200,300
155.119559,-38.4195606,300,300
155.096841,-38.4187838,400,300
155.074126,-38.4180026,500,300
155.051412,-38.4172172,600,300
155.028701,-38.4164274,700,300
155.005991,-38.4156333,800,300
154.983282,-38.4148348,900,300
154.960576,-38.414032,1000,300
154.93787,-38.4132249,1100,300
154.915166,-38.4124134,1200,300
154.892463,-38.4115976,1300,300
154.869762,-38.4107774,1400,300
154.847061,-38.4099529,1500,300
154.824361,-38.409124,1600,300
154.801662,-38.4082908,1700,300
154.778963,-38.4074532,1800,300
154.756266,-38.4066112,1900,300
154.733568,-38.4057648,2000,300
154.710871,-38.4049141,2100,300
154.688174,-38.404059,2200,300
154.665478,-38.4031995,2300,300
154.642781,-38.4023356,2400,300
154.620084,-38.4014674,2500,300
154.597387,-38.4005947,2600,300
154.57469,-38.3997176,2700,300
154.551993,-38.3988362,2800,300
154.529295,-38.3979503,2900,300
154.506596,-38.39706,3000,300
154.483897,-38.3961653,3100,300
154.461197,-38.3952661,3200,300
154.438496,-38.3943626,3300,300
154.415794,-38.3934546,3400,300
154.393091,-38.3925421,3500,300
154.370387,-38.3916252,3600,300
154.347681,-38.3907039,3700,300
154.324974,-38.3897781,3800,300
154.302265,-38.3888479,3900,300
154.279782,-38.3879225,3999,300
155.186742,-38.4382167,0,400
155.164013,-38.4374528,100,400
155.141287,-38.4366846,200,400
155.118563,-38.4359121,300,400
155.095841,-38.4351353,400,400
155.073121,-38.4343541,500,400
155.050403,-38.4335686,600,400
155.027687,-38.4327788,700,400
155.004972,-38.4319847,800,400
154.982259,-38.4311862,900,400
154.959548,-38.4303833,1000,400
154.936838,-38.4295762,1100,400
154.91413,-38.4287646,1200,400
154.891422,-38.4279488,1300,400
154.868716,-38.4271285,1400,400
154.846011,-38.426304,1500,400
154.823306,-38.425475,1600,400
154.800603,-38.4246417,1700,400
154.7779,-38.423804,1800,400
154.755197,-38.422962,1900,400
154.732495,-38.4221156,2000,400
154.709794,-38.4212648,2100,400
154.687092,-38.4204096,2200,400
154.664391,-38.41955,2300,400
154.64169,-38.4186861,2400,400
154.618989,-38.4178177,2500,400
154.596288,-38.416945,2600,400
154.573586,-38.4160678,2700,400
154.550884,-38.4151863,2800,400
154.528182,-38.4143003,2900,400
154.505478,-38.4134099,3000,400
154.482775,-38.4125151,3100,400
154.46007,-38.4116159,3200,400
154.437365,-38.4107122,3300,400
154.414658,-38.4098041,3400,400
154.39195,-38.4088916,3500,400
154.369242,-38.4079746,3600,400
154.346531,-38.4070531,3700,400
154.32382,-38.4061272,3800,400
154.301107,-38.4051969,3900,400
154.278619,-38.4042714,3999,400
155.185788,-38.4545298,0,500
155.163055,-38.4537657,100,500
155.140324,-38.4529973,200,500
155.117595,-38.4522245,300,500
155.094869,-38.4514474,400,500
155.072144,-38.450666,500,500
155.049422,-38.4498803,600,500
155.026701,-38.4490902,700,500
155.003982,-38.4482958,800,500
154.981265,-38.447497,900,500
154.958549,-38.4466939,1000,500
154.935835,-38.4458865,1100,500
154.913121,-38.4450747,1200,500
154.89041,-38.4442585,1300,500
154.867699,-38.443438,1400,500
154.844989,-38.4426132,1500,500
154.82228,-38.441784,1600,500
154.799572,-38.4409504,1700,500
154.776865,-38.4401124,1800,500
154.754158,-38.4392701,1900,500
154.731451,-38.4384234,2000,500
154.708745,-38.4375723,2100,500
154.686039,-38.4367169,2200,500
154.663334,-38.435857,2300,500
154.640628,-38.4349927,2400,500
154.617923,-38.4341241,2500,500
154.595217,-38.4332511,2600,500
154.572511,-38.4323736,2700,500
154.549804,-38.4314917,2800,500
154.527097,-38.4306055,2900,500
154.50439,-38.4297148,3000,500
154.481681,-38.4288196,3100,500
154.458972,-38.4279201,3200,500
154.436262,-38.4270161,3300,500
154.413551,-38.4261077,3400,500
154.390839,-38.4251948,3500,500
154.368126,-38.4242775,3600,500
154.345411,-38.4233558,3700,500
154.322695,-38.4224295,3800,500
154.299978,-38.4214988,3900,500
154.277486,-38.4205731,3999,500
155.184784,-38.4708762,0,600
155.162047,-38.4701121,100,600
155.139311,-38.4693437,200,600
155.116578,-38.468571,300,600
155.093847,-38.467794,400,600
155.071118,-38.4670126,500,600
155.048391,-38.4662269,600,600
155.025666,-38.4654368,700,600
155.002942,-38.4646424,800,600
154.980221,-38.4638437,900,600
154.9575,-38.4630406,1000,600
154.934781,-38.4622332,1100,600
154.912064,-38.4614214,1200,600
154.889347,-38.4606053,1300,600
154.866632,-38.4597848,1400,600
154.843918,-38.4589599,1500,600
154.821204,-38.4581307,1600,600
154.798492,-38.4572972,1700,600
154.77578,-38.4564592,1800,600
154.753068,-38.4556169,1900,600
154.730357,-38.4547702,2000,600
154.707647,-38.4539191,2100,600
154.684937,-38.4530636,2200,600
154.662226,-38.4522037,2300,600
154.639516,-38.4513395,2400,600
154.616806,-38.4504708,2500,600
154.594096,-38.4495977,2600,600
154.571385,-38.4487203,2700,600
154.548674,-38.4478384,2800,600
154.525963,-38.4469521,2900,600
154.503251,-38.4460613,3000,600
154.480538,-38.4451662,3100,600
154.457824,-38.4442666,3200,600
154.43511,-38.4433626,3300,600
154.412394,-38.4424541,3400,600
154.389678,-38.4415412,3500,600
154.36696,-38.4406239,3600,600
154.344241,-38.4397021,3700,600
154.32152,-38.4387758,3800,600
154.298798,-38.4378451,3900,600
154.276301,-38.4369192,3999,600
155.183819,-38.4872215,0,700
155.161077,-38.4864573,100,700
155.138337,-38.4856889,200,700
155.115599,-38.4849161,300,700
155.092863,-38.484139,400,700
155.07013,-38.4833575,500,700
155.047398,-38.4825717,600,700
155.024669,-38.4817816,700,700
155.001941,-38.4809871,800,700
154.979214,-38.4801883,900,700
154.956489,-38.4793851,1000,700
154.933766,-38.4785776,1100,700
154.911044,-38.4777658,1200,700
154.888323,-38.4769495,1300,700
154.865603,-38.476129,1400,700
154.842884,-38.475304,1500,700
154.820166,-38.4744747,1600,700
154.797449,-38.473641,1700,700
154.774733,-38.472803,1800,700
154.752017,-38.4719605,1900,700
154.729301,-38.4711137,2000,700
154.706586,-38.4702625,2100,700
154.683872,-38.4694069,2200,700
154.661157,-38.4685469,2300,700
154.638442,-38.4676826,2400,700
154.615728,-38.4668138,2500,700
154.593013,-38.4659406,2600,700
154.570298,-38.465063,2700,700
154.547582,-38.464181,2800,700
154.524866,-38.4632946,2900,700
154.502149,-38.4624037,3000,700
154.479432,-38.4615084,3100,700
154.456714,-38.4606087,3200,700
154.433995,-38.4597046,3300,700
154.411275,-38.458796,3400,700
154.388554,-38.4578829,3500,700
154.365832,-38.4569654,3600,700
154.343108,-38.4560435,3700,700
154.320383,-38.455117,3800,700
154.297656,-38.4541862,3900,700
154.275155,-38.4532602,3999,700
155.182886,-38.5034842,0,800
155.160139,-38.5027195,100,800
155.137394,-38.5019505,200,800
155.114652,-38.5011771,300,800
155.091912,-38.5003994,400,800
155.069174,-38.4996173,500,800
155.046438,-38.4988309,600,800
155.023704,-38.4980402,700,800
155.000971,-38.4972451,800,800
154.97824,-38.4964457,900,800
154.955511,-38.4956419,1000,800
154.932783,-38.4948338,1100,800
154.910057,-38.4940214,1200,800
154.887331,-38.4932045,1300,800
154.864607,-38.4923833,1400,800
154.841884,-38.4915578,1500,800
154.819161,-38.4907278,1600,800
154.79644,-38.4898935,1700,800
154.773719,-38.4890548,1800,800
154.750998,-38.4882118,1900,800
154.728278,-38.4873643,2000,800
154.705559,-38.4865125,2100,800
154.682839,-38.4856563,2200,800
154.66012,-38.4847957,2300,800
154.637401,-38.4839307,2400,800
154.614682,-38.4830612,2500,800
154.591963,-38.4821874,2600,800
154.569243,-38.4813092,2700,800
154.546523,-38.4804265,2800,800
154.523803,-38.4795394,2900,800
154.501082,-38.4786479,3000,800
154.47836,-38.477752,3100,800
154.455638,-38.4768516,3200,800
154.432914,-38.4759468,3300,800
154.41019,-38.4750375,3400,800
154.387464,-38.4741238,3500,800
154.364737,-38.4732057,3600,800
154.342009,-38.4722831,3700,800
154.31928,-38.471356,3800,800
154.296549,-38.4704244,3900,800
154.274043,-38.4694977,3999,800
155.181865,-38.5198433,0,900
155.159114,-38.5190787,100,900
155.136365,-38.5183099,200,900
155.113618,-38.5175366,300,900
155.090874,-38.5167591,400,900
155.068131,-38.5159772,500,900
155.04539,-38.5151909,600,900
155.022652,-38.5144004,700,900
154.999915,-38.5136054,800,900
154.977179,-38.5128062,900,900
154.954446,-38.5120025,1000,900
154.931713,-38.5111945,1100,900
154.908982,-38.5103822,1200,900
154.886252,-38.5095655,1300,900
154.863523,-38.5087444,1400,900
154.840795,-38.507919,1500,900
154.818068,-38.5070892,1600,900
154.795342,-38.506255,1700,900
154.772617,-38.5054165,1800,900
154.749892,-38.5045735,1900,900
154.727167,-38.5037262,2000,900
154.704443,-38.5028745,2100,900
154.68172,-38.5020184,2200,900
154.658996,-38.5011579,2300,900
154.636272,-38.500293,2400,900
154.613549,-38.4994236,2500,900
154.590825,-38.4985499,2600,900
154.568101,-38.4976718,2700,900
154.545376,-38.4967892,2800,900
154.522651,-38.4959022,2900,900
154.499925,-38.4950108,3000,900
154.477199,-38.494115,3100,900
154.454472,-38.4932147,3200,900
154.431744,-38.49231,3300,900
154.409015,-38.4914008,3400,900
154.386285,-38.4904871,3500,900
154.363554,-38.4895691,3600,900
154.340821,-38.4886465,3700,900
154.318087,-38.4877195,3800,900
154.295351,-38.486788,3900,900
154.272841,-38.4858614,3999,900
155.180887,-38.5361866,0,1000
155.158132,-38.5354219,100,1000
155.135378,-38.5346529,200,1000
155.112627,-38.5338795,300,1000
155.089878,-38.5331018,400,1000
155.067131,-38.5323197,500,1000
155.044386,-38.5315334,600,1000
155.021642,-38.5307426,700,1000
154.998901,-38.5299475,800,1000
154.976161,-38.5291481,900,1000
154.953422,-38.5283443,1000,1000
154.930685,-38.5275362,1100,1000
154.90795,-38.5267237,1200,1000
154.885215,-38.5259068,1300,1000
154.862482,-38.5250856,1400,1000
154.83975,-38.52426,1500,1000
154.817018,-38.52343,1600,1000
154.794287,-38.5225957,1700,1000
154.771557,-38.5217569,1800,1000
154.748828,-38.5209138,1900,1000
154.726099,-38.5200663,2000,1000
154.70337,-38.5192144,2100,1000
154.680642,-38.5183581,2200,1000
154.657914,-38.5174974,2300,1000
154.635186,-38.5166323,2400,1000
154.612458,-38.5157628,2500,1000
154.589729,-38.5148889,2600,1000
154.567001,-38.5140105,2700,1000
154.544271,-38.5131278,2800,1000
154.521542,-38.5122406,2900,1000
154.498812,-38.511349,3000,1000
154.476081,-38.5104529,3100,1000
154.453349,-38.5095524,3200,1000
154.430617,-38.5086475,3300,1000
154.407883,-38.5077381,3400,1000
154.385149,-38.5068243,3500,1000
154.362413,-38.505906,3600,1000
154.339676,-38.5049832,3700,1000
154.316937,-38.5040559,3800,1000
154.294197,-38.5031242,3900,1000
154.271683,-38.5021974,3999,1000
155.179961,-38.552499,0,1100
155.157201,-38.5517339,100,1100
155.134443,-38.5509646,200,1100
155.111687,-38.5501909,300,1100
155.088933,-38.5494128,400,1100
155.066182,-38.5486305,500,1100
155.043432,-38.5478437,600,1100
155.020684,-38.5470527,700,1100
154.997938,-38.5462573,800,1100
154.975194,-38.5454575,900,1100
154.952451,-38.5446533,1000,1100
154.929709,-38.5438449,1100,1100
154.906969,-38.543032,1200,1100
154.88423,-38.5422148,1300,1100
154.861492,-38.5413932,1400,1100
154.838755,-38.5405672,1500,1100
154.816019,-38.5397369,1600,1100
154.793284,-38.5389022,1700,1100
154.77055,-38.5380631,1800,1100
154.747816,-38.5372196,1900,1100
154.725082,-38.5363717,2000,1100
154.702349,-38.5355195,2100,1100
154.679616,-38.5346628,2200,1100
154.656884,-38.5338017,2300,1100
154.634151,-38.5329362,2400,1100
154.611418,-38.5320663,2500,1100
154.588685,-38.531192,2600,1100
154.565952,-38.5303133,2700,1100
154.543219,-38.5294302,2800,1100
154.520485,-38.5285426,2900,1100
154.49775,-38.5276506,3000,1100
154.475015,-38.5267541,3100,1100
154.452279,-38.5258533,3200,1100
154.429542,-38.5249479,3300,1100
154.406804,-38.5240381,3400,1100
154.384065,-38.5231239,3500,1100
154.361325,-38.5222052,3600,1100
154.338583,-38.521282,3700,1100
154.31584,-38.5203544,3800,1100
154.293095,-38.5194222,3900,1100
154.270577,-38.518495,3999,1100
155.178967,-38.5688529,0,1200
155.156202,-38.5680879,100,1200
155.13344,-38.5673185,200,1200
155.110679,-38.5665448,300,1200
155.087921,-38.5657667,400,1200
155.065165,-38.5649844,500,1200
155.042411,-38.5641976,600,1200
155.019659,-38.5634065,700,1200
154.996908,-38.5626111,800,1200
154.974159,-38.5618113,900,1200
154.951411,-38.5610071,1000,1200
154.928665,-38.5601986,1100,1200
154.905921,-38.5593857,1200,1200
154.883177,-38.5585685,1300,1200
154.860435,-38.5577469,1400,1200
154.837693,-38.5569209,1500,1200
154.814953,-38.5560905,1600,1200
154.792213,-38.5552557,1700,1200
154.769474,-38.5544166,1800,1200
154.746736,-38.5535731,1900,1200
154.723998,-38.5527251,2000,1200
154.70126,-38.5518728,2100,1200
154.678522,-38.5510161,2200,1200
154.655785,-38.550155,2300,1200
154.633048,-38.5492894,2400,1200
154.610311,-38.5484195,2500,1200
154.587573,-38.5475451,2600,1200
154.564836,-38.5466663,2700,1200
154.542098,-38.5457831,2800,1200
154.519359,-38.5448955,2900,1200
154.49662,-38.5440034,3000,1200
154.47388,-38.5431069,3100,1200
154.45114,-38.5422059,3200,1200
154.428398,-38.5413005,3300,1200
154.405656,-38.5403906,3400,1200
154.382912,-38.5394763,3500,1200
154.360167,-38.5385575,3600,1200
154.337421,-38.5376342,3700,1200
154.314673,-38.5367065,3800,1200
154.291924,-38.5357743,3900,1200
154.269401,-38.534847,3999,1200
155.177977,-38.5851863,0,1300
155.155207,-38.5844212,100,1300
155.13244,-38.5836518,200,1300
155.109675,-38.5828781,300,1300
155.086912,-38.5821,400,1300
155.064152,-38.5813176,500,1300
155.041393,-38.5805308,600,1300
155.018636,-38.5797397,700,1300
154.995881,-38.5789442,800,1300
154.973127,-38.5781444,900,1300
154.950375,-38.5773402,1000,1300
154.927625,-38.5765316,1100,1300
154.904876,-38.5757187,1200,1300
154.882127,-38.5749014,1300,1300
154.859381,-38.5740797,1400,1300
154.836635,-38.5732536,1500,1300
154.81389,-38.5724232,1600,1300
154.791145,-38.5715884,1700,1300
154.768402,-38.5707492,1800,1300
154.745659,-38.5699056,1900,1300
154.722916,-38.5690576,2000,1300
154.700174,-38.5682052,2100,1300
154.677432,-38.5673484,2200,1300
154.65469,-38.5664872,2300,1300
154.631948,-38.5656216,2400,1300
154.609207,-38.5647516,2500,1300
154.586465,-38.5638771,2600,1300
154.563722,-38.5629982,2700,1300
154.54098,-38.5621149,2800,1300
154.518237,-38.5612272,2900,1300
154.495493,-38.560335,3000,1300
154.472749,-38.5594384,3100,1300
154.450004,-38.5585373,3200,1300
154.427258,-38.5576318,3300,1300
154.404511,-38.5567219,3400,1300
154.381762,-38.5558074,3500,1300
154.359013,-38.5548885,3600,1300
154.336262,-38.5539652,3700,1300
154.31351,-38.5530373,3800,1300
154.290756,-38.552105,3900,1300
154.268229,-38.5511775,3999,1300
155.177073,-38.6014519,0,1400
155.154299,-38.6006862,100,1400
155.131527,-38.5999161,200,1400
155.108758,-38.5991416,300,1400
155.08599,-38.5983629,400,1400
155.063225,-38.5975797,500,1400
155.040462,-38.5967922,600,1400
155.0177,-38.5960004,700,1400
154.994941,-38.5952042,800,1400
154.972183,-38.5944036,900,1400
154.949426,-38.5935987,1000,1400
154.926671,-38.5927894,1100,1400
154.903917,-38.5919758,1200,1400
154.881165,-38.5911577,1300,1400
154.858413,-38.5903353,1400,1400
154.835663,-38.5895085,1500,1400
154.812913,-38.5886774,1600,1400
154.790164,-38.5878418,1700,1400
154.767416,-38.5870018,1800,1400
154.744669,-38.5861575,1900,1400
154.721922,-38.5853088,2000,1400
154.699175,-38.5844556,2100,1400
154.676429,-38.5835981,2200,1400
154.653683,-38.5827361,2300,1400
154.630936,-38.5818698,2400,1400
154.60819,-38.580999,2500,1400
154.585444,-38.5801238,2600,1400
154.562697,-38.5792441,2700,1400
154.53995,-38.5783601,2800,1400
154.517203,-38.5774716,2900,1400
154.494454,-38.5765786,3000,1400
154.471706,-38.5756812,3100,1400
154.448956,-38.5747794,3200,1400
154.426206,-38.5738731,3300,1400
154.403454,-38.5729624,3400,1400
154.380702,-38.5720472,3500,1400
154.357948,-38.5711275,3600,1400
154.335193,-38.5702033,3700,1400
154.312436,-38.5692747,3800,1400
154.289678,-38.5683416,3900,1400
154.267146,-38.5674134,3999,1400
155.176065,-38.6177936,0,1500
155.153287,-38.6170278,100,1500
155.13051,-38.6162577,200,1500
155.107736,-38.6154833,300,1500
155.084965,-38.6147045,400,1500
155.062195,-38.6139214,500,1500
155.039427,-38.6131339,600,1500
155.016661,-38.612342,700,1500
154.993897,-38.6115458,800,1500
154.971134,-38.6107453,900,1500
154.948373,-38.6099403,1000,1500
154.925613,-38.609131,1100,1500
154.902855,-38.6083173,1200,1500
154.880098,-38.6074993,1300,1500
154.857342,-38.6066768,1400,1500
154.834587,-38.60585,1500,1500
154.811833,-38.6050188,1600,1500
154.78908,-38.6041832,1700,1500
154.766327,-38.6033433,1800,1500
154.743575,-38.6024989,1900,1500
154.720823,-38.6016501,2000,1500
154.698072,-38.6007969,2100,1500
154.675321,-38.5999393,2200,1500
154.65257,-38.5990773,2300,1500
154.62982,-38.5982109,2400,1500
154.607069,-38.5973401,2500,1500
154.584318,-38.5964648,2600,1500
154.561567,-38.5955852,2700,1500
154.538815,-38.594701,2800,1500
154.516063,-38.5938125,2900,1500
154.49331,-38.5929195,3000,1500
154.470557,-38.592022,3100,1500
154.447803,-38.5911201,3200,1500
154.425048,-38.5902138,3300,1500
154.402292,-38.5893029,3400,1500
154.379535,-38.5883877,3500,1500
154.356776,-38.5874679,3600,1500
154.334017,-38.5865437,3700,1500
154.311256,-38.585615,3800,1500
154.288493,-38.5846818,3900,1500
154.265956,-38.5837535,3999,1500
155.175112,-38.6340947,0,1600
155.152329,-38.6333286,100,1600
155.129548,-38.6325581,200,1600
155.106769,-38.6317833,300,1600
155.083993,-38.6310042,400,1600
155.061218,-38.6302207,500,1600
155.038446,-38.6294328,600,1600
155.015676,-38.6286406,700,1600
154.992907,-38.627844,800,1600
154.97014,-38.6270431,900,1600
154.947374,-38.6262378,1000,1600
154.92461,-38.6254281,1100,1600
154.901847,-38.6246141,1200,1600
154.879085,-38.6237956,1300,1600
154.856325,-38.6229728,1400,1600
154.833565,-38.6221456,1500,1600
154.810807,-38.621314,1600,1600
154.788049,-38.6204781,1700,1600
154.765292,-38.6196377,1800,1600
154.742535,-38.6187929,1900,1600
154.719779,-38.6179437,2000,1600
154.697023,-38.6170902,2100,1600
154.674268,-38.6162322,2200,1600
154.651513,-38.6153698,2300,1600
154.628757,-38.614503,2400,1600
154.606002,-38.6136317,2500,1600
154.583247,-38.6127561,2600,1600
154.560491,-38.611876,2700,1600
154.537735,-38.6109914,2800,1600
154.514978,-38.6101024,2900,1600
154.492221,-38.609209,3000,1600
154.469463,-38.6083112,3100,1600
154.446705,-38.6074088,3200,1600
154.423945,-38.6065021,3300,1600
154.401185,-38.6055908,3400,1600
154.378423,-38.6046751,3500,1600
154.35566,-38.6037549,3600,1600
154.332896,-38.6028302,3700,1600
154.31013,-38.6019011,3800,1600
154.287363,-38.6009674,3900,1600
154.264822,-38.6000387,3999,1600
155.174126,-38.6504466,0,1700
155.151339,-38.6496805,100,1700
155.128553,-38.64891,200,1700
155.10577,-38.6481352,300,1700
155.082989,-38.647356,400,1700
155.06021,-38.6465725,500,1700
155.037433,-38.6457846,600,1700
155.014658,-38.6449923,700,1700
154.991885,-38.6441957,800,1700
154.969113,-38.6433947,900,1700
154.946343,-38.6425893,1000,1700
154.923574,-38.6417796,1100,1700
154.900807,-38.6409655,1200,1700
154.878041,-38.640147,1300,1700
154.855276,-38.6393241,1400,1700
154.832512,-38.6384968,1500,1700
154.809748,-38.6376652,1600,1700
154.786986,-38.6368291,1700,1700
154.764224,-38.6359887,1800,1700
154.741463,-38.6351439,1900,1700
154.718702,-38.6342946,2000,1700
154.695942,-38.633441,2100,1700
154.673182,-38.6325829,2200,1700
154.650422,-38.6317204,2300,1700
154.627662,-38.6308535,2400,1700
154.604903,-38.6299822,2500,1700
154.582143,-38.6291064,2600,1700
154.559382,-38.6282262,2700,1700
154.536622,-38.6273416,2800,1700
154.513861,-38.6264525,2900,1700
154.491099,-38.625559,3000,1700
154.468336,-38.624661,3100,1700
154.445573,-38.6237586,3200,1700
154.422809,-38.6228517,3300,1700
154.400044,-38.6219403,3400,1700
154.377278,-38.6210245,3500,1700
154.354511,-38.6201042,3600,1700
154.331742,-38.6191794,3700,1700
154.308972,-38.6182502,3800,1700
154.2862,-38.6173164,3900,1700
154.263654,-38.6163875,3999,1700
155.173106,-38.6668291,0,1800
155.150314,-38.6660631,100,1800
155.127524,-38.6652927,200,1800
155.104736,-38.6645179,300,1800
155.081951,-38.6637388,400,1800
155.059167,-38.6629554,500,1800
155.036386,-38.6621676,600,1800
155.013606,-38.6613754,700,1800
154.990828,-38.6605788,800,1800
154.968052,-38.6597779,900,1800
154.945277,-38.6589726,1000,1800
154.922504,-38.6581629,1100,1800
154.899732,-38.6573489,1200,1800
154.876961,-38.6565304,1300,1800
154.854191,-38.6557076,1400,1800
154.831423,-38.6548804,1500,1800
154.808655,-38.6540488,1600,1800
154.785888,-38.6532128,1700,1800
154.763122,-38.6523724,1800,1800
154.740356,-38.6515276,1900,1800
154.717591,-38.6506784,2000,1800
154.694826,-38.6498248,2100,1800
154.672061,-38.6489668,2200,1800
154.649297,-38.6481043,2300,1800
154.626532,-38.6472375,2400,1800
154.603768,-38.6463662,2500,1800
154.581003,-38.6454905,2600,1800
154.558239,-38.6446103,2700,1800
154.535473,-38.6437257,2800,1800
154.512708,-38.6428366,2900,1800
154.489941,-38.6419431,3000,1800
154.467174,-38.6410452,3100,1800
154.444407,-38.6401428,3200,1800
154.421638,-38.6392359,3300,1800
154.398868,-38.6383246,3400,1800
154.376097,-38.6374087,3500,1800
154.353325,-38.6364884,3600,1800
154.330552,-38.6355637,3700,1800
154.307777,-38.6346344,3800,1800
154.285001,-38.6337006,3900,1800
154.262451,-38.6327718,3999,1800
155.172106,-38.6831836,0,1900
155.149309,-38.6824176,100,1900
155.126514,-38.6816472,200,1900
155.103722,-38.6808725,300,1900
155.080932,-38.6800934,400,1900
155.058144,-38.67931,500,1900
155.035358,-38.6785222,600,1900
155.012574,-38.6777301,700,1900
154.989791,-38.6769335,800,1900
154.96701,-38.6761326,900,1900
154.944231,-38.6753274,1000,1900
154.921453,-38.6745177,1100,1900
154.898677,-38.6737037,1200,1900
154.875901,-38.6728852,1300,1900
154.853127,-38.6720624,1400,1900
154.830354,-38.6712352,1500,1900
154.807581,-38.6704036,1600,1900
154.78481,-38.6695677,1700,1900
154.762039,-38.6687273,1800,1900
154.739269,-38.6678825,1900,1900
154.716499,-38.6670333,2000,1900
154.69373,-38.6661796,2100,1900
154.67096,-38.6653216,2200,1900
154.648191,-38.6644591,2300,1900
154.625422,-38.6635923,2400,1900
154.602653,-38.6627209,2500,1900
154.579884,-38.6618452,2600,1900
154.557115,-38.660965,2700,1900
154.534345,-38.6600804,2800,1900
154.511575,-38.6591913,2900,1900
154.488804,-38.6582978,3000,1900
154.466032,-38.6573998,3100,1900
154.44326,-38.6564974,3200,1900
154.420487,-38.6555904,3300,1900
154.397712,-38.6546791,3400,1900
154.374937,-38.6537632,3500,1900
154.35216,-38.6528429,3600,1900
154.329382,-38.651918,3700,1900
154.306603,-38.6509887,3800,1900
154.283822,-38.6500549,3900,1900
154.261268,-38.649126,3999,1900
155.171159,-38.6994781,0,2000
155.148357,-38.6987118,100,2000
155.125558,-38.6979411,200,2000
155.102761,-38.697166,300,2000
155.079967,-38.6963866,400,2000
155.057174,-38.6956029,500,2000
155.034383,-38.6948147,600,2000
155.011595,-38.6940222,700,2000
154.988808,-38.6932253,800,2000
154.966022,-38.6924241,900,2000
154.943238,-38.6916184,1000,2000
154.920456,-38.6908084,1100,2000
154.897675,-38.689994,1200,2000
154.874895,-38.6891752,1300,2000
154.852116,-38.6883521,1400,2000
154.829338,-38.6875245,1500,2000
154.806562,-38.6866925,1600,2000
154.783785,-38.6858562,1700,2000
154.76101,-38.6850154,1800,2000
154.738235,-38.6841702,1900,2000
154.715461,-38.6833206,2000,2000
154.692687,-38.6824666,2100,2000
154.669913,-38.6816082,2200,2000
154.64714,-38.6807454,2300,2000
154.624366,-38.6798781,2400,2000
154.601593,-38.6790064,2500,2000
154.578819,-38.6781302,2600,2000
154.556045,-38.6772497,2700,2000
154.533271,-38.6763646,2800,2000
154.510496,-38.6754752,2900,2000
154.487721,-38.6745812,3000,2000
154.464944,-38.6736828,3100,2000
154.442168,-38.67278,3200,2000
154.41939,-38.6718727,3300,2000
154.396611,-38.6709609,3400,2000
154.373831,-38.6700446,3500,2000
154.35105,-38.6691239,3600,2000
154.328268,-38.6681986,3700,2000
154.305484,-38.6672689,3800,2000
154.282699,-38.6663346,3900,2000
154.260139,-38.6654053,3999,2000
155.170193,-38.7157893,0,2100
155.147387,-38.7150228,100,2100
155.124583,-38.7142519,200,2100
155.101781,-38.7134766,300,2100
155.078982,-38.712697,400,2100
155.056185,-38.7119131,500,2100
155.03339,-38.7111247,600,2100
155.010597,-38.710332,700,2100
154.987805,-38.7095349,800,2100
154.965015,-38.7087334,900,2100
154.942227,-38.7079276,1000,2100
154.91944,-38.7071174,1100,2100
154.896654,-38.7063028,1200,2100
154.87387,-38.7054838,1300,2100
154.851086,-38.7046604,1400,2100
154.828304,-38.7038326,1500,2100
154.805522,-38.7030004,1600,2100
154.782742,-38.7021638,1700,2100
154.759962,-38.7013228,1800,2100
154.737182,-38.7004774,1900,2100
154.714404,-38.6996276,2000,2100
154.691625,-38.6987733,2100,2100
154.668847,-38.6979146,2200,2100
154.646069,-38.6970516,2300,2100
154.623291,-38.696184,2400,2100
154.600513,-38.6953121,2500,2100
154.577734,-38.6944357,2600,2100
154.554956,-38.6935549,2700,2100
154.532177,-38.6926696,2800,2100
154.509398,-38.6917799,2900,2100
154.486618,-38.6908857,3000,2100
154.463837,-38.689987,3100,2100
154.441056,-38.6890839,3200,2100
154.418273,-38.6881763,3300,2100
154.39549,-38.6872643,3400,2100
154.372706,-38.6863477,3500,2100
154.34992,-38.6854267,3600,2100
154.327133,-38.6845012,3700,2100
154.304345,-38.6835712,3800,2100
154.281555,-38.6826366,3900,2100
154.258991,-38.681707,3999,2100
155.16915,-38.7321772,0,2200
155.14634,-38.7314108,100,2200
155.123532,-38.73064,200,2200
155.100726,-38.7298648,300,2200
155.077922,-38.7290853,400,2200
155.05512,-38.7283015,500,2200
155.03232,-38.7275132,600,2200
155.009522,-38.7267206,700,2200
154.986726,-38.7259236,800,2200
154.963932,-38.7251222,900,2200
154.941139,-38.7243164,1000,2200
154.918347,-38.7235063,1100,2200
154.895557,-38.7226918,1200,2200
154.872768,-38.7218729,1300,2200
154.84998,-38.7210495,1400,2200
154.827193,-38.7202218,1500,2200
154.804407,-38.7193897,1600,2200
154.781622,-38.7185532,1700,2200
154.758837,-38.7177122,1800,2200
154.736053,-38.7168669,1900,2200
154.71327,-38.7160171,2000,2200
154.690487,-38.715163,2100,2200
154.667704,-38.7143044,2200,2200
154.644921,-38.7134413,2300,2200
154.622139,-38.7125739,2400,2200
154.599356,-38.711702,2500,2200
154.576573,-38.7108256,2600,2200
154.55379,-38.7099448,2700,2200
154.531006,-38.7090596,2800,2200
154.508222,-38.7081699,2900,2200
154.485438,-38.7072758,3000,2200
154.462653,-38.7063772,3100,2200
154.439867,-38.7054741,3200,2200
154.41708,-38.7045665,3300,2200
154.394292,-38.7036545,3400,2200
154.371503,-38.702738,3500,2200
154.348713,-38.701817,3600,2200
154.325921,-38.7008915,3700,2200
154.303128,-38.6999615,3800,2200
154.280333,-38.699027,3900,2200
154.257765,-38.6980974,3999,2200
155.168209,-38.7484486,0,2300
155.145394,-38.7476818,100,2300
155.122581,-38.7469106,200,2300
155.09977,-38.746135,300,2300
155.076962,-38.7453551,400,2300
155.054156,-38.7445709,500,2300
155.031351,-38.7437822,600,2300
155.008549,-38.7429892,700,2300
154.985748,-38.7421918,800,2300
154.962949,-38.74139,900,2300
154.940152,-38.7405839,1000,2300
154.917355,-38.7397733,1100,2300
154.894561,-38.7389584,1200,2300
154.871767,-38.738139,1300,2300
154.848975,-38.7373153,1400,2300
154.826183,-38.7364872,1500,2300
154.803393,-38.7356546,1600,2300
154.780603,-38.7348177,1700,2300
154.757814,-38.7339763,1800,2300
154.735025,-38.7331305,1900,2300
154.712237,-38.7322804,2000,2300
154.68945,-38.7314257,2100,2300
154.666662,-38.7305667,2200,2300
154.643875,-38.7297032,2300,2300
154.621088,-38.7288353,2400,2300
154.598301,-38.727963,2500,2300
154.575513,-38.7270862,2600,2300
154.552726,-38.726205,2700,2300
154.529938,-38.7253193,2800,2300
154.507149,-38.7244292,2900,2300
154.48436,-38.7235345,3000,2300
154.46157,-38.7226355,3100,2300
154.43878,-38.7217319,3200,2300
154.415988,-38.7208239,3300,2300
154.393196,-38.7199114,3400,2300
154.370402,-38.7189945,3500,2300
154.347608,-38.718073,3600,2300
154.324812,-38.717147,3700,2300
154.302014,-38.7162166,3800,2300
154.279215,-38.7152816,3900,2300
154.256643,-38.7143515,3999,2300
155.167219,-38.7648036,0,2400
155.1444,-38.7640367,100,2400
155.121582,-38.7632655,200,2400
155.098767,-38.7624899,300,2400
155.075954,-38.7617099,400,2400
155.053143,-38.7609256,500,2400
155.030334,-38.7601369,600,2400
155.007527,-38.7593438,700,2400
154.984722,-38.7585463,800,2400
154.961918,-38.7577445,900,2400
154.939116,-38.7569382,1000,2400
154.916315,-38.7561276,1100,2400
154.893516,-38.7553125,1200,2400
154.870718,-38.7544931,1300,2400
154.847921,-38.7536693,1400,2400
154.825125,-38.7528411,1500,2400
154.80233,-38.7520085,1600,2400
154.779535,-38.7511714,1700,2400
154.756742,-38.75033,1800,2400
154.733948,-38.7494841,1900,2400
154.711156,-38.7486338,2000,2400
154.688364,-38.7477791,2100,2400
154.665572,-38.7469199,2200,2400
154.64278,-38.7460564,2300,2400
154.619988,-38.7451883,2400,2400
154.597196,-38.7443159,2500,2400
154.574404,-38.743439,2600,2400
154.551612,-38.7425576,2700,2400
154.52882,-38.7416718,2800,2400
154.506027,-38.7407816,2900,2400
154.483233,-38.7398868,3000,2400
154.460439,-38.7389877,3100,2400
154.437643,-38.738084,3200,2400
154.414847,-38.7371758,3300,2400
154.39205,-38.7362632,3400,2400
154.369252,-38.7353461,3500,2400
154.346453,-38.7344245,3600,2400
154.323652,-38.7334984,3700,2400
154.30085,-38.7325678,3800,2400
154.278047,-38.7316327,3900,2400
154.25547,-38.7307024,3999,2400
155.166228,-38.7811516,0,2500
155.143403,-38.7803847,100,2500
155.120581,-38.7796135,200,2500
155.097762,-38.7788379,300,2500
155.074944,-38.7780579,400,2500
155.052129,-38.7772735,500,2500
155.029315,-38.7764848,600,2500
155.006503,-38.7756917,700,2500
154.983693,-38.7748942,800,2500
154.960885,-38.7740923,900,2500
154.938078,-38.7732861,1000,2500
154.915273,-38.7724754,1100,2500
154.892469,-38.7716603,1200,2500
154.869666,-38.7708409,1300,2500
154.846865,-38.770017,1400,2500
154.824064,-38.7691888,1500,2500
154.801264,-38.7683561,1600,2500
154.778465,-38.767519,1700,2500
154.755667,-38.7666775,1800,2500
154.73287,-38.7658316,1900,2500
154.710072,-38.7649813,2000,2500
154.687276,-38.7641265,2100,2500
154.664479,-38.7632673,2200,2500
154.641683,-38.7624037,2300,2500
154.618886,-38.7615356,2400,2500
154.59609,-38.7606631,2500,2500
154.573293,-38.7597861,2600,2500
154.550497,-38.7589047,2700,2500
154.527699,-38.7580188,2800,2500
154.504902,-38.7571285,2900,2500
154.482103,-38.7562337,3000,2500
154.459305,-38.7553344,3100,2500
154.436505,-38.7544307,3200,2500
154.413704,-38.7535225,3300,2500
154.390903,-38.7526098,3400,2500
154.3681,-38.7516926,3500,2500
154.345296,-38.7507709,3600,2500
154.322491,-38.7498447,3700,2500
154.299684,-38.748914,3800,2500
154.276876,-38.7479788,3900,2500
154.254294,-38.7470485,3999,2500
155.165205,-38.7975149,0,2600
155.142376,-38.7967481,100,2600
155.11955,-38.7959769,200,2600
155.096725,-38.7952014,300,2600
155.073903,-38.7944215,400,2600
155.051083,-38.7936372,500,2600
155.028265,-38.7928485,600,2600
155.005449,-38.7920555,700,2600
154.982634,-38.791258,800,2600
154.959821,-38.7904562,900,2600
154.93701,-38.78965,1000,2600
154.9142,-38.7888394,1100,2600
154.891392,-38.7880243,1200,2600
154.868584,-38.7872049,1300,2600
154.845778,-38.7863811,1400,2600
154.822973,-38.7855529,1500,2600
154.800169,-38.7847203,1600,2600
154.777365,-38.7838832,1700,2600
154.754562,-38.7830417,1800,2600
154.73176,-38.7821959,1900,2600
154.708958,-38.7813455,2000,2600
154.686157,-38.7804908,2100,2600
154.663356,-38.7796316,2200,2600
154.640555,-38.778768,2300,2600
154.617754,-38.7779,2400,2600
154.594953,-38.7770275,2500,2600
154.572151,-38.7761505,2600,2600
154.54935,-38.7752691,2700,2600
154.526548,-38.7743832,2800,2600
154.503746,-38.7734929,2900,2600
154.480943,-38.7725981,3000,2600
154.45814,-38.7716988,3100,2600
154.435335,-38.7707951,3200,2600
154.41253,-38.7698869,3300,2600
154.389724,-38.7689742,3400,2600
154.366917,-38.768057,3500,2600
154.344108,-38.7671352,3600,2600
154.321298,-38.766209,3700,2600
154.298487,-38.7652783,3800,2600
154.275674,-38.7643431,3900,2600
154.253088,-38.7634128,3999,2600
155.164263,-38.813796,0,2700
155.141429,-38.8130288,100,2700
155.118598,-38.8122572,200,2700
155.095769,-38.8114813,300,2700
155.072943,-38.8107009,400,2700
155.050118,-38.8099162,500,2700
155.027295,-38.8091271,600,2700
155.004475,-38.8083336,700,2700
154.981655,-38.8075358,800,2700
154.958838,-38.8067335,900,2700
154.936022,-38.8059269,1000,2700
154.913208,-38.8051158,1100,2700
154.890395,-38.8043004,1200,2700
154.867583,-38.8034805,1300,2700
154.844772,-38.8026563,1400,2700
154.821962,-38.8018276,1500,2700
154.799153,-38.8009945,1600,2700
154.776345,-38.800157,1700,2700
154.753538,-38.7993151,1800,2700
154.730731,-38.7984687,1900,2700
154.707924,-38.797618,2000,2700
154.685118,-38.7967628,2100,2700
154.662313,-38.7959031,2200,2700
154.639507,-38.7950391,2300,2700
154.616702,-38.7941705,2400,2700
154.593896,-38.7932976,2500,2700
154.571091,-38.7924201,2600,2700
154.548285,-38.7915383,2700,2700
154.525478,-38.7906519,2800,2700
154.502671,-38.7897611,2900,2700
154.479864,-38.7888658,3000,2700
154.457056,-38.7879661,3100,2700
154.434247,-38.7870619,3200,2700
154.411438,-38.7861531,3300,2700
154.388627,-38.7852399,3400,2700
154.365815,-38.7843222,3500,2700
154.343002,-38.7834,3600,2700
154.320188,-38.7824733,3700,2700
154.297372,-38.7815421,3800,2700
154.274554,-38.7806064,3900,2700
154.251964,-38.7796756,3999,2700
155.163256,-38.8301447,0,2800
155.140417,-38.8293774,100,2800
155.117582,-38.8286058,200,2800
155.094748,-38.8278297,300,2800
155.071917,-38.8270493,400,2800
155.049088,-38.8262644,500,2800
155.02626,-38.8254752,600,2800
155.003435,-38.8246816,700,2800
154.980611,-38.8238837,800,2800
154.957789,-38.8230813,900,2800
154.934969,-38.8222745,1000,2800
154.91215,-38.8214634,1100,2800
154.889332,-38.8206478,1200,2800
154.866515,-38.8198278,1300,2800
154.8437,-38.8190034,1400,2800
154.820886,-38.8181746,1500,2800
154.798072,-38.8173414,1600,2800
154.77526,-38.8165038,1700,2800
154.752448,-38.8156617,1800,2800
154.729636,-38.8148152,1900,2800
154.706825,-38.8139643,2000,2800
154.684015,-38.813109,2100,2800
154.661204,-38.8122492,2200,2800
154.638394,-38.811385,2300,2800
154.615584,-38.8105163,2400,2800
154.592774,-38.8096432,2500,2800
154.569964,-38.8087656,2600,2800
154.547153,-38.8078836,2700,2800
154.524342,-38.8069971,2800,2800
154.501531,-38.8061061,2900,2800
154.478719,-38.8052107,3000,2800
154.455906,-38.8043107,3100,2800
154.433093,-38.8034063,3200,2800
154.410278,-38.8024974,3300,2800
154.387463,-38.8015841,3400,2800
154.364647,-38.8006662,3500,2800
154.341829,-38.7997438,3600,2800
154.31901,-38.7988169,3700,2800
154.29619,-38.7978855,3800,2800
154.273368,-38.7969496,3900,2800
154.250772,-38.7960186,3999,2800
155.162244,-38.8464963,0,2900
155.139401,-38.845729,100,2900
155.11656,-38.8449574,200,2900
155.093722,-38.8441813,300,2900
155.070887,-38.8434009,400,2900
155.048053,-38.8426161,500,2900
155.025221,-38.841827,600,2900
155.002391,-38.8410334,700,2900
154.979563,-38.8402354,800,2900
154.956736,-38.8394331,900,2900
154.933911,-38.8386263,1000,2900
154.911087,-38.8378152,1100,2900
154.888265,-38.8369996,1200,2900
154.865444,-38.8361796,1300,2900
154.842624,-38.8353553,1400,2900
154.819805,-38.8345265,1500,2900
154.796987,-38.8336933,1600,2900
154.774169,-38.8328556,1700,2900
154.751353,-38.8320136,1800,2900
154.728537,-38.8311671,1900,2900
154.705721,-38.8303162,2000,2900
154.682906,-38.8294608,2100,2900
154.660091,-38.828601,2200,2900
154.637276,-38.8277368,2300,2900
154.614462,-38.8268681,2400,2900
154.591647,-38.8259949,2500,2900
154.568832,-38.8251173,2600,2900
154.546017,-38.8242353,2700,2900
154.523201,-38.8233488,2800,2900
154.500385,-38.8224578,2900,2900
154.477569,-38.8215623,3000,2900
154.454751,-38.8206623,3100,2900
154.431933,-38.8197579,3200,2900
154.409114,-38.818849,3300,2900
154.386295,-38.8179355,3400,2900
154.363473,-38.8170176,3500,2900
154.340651,-38.8160952,3600,2900
154.317828,-38.8151683,3700,2900
154.295003,-38.8142368,3800,2900
154.272176,-38.8133009,3900,2900
154.249576,-38.8123698,3999,2900
155.161305,-38.8627818,0,3000
155.138458,-38.8620141,100,3000
155.115613,-38.8612421,200,3000
155.09277,-38.8604656,300,3000
155.06993,-38.8596847,400,3000
155.047091,-38.8588995,500,3000
155.024255,-38.8581099,600,3000
155.00142,-38.8573159,700,3000
154.978587,-38.8565175,800,3000
154.955756,-38.8557146,900,3000
154.932926,-38.8549074,1000,3000
154.910098,-38.8540958,1100,3000
154.887271,-38.8532798,1200,3000
154.864446,-38.8524594,1300,3000
154.841621,-38.8516345,1400,3000
154.818797,-38.8508053,1500,3000
154.795975,-38.8499716,1600,3000
154.773153,-38.8491335,1700,3000
154.750332,-38.848291,1800,3000
154.727511,-38.847444,1900,3000
154.704691,-38.8465926,2000,3000
154.681871,-38.8457368,2100,3000
154.659052,-38.8448765,2200,3000
154.636233,-38.8440118,2300,3000
154.613413,-38.8431426,2400,3000
154.590594,-38.8422689,2500,3000
154.567775,-38.8413909,2600,3000
154.544955,-38.8405083,2700,3000
154.522135,-38.8396213,2800,3000
154.499314,-38.8387298,2900,3000
154.476493,-38.8378338,3000,3000
154.453671,-38.8369333,3100,3000
154.430849,-38.8360284,3200,3000
154.408025,-38.835119,3300,3000
154.385201,-38.834205,3400,3000
154.362375,-38.8332866,3500,3000
154.339548,-38.8323637,3600,3000
154.31672,-38.8314362,3700,3000
154.293891,-38.8305042,3800,3000
154.27106,-38.8295677,3900,3000
154.248455,-38.8286362,3999,3000
155.160312,-38.8791415,0,3100
155.13746,-38.8783738,100,3100
155.11461,-38.8776018,200,3100
155.091763,-38.8768254,300,3100
155.068918,-38.8760445,400,3100
155.046074,-38.8752593,500,3100
155.023233,-38.8744698,600,3100
155.000394,-38.8736758,700,3100
154.977557,-38.8728774,800,3100
154.954721,-38.8720746,900,3100
154.931887,-38.8712674,1000,3100
154.909054,-38.8704558,1100,3100
154.886222,-38.8696398,1200,3100
154.863392,-38.8688194,1300,3100
154.840563,-38.8679946,1400,3100
154.817734,-38.8671653,1500,3100
154.794907,-38.8663317,1600,3100
154.772081,-38.8654936,1700,3100
154.749255,-38.8646511,1800,3100
154.72643,-38.8638041,1900,3100
154.703605,-38.8629527,2000,3100
154.680781,-38.8620969,2100,3100
154.657956,-38.8612366,2200,3100
154.635133,-38.8603718,2300,3100
154.612309,-38.8595027,2400,3100
154.589485,-38.858629,2500,3100
154.566661,-38.8577509,2600,3100
154.543836,-38.8568683,2700,3100
154.521012,-38.8559813,2800,3100
154.498187,-38.8550898,2900,3100
154.475361,-38.8541938,3000,3100
154.452534,-38.8532933,3100,3100
154.429707,-38.8523883,3200,3100
154.406879,-38.8514789,3300,3100
154.38405,-38.8505649,3400,3100
154.36122,-38.8496464,3500,3100
154.338388,-38.8487235,3600,3100
154.315556,-38.847796,3700,3100
154.292722,-38.846864,3800,3100
154.269886,-38.8459274,3900,3100
154.247277,-38.8449958,3999,3100
155.159287,-38.8955005,0,3200
155.13643,-38.8947328,100,3200
155.113576,-38.8939607,200,3200
155.090724,-38.8931843,300,3200
155.067875,-38.8924035,400,3200
155.045027,-38.8916183,500,3200
155.022181,-38.8908287,600,3200
154.999337,-38.8900347,700,3200
154.976495,-38.8892363,800,3200
154.953655,-38.8884335,900,3200
154.930816,-38.8876263,1000,3200
154.907978,-38.8868147,1100,3200
154.885142,-38.8859986,1200,3200
154.862307,-38.8851782,1300,3200
154.839474,-38.8843533,1400,3200
154.816641,-38.8835241,1500,3200
154.793809,-38.8826904,1600,3200
154.770978,-38.8818522,1700,3200
154.748147,-38.8810097,1800,3200
154.725318,-38.8801627,1900,3200
154.702488,-38.8793112,2000,3200
154.679659,-38.8784553,2100,3200
154.656831,-38.877595,2200,3200
154.634002,-38.8767302,2300,3200
154.611173,-38.875861,2400,3200
154.588345,-38.8749873,2500,3200
154.565516,-38.8741091,2600,3200
154.542687,-38.8732265,2700,3200
154.519858,-38.8723394,2800,3200
154.497028,-38.8714478,2900,3200
154.474198,-38.8705517,3000,3200
154.451367,-38.8696512,3100,3200
154.428535,-38.8687461,3200,3200
154.405702,-38.8678366,3300,3200
154.382868,-38.8669225,3400,3200
154.360034,-38.866004,3500,3200
154.337198,-38.8650809,3600,3200
154.31436,-38.8641534,3700,3200
154.291521,-38.8632213,3800,3200
154.268681,-38.8622846,3900,3200
154.246068,-38.8613529,3999,3200
155.15835,-38.9117841,0,3300
155.135489,-38.9110161,100,3300
155.11263,-38.9102437,200,3300
155.089774,-38.9094669,300,3300
155.066919,-38.9086857,400,3300
155.044067,-38.9079001,500,3300
155.021217,-38.9071102,600,3300
154.998368,-38.9063158,700,3300
154.975522,-38.905517,800,3300
154.952677,-38.9047139,900,3300
154.929833,-38.9039063,1000,3300
154.906991,-38.9030943,1100,3300
154.88415,-38.9022779,1200,3300
154.861311,-38.901457,1300,3300
154.838472,-38.9006318,1400,3300
154.815635,-38.8998021,1500,3300
154.792798,-38.898968,1600,3300
154.769963,-38.8981295,1700,3300
154.747128,-38.8972865,1800,3300
154.724293,-38.8964391,1900,3300
154.701459,-38.8955873,2000,3300
154.678626,-38.894731,2100,3300
154.655793,-38.8938703,2200,3300
154.63296,-38.8930051,2300,3300
154.610127,-38.8921354,2400,3300
154.587293,-38.8912613,2500,3300
154.56446,-38.8903827,2600,3300
154.541627,-38.8894997,2700,3300
154.518793,-38.8886122,2800,3300
154.495958,-38.8877202,2900,3300
154.473124,-38.8868237,3000,3300
154.450288,-38.8859227,3100,3300
154.427452,-38.8850172,3200,3300
154.404614,-38.8841073,3300,3300
154.381776,-38.8831928,3400,3300
154.358937,-38.8822738,3500,3300
154.336096,-38.8813503,3600,3300
154.313254,-38.8804223,3700,3300
154.290411,-38.8794898,3800,3300
154.267566,-38.8785527,3900,3300
154.244948,-38.8776205,3999,3300
155.157328,-38.9281393,0,3400
155.134462,-38.9273712,100,3400
155.111599,-38.9265988,200,3400
155.088738,-38.925822,300,3400
155.065879,-38.9250408,400,3400
155.043022,-38.9242552,500,3400
155.020167,-38.9234652,600,3400
154.997314,-38.9226709,700,3400
154.974462,-38.9218721,800,3400
154.951613,-38.9210689,900,3400
154.928765,-38.9202612,1000,3400
154.905918,-38.9194492,1100,3400
154.883072,-38.9186328,1200,3400
154.860228,-38.9178119,1300,3400
154.837385,-38.9169866,1400,3400
154.814543,-38.9161569,1500,3400
154.791702,-38.9153228,1600,3400
154.768862,-38.9144842,1700,3400
154.746022,-38.9136412,1800,3400
154.723183,-38.9127937,1900,3400
154.700345,-38.9119418,2000,3400
154.677507,-38.9110855,2100,3400
154.654669,-38.9102247,2200,3400
154.631831,-38.9093594,2300,3400
154.608993,-38.9084897,2400,3400
154.586155,-38.9076155,2500,3400
154.563318,-38.9067369,2600,3400
154.540479,-38.9058538,2700,3400
154.517641,-38.9049662,2800,3400
154.494802,-38.9040741,2900,3400
154.471962,-38.9031775,3000,3400
154.449122,-38.9022765,3100,3400
154.426281,-38.9013709,3200,3400
154.403439,-38.9004609,3300,3400
154.380596,-38.8995463,3400,3400
154.357752,-38.8986272,3500,3400
154.334907,-38.8977037,3600,3400
154.312061,-38.8967755,3700,3400
154.289213,-38.8958429,3800,3400
154.266363,-38.8949057,3900,3400
154.24374,-38.8939735,3999,3400
155.156347,-38.9444666,0,3500
155.133476,-38.9436985,100,3500
155.110608,-38.942926,200,3500
155.087742,-38.9421491,300,3500
155.064879,-38.9413679,400,3500
155.042017,-38.9405822,500,3500
155.019158,-38.9397921,600,3500
154.9963,-38.9389977,700,3500
154.973444,-38.9381988,800,3500
154.95059,-38.9373955,900,3500
154.927737,-38.9365878,1000,3500
154.904886,-38.9357757,1100,3500
154.882036,-38.9349592,1200,3500
154.859187,-38.9341382,1300,3500
154.836339,-38.9333128,1400,3500
154.813493,-38.932483,1500,3500
154.790647,-38.9316488,1600,3500
154.767802,-38.9308101,1700,3500
154.744958,-38.929967,1800,3500
154.722114,-38.9291194,1900,3500
154.699271,-38.9282674,2000,3500
154.676428,-38.927411,2100,3500
154.653585,-38.92655,2200,3500
154.630743,-38.9256847,2300,3500
154.607901,-38.9248148,2400,3500
154.585058,-38.9239405,2500,3500
154.562216,-38.9230618,2600,3500
154.539373,-38.9221785,2700,3500
154.51653,-38.9212908,2800,3500
154.493687,-38.9203986,2900,3500
154.470842,-38.9195019,3000,3500
154.447998,-38.9186007,3100,3500
154.425152,-38.917695,3200,3500
154.402305,-38.9167848,3300,3500
154.379458,-38.9158701,3400,3500
154.356609,-38.9149509,3500,3500
154.333759,-38.9140272,3600,3500
154.310908,-38.9130989,3700,3500
154.288056,-38.9121661,3800,3500
154.265202,-38.9112288,3900,3500
154.242574,-38.9102964,3999,3500
155.155375,-38.9607827,0,3600
155.1325,-38.9600143,100,3600
155.109628,-38.9592415,200,3600
155.086757,-38.9584644,300,3600
155.063889,-38.9576828,400,3600
155.041023,-38.9568968,500,3600
155.018159,-38.9561064,600,3600
154.995296,-38.9553116,700,3600
154.972436,-38.9545124,800,3600
154.949577,-38.9537088,900,3600
154.926719,-38.9529007,1000,3600
154.903863,-38.9520883,1100,3600
154.881009,-38.9512714,1200,3600
154.858156,-38.9504501,1300,3600
154.835303,-38.9496244,1400,3600
154.812452,-38.9487942,1500,3600
154.789602,-38.9479597,1600,3600
154.766752,-38.9471206,1700,3600
154.743903,-38.9462772,1800,3600
154.721055,-38.9454293,1900,3600
154.698207,-38.9445769,2000,3600
154.67536,-38.9437201,2100,3600
154.652513,-38.9428588,2200,3600
154.629666,-38.9419931,2300,3600
154.606819,-38.9411229,2400,3600
154.583972,-38.9402482,2500,3600
154.561125,-38.9393691,2600,3600
154.538278,-38.9384855,2700,3600
154.51543,-38.9375974,2800,3600
154.492582,-38.9367048,2900,3600
154.469733,-38.9358077,3000,3600
154.446884,-38.9349061,3100,3600
154.424033,-38.9340001,3200,3600
154.401182,-38.9330895,3300,3600
154.37833,-38.9321744,3400,3600
154.355477,-38.9312548,3500,3600
154.332622,-38.9303307,3600,3600
154.309767,-38.929402,3700,3600
154.28691,-38.9284688,3800,3600
154.264051,-38.9275311,3900,3600
154.241419,-38.9265983,3999,3600
155.154351,-38.9771449,0,3700
155.131472,-38.9763767,100,3700
155.108594,-38.975604,200,3700
155.085719,-38.974827,300,3700
155.062846,-38.9740455,400,3700
155.039976,-38.9732597,500,3700
155.017107,-38.9724694,600,3700
154.99424,-38.9716747,700,3700
154.971375,-38.9708757,800,3700
154.948511,-38.9700722,900,3700
154.925649,-38.9692642,1000,3700
154.902789,-38.9684519,1100,3700
154.879929,-38.9676352,1200,3700
154.857071,-38.966814,1300,3700
154.834214,-38.9659884,1400,3700
154.811358,-38.9651583,1500,3700
154.788503,-38.9643239,1600,3700
154.765649,-38.9634849,1700,3700
154.742796,-38.9626416,1800,3700
154.719943,-38.9617938,1900,3700
154.69709,-38.9609415,2000,3700
154.674238,-38.9600848,2100,3700
154.651387,-38.9592236,2200,3700
154.628535,-38.958358,2300,3700
154.605684,-38.9574879,2400,3700
154.582832,-38.9566133,2500,3700
154.55998,-38.9557342,2600,3700
154.537128,-38.9548507,2700,3700
154.514276,-38.9539627,2800,3700
154.491423,-38.9530702,2900,3700
154.46857,-38.9521732,3000,3700
154.445715,-38.9512717,3100,3700
154.422861,-38.9503657,3200,3700
154.400005,-38.9494552,3300,3700
154.377148,-38.9485401,3400,3700
154.35429,-38.9476206,3500,3700
154.331431,-38.9466965,3600,3700
154.308571,-38.9457679,3700,3700
154.285709,-38.9448348,3800,3700
154.262845,-38.9438971,3900,3700
154.240209,-38.9429644,3999,3700
155.153363,-38.9934793,0,3800
155.130479,-38.9927109,100,3800
155.107597,-38.9919382,200,3800
155.084717,-38.991161,300,3800
155.061839,-38.9903794,400,3800
155.038964,-38.9895935,500,3800
155.016091,-38.9888031,600,3800
154.993219,-38.9880083,700,3800
154.970349,-38.9872091,800,3800
154.947481,-38.9864055,900,3800
154.924614,-38.9855975,1000,3800
154.901749,-38.984785,1100,3800
154.878885,-38.9839681,1200,3800
154.856023,-38.9831468,1300,3800
154.833161,-38.9823211,1400,3800
154.8103,-38.9814909,1500,3800
154.787441,-38.9806563,1600,3800
154.764582,-38.9798172,1700,3800
154.741724,-38.9789737,1800,3800
154.718866,-38.9781257,1900,3800
154.696009,-38.9772733,2000,3800
154.673153,-38.9764165,2100,3800
154.650296,-38.9755551,2200,3800
154.62744,-38.9746893,2300,3800
154.604584,-38.9738191,2400,3800
154.581728,-38.9729443,2500,3800
154.558871,-38.9720651,2600,3800
154.536015,-38.9711814,2700,3800
154.513158,-38.9702932,2800,3800
154.4903,-38.9694006,2900,3800
154.467442,-38.9685034,3000,3800
154.444583,-38.9676017,3100,3800
154.421724,-38.9666955,3200,3800
154.398864,-38.9657848,3300,3800
154.376002,-38.9648696,3400,3800
154.35314,-38.9639499,3500,3800
154.330276,-38.9630256,3600,3800
154.307411,-38.9620969,3700,3800
154.284544,-38.9611635,3800,3800
154.261676,-38.9602257,3900,3800
154.239036,-38.9592927,3999,3800
155.15241,-39.009771,0,3900
155.129521,-39.0090023,100,3900
155.106634,-39.0082291,200,3900
155.08375,-39.0074516,300,3900
155.060868,-39.0066697,400,3900
155.037988,-39.0058833,500,3900
155.01511,-39.0050926,600,3900
154.992233,-39.0042974,700,3900
154.969359,-39.0034978,800,3900
154.946486,-39.0026938,900,3900
154.923615,-39.0018854,1000,3900
154.900745,-39.0010725,1100,3900
154.877876,-39.0002552,1200,3900
154.855009,-38.9994335,1300,3900
154.832143,-38.9986074,1400,3900
154.809278,-38.9977768,1500,3900
154.786414,-38.9969418,1600,3900
154.76355,-38.9961023,1700,3900
154.740688,-38.9952584,1800,3900
154.717825,-38.99441,1900,3900
154.694964,-38.9935572,2000,3900
154.672102,-38.9926999,2100,3900
154.649242,-38.9918382,2200,3900
154.626381,-38.990972,2300,3900
154.60352,-38.9901013,2400,3900
154.580659,-38.9892261,2500,3900
154.557798,-38.9883465,2600,3900
154.534937,-38.9874623,2700,3900
154.512075,-38.9865737,2800,3900
154.489213,-38.9856806,2900,3900
154.466351,-38.984783,3000,3900
154.443487,-38.9838809,3100,3900
154.420623,-38.9829743,3200,3900
154.397758,-38.9820631,3300,3900
154.374892,-38.9811475,3400,3900
154.352025,-38.9802273,3500,3900
154.329157,-38.9793026,3600,3900
154.306288,-38.9783733,3700,3900
154.283416,-38.9774396,3800,3900
154.260544,-38.9765012,3900,3900
154.237899,-38.9755678,3999,3900
155.151434,-39.0260825,0,4000
155.128541,-39.0253135,100,4000
155.105649,-39.0245401,200,4000
155.08276,-39.0237622,300,4000
155.059874,-39.02298,400,4000
155.036989,-39.0221933,500,4000
155.014106,-39.0214022,600,4000
154.991225,-39.0206067,700,4000
154.968346,-39.0198068,800,4000
154.945469,-39.0190025,900,4000
154.922593,-39.0181937,1000,4000
154.899718,-39.0173806,1100,4000
154.876845,-39.016563,1200,4000
154.853973,-39.0157409,1300,4000
154.831103,-39.0149144,1400,4000
154.808233,-39.0140835,1500,4000
154.785364,-39.0132482,1600,4000
154.762496,-39.0124083,1700,4000
154.739629,-39.0115641,1800,4000
154.716762,-39.0107154,1900,4000
154.693896,-39.0098622,2000,4000
154.67103,-39.0090045,2100,4000
154.648164,-39.0081424,2200,4000
154.625299,-39.0072759,2300,4000
154.602433,-39.0064048,2400,4000
154.579568,-39.0055293,2500,4000
154.556702,-39.0046493,2600,4000
154.533836,-39.0037648,2700,4000
154.51097,-39.0028758,2800,4000
154.488104,-39.0019823,2900,4000
154.465236,-39.0010843,3000,4000
154.442369,-39.0001818,3100,4000
154.4195,-38.9992748,3200,4000
154.39663,-38.9983633,3300,4000
154.37376,-38.9974473,3400,4000
154.350888,-38.9965267,3500,4000
154.328015,-38.9956016,3600,4000
154.305141,-38.994672,3700,4000
154.282265,-38.9937378,3800,4000
154.259388,-38.9927991,3900,4000
154.236738,-38.9918653,3999,4000
155.150404,-39.0424382,0,4100
155.127506,-39.0416693,100,4100
155.10461,-39.040896,200,4100
155.081716,-39.0401183,300,4100
155.058825,-39.0393361,400,4100
155.035935,-39.0385496,500,4100
155.013048,-39.0377586,600,4100
154.990162,-39.0369632,700,4100
154.967279,-39.0361634,800,4100
154.944397,-39.0353592,900,4100
154.921516,-39.0345506,1000,4100
154.898637,-39.0337375,1100,4100
154.875759,-39.03292,1200,4100
154.852883,-39.032098,1300,4100
154.830007,-39.0312716,1400,4100
154.807133,-39.0304408,1500,4100
154.784259,-39.0296055,1600,4100
154.761387,-39.0287658,1700,4100
154.738515,-39.0279216,1800,4100
154.715643,-39.027073,1900,4100
154.692772,-39.0262199,2000,4100
154.669902,-39.0253623,2100,4100
154.647031,-39.0245003,2200,4100
154.624161,-39.0236338,2300,4100
154.601291,-39.0227628,2400,4100
154.578421,-39.0218874,2500,4100
154.555551,-39.0210074,2600,4100
154.532681,-39.020123,2700,4100
154.50981,-39.0192341,2800,4100
154.486938,-39.0183406,2900,4100
154.464066,-39.0174427,3000,4100
154.441194,-39.0165403,3100,4100
154.418321,-39.0156333,3200,4100
154.395446,-39.0147218,3300,4100
154.372571,-39.0138058,3400,4100
154.349695,-39.0128853,3500,4100
154.326817,-39.0119603,3600,4100
154.303938,-39.0110307,3700,4100
154.281058,-39.0100965,3800,4100
154.258176,-39.0091579,3900,4100
154.235521,-39.0082241,3999,4100
155.149432,-39.0587605,0,4200
155.126529,-39.0579913,100,4200
155.103629,-39.0572177,200,4200
155.08073,-39.0564398,300,4200
155.057834,-39.0556573,400,4200
155.03494,-39.0548705,500,4200
155.012048,-39.0540793,600,4200
154.989158,-39.0532836,700,4200
154.96627,-39.0524836,800,4200
154.943383,-39.0516791,900,4200
154.920498,-39.0508701,1000,4200
154.897614,-39.0500568,1100,4200
154.874732,-39.049239,1200,4200
154.85185,-39.0484167,1300,4200
154.82897,-39.04759,1400,4200
154.806091,-39.0467589,1500,4200
154.783213,-39.0459233,1600,4200
154.760336,-39.0450833,1700,4200
154.737459,-39.0442388,1800,4200
154.714583,-39.0433899,1900,4200
154.691708,-39.0425365,2000,4200
154.668832,-39.0416786,2100,4200
154.645958,-39.0408163,2200,4200
154.623083,-39.0399495,2300,4200
154.600208,-39.0390782,2400,4200
154.577333,-39.0382024,2500,4200
154.554459,-39.0373221,2600,4200
154.531584,-39.0364374,2700,4200
154.508708,-39.0355481,2800,4200
154.485832,-39.0346544,2900,4200
154.462956,-39.0337561,3000,4200
154.440078,-39.0328533,3100,4200
154.4172,-39.031946,3200,4200
154.394322,-39.0310342,3300,4200
154.371442,-39.0301179,3400,4200
154.348561,-39.029197,3500,4200
154.325679,-39.0282716,3600,4200
154.302795,-39.0273417,3700,4200
154.27991,-39.0264072,3800,4200
154.257024,-39.0254682,3900,4200
154.234365,-39.0245341,3999,4200
155.148467,-39.0750592,0,4300
155.125559,-39.0742897,100,4300
155.102654,-39.0735158,200,4300
155.079751,-39.0727375,300,4300
155.05685,-39.0719548,400,4300
155.033951,-39.0711676,500,4300
155.011055,-39.0703761,600,4300
154.98816,-39.0695801,700,4300
154.965267,-39.0687797,800,4300
154.942376,-39.0679748,900,4300
154.919486,-39.0671656,1000,4300
154.896597,-39.0663519,1100,4300
154.87371,-39.0655337,1200,4300
154.850824,-39.0647111,1300,4300
154.82794,-39.0638841,1400,4300
154.805056,-39.0630526,1500,4300
154.782173,-39.0622167,1600,4300
154.759291,-39.0613763,1700,4300
154.73641,-39.0605315,1800,4300
154.713529,-39.0596822,1900,4300
154.690649,-39.0588284,2000,4300
154.667769,-39.0579702,2100,4300
154.64489,-39.0571075,2200,4300
154.622011,-39.0562403,2300,4300
154.599131,-39.0553687,2400,4300
154.576252,-39.0544925,2500,4300
154.553372,-39.0536119,2600,4300
154.530493,-39.0527267,2700,4300
154.507613,-39.0518371,2800,4300
154.484732,-39.050943,2900,4300
154.461851,-39.0500443,3000,4300
154.438969,-39.0491412,3100,4300
154.416087,-39.0482335,3200,4300
154.393203,-39.0473213,3300,4300
154.370319,-39.0464046,3400,4300
154.347433,-39.0454833,3500,4300
154.324546,-39.0445575,3600,4300
154.301658,-39.0436272,3700,4300
154.278769,-39.0426923,3800,4300
154.255878,-39.0417529,3900,4300
154.233214,-39.0408183,3999,4300
155.147435,-39.0914417,0,4400
155.124523,-39.0906724,100,4400
155.101613,-39.0898987,200,4400
155.078705,-39.0891206,300,4400
155.0558,-39.0883381,400,4400
155.032896,-39.0875511,500,4400
155.009995,-39.0867597,600,4400
154.987096,-39.0859639,700,4400
154.964198,-39.0851637,800,4400
154.941302,-39.084359,900,4400
154.918407,-39.0835499,1000,4400
154.895514,-39.0827364,1100,4400
154.872622,-39.0819184,1200,4400
154.849732,-39.081096,1300,4400
154.826843,-39.0802691,1400,4400
154.803954,-39.0794378,1500,4400
154.781067,-39.078602,1600,4400
154.75818,-39.0777618,1700,4400
154.735294,-39.0769171,1800,4400
154.712409,-39.0760679,1900,4400
154.689524,-39.0752143,2000,4400
154.66664,-39.0743562,2100,4400
154.643755,-39.0734937,2200,4400
154.620871,-39.0726266,2300,4400
154.597987,-39.0717551,2400,4400
154.575103,-39.0708791,2500,4400
154.552219,-39.0699986,2600,4400
154.529335,-39.0691136,2700,4400
154.50645,-39.0682241,2800,4400
154.483565,-39.0673301,2900,4400
154.460679,-39.0664315,3000,4400
154.437792,-39.0655285,3100,4400
154.414905,-39.0646209,3200,4400
154.392017,-39.0637088,3300,4400
154.369128,-39.0627922,3400,4400
154.346238,-39.0618711,3500,4400
154.323346,-39.0609454,3600,4400
154.300453,-39.0600152,3700,4400
154.277559,-39.0590804,3800,4400
154.254663,-39.058141,3900,4400
154.231995,-39.0572066,3999,4400
155.146461,-39.1077516,0,4500
155.123545,-39.106982,100,4500
155.10063,-39.106208,200,4500
155.077718,-39.1054296,300,4500
155.054808,-39.1046467,400,4500
155.0319,-39.1038594,500,4500
155.008994,-39.1030677,600,4500
154.98609,-39.1022716,700,4500
154.963187,-39.1014711,800,4500
154.940287,-39.1006661,900,4500
154.917387,-39.0998567,1000,4500
154.89449,-39.0990428,1100,4500
154.871593,-39.0982245,1200,4500
154.848698,-39.0974018,1300,4500
154.825804,-39.0965746,1400,4500
154.802911,-39.0957429,1500,4500
154.780019,-39.0949068,1600,4500
154.757128,-39.0940662,1700,4500
154.734237,-39.0932212,1800,4500
154.711347,-39.0923717,1900,4500
154.688458,-39.0915178,2000,4500
154.665569,-39.0906593,2100,4500
154.64268,-39.0897964,2200,4500
154.619791,-39.088929,2300,4500
154.596902,-39.0880571,2400,4500
154.574014,-39.0871808,2500,4500
154.551125,-39.0862999,2600,4500
154.528236,-39.0854145,2700,4500
154.505347,-39.0845247,2800,4500
154.482457,-39.0836303,2900,4500
154.459566,-39.0827314,3000,4500
154.436675,-39.081828,3100,4500
154.413783,-39.08092,3200,4500
154.390891,-39.0800076,3300,4500
154.367997,-39.0790906,3400,4500
154.345102,-39.0781691,3500,4500
154.322206,-39.077243,3600,4500
154.299308,-39.0763124,3700,4500
154.27641,-39.0753772,3800,4500
154.253509,-39.0744375,3900,4500
154.230836,-39.0735027,3999,4500
155.14544,-39.1241026,0,4600
155.122519,-39.123333,100,4600
155.0996,-39.122559,200,4600
155.076683,-39.1217805,300,4600
155.053768,-39.1209977,400,4600
155.030855,-39.1202104,500,4600
155.007945,-39.1194187,600,4600
154.985036,-39.1186225,700,4600
154.962129,-39.1178219,800,4600
154.939224,-39.1170169,900,4600
154.91632,-39.1162075,1000,4600
154.893417,-39.1153936,1100,4600
154.870516,-39.1145753,1200,4600
154.847617,-39.1137525,1300,4600
154.824718,-39.1129252,1400,4600
154.80182,-39.1120936,1500,4600
154.778923,-39.1112574,1600,4600
154.756027,-39.1104168,1700,4600
154.733132,-39.1095717,1800,4600
154.710238,-39.1087222,1900,4600
154.687343,-39.1078682,2000,4600
154.66445,-39.1070097,2100,4600
154.641556,-39.1061467,2200,4600
154.618663,-39.1052793,2300,4600
154.595769,-39.1044073,2400,4600
154.572876,-39.1035309,2500,4600
154.549983,-39.10265,2600,4600
154.527089,-39.1017645,2700,4600
154.504195,-39.1008746,2800,4600
154.4813,-39.0999801,2900,4600
154.458405,-39.0990812,3000,4600
154.435509,-39.0981777,3100,4600
154.412613,-39.0972697,3200,4600
154.389715,-39.0963571,3300,4600
154.366817,-39.0954401,3400,4600
154.343917,-39.0945185,3500,4600
154.321017,-39.0935923,3600,4600
154.298115,-39.0926616,3700,4600
154.275211,-39.0917263,3800,4600
154.252306,-39.0907865,3900,4600
154.229628,-39.0898516,3999,4600
155.144448,-39.1404203,0,4700
155.121522,-39.1396504,100,4700
155.098598,-39.1388762,200,4700
155.075677,-39.1380975,300,4700
155.052757,-39.1373144,400,4700
155.02984,-39.1365269,500,4700
155.006925,-39.135735,600,4700
154.984011,-39.1349386,700,4700
154.9611,-39.1341378,800,4700
154.93819,-39.1333325,900,4700
154.915281,-39.1325228,1000,4700
154.892374,-39.1317087,1100,4700
154.869468,-39.1308901,1200,4700
154.846564,-39.1300671,1300,4700
154.823661,-39.1292396,1400,4700
154.800758,-39.1284077,1500,4700
154.777857,-39.1275713,1600,4700
154.754956,-39.1267304,1700,4700
154.732056,-39.1258851,1800,4700
154.709157,-39.1250353,1900,4700
154.686258,-39.124181,2000,4700
154.66336,-39.1233222,2100,4700
154.640462,-39.122459,2200,4700
154.617564,-39.1215913,2300,4700
154.594666,-39.1207191,2400,4700
154.571768,-39.1198423,2500,4700
154.54887,-39.1189611,2600,4700
154.525971,-39.1180754,2700,4700
154.503073,-39.1171852,2800,4700
154.480173,-39.1162905,2900,4700
154.457274,-39.1153912,3000,4700
154.434373,-39.1144874,3100,4700
154.411472,-39.1135791,3200,4700
154.38857,-39.1126663,3300,4700
154.365667,-39.1117489,3400,4700
154.342763,-39.110827,3500,4700
154.319857,-39.1099005,3600,4700
154.29695,-39.1089695,3700,4700
154.274042,-39.108034,3800,4700
154.251133,-39.1070938,3900,4700
154.22845,-39.1061586,3999,4700
155.14342,-39.1567784,0,4800
155.120489,-39.1560086,100,4800
155.097561,-39.1552344,200,4800
155.074635,-39.1544558,300,4800
155.051711,-39.1536728,400,4800
155.028789,-39.1528853,500,4800
155.005869,-39.1520934,600,4800
154.98295,-39.1512971,700,4800
154.960034,-39.1504963,800,4800
154.937119,-39.1496911,900,4800
154.914206,-39.1488814,1000,4800
154.891295,-39.1480673,1100,4800
154.868384,-39.1472488,1200,4800
154.845475,-39.1464258,1300,4800
154.822567,-39.1455983,1400,4800
154.79966,-39.1447664,1500,4800
154.776754,-39.1439301,1600,4800
154.753849,-39.1430892,1700,4800
154.730944,-39.1422439,1800,4800
154.70804,-39.1413941,1900,4800
154.685137,-39.1405399,2000,4800
154.662233,-39.1396811,2100,4800
154.639331,-39.1388179,2200,4800
154.616428,-39.1379502,2300,4800
154.593525,-39.137078,2400,4800
154.570623,-39.1362012,2500,4800
154.54772,-39.13532,2600,4800
154.524817,-39.1344343,2700,4800
154.501913,-39.1335441,2800,4800
154.47901,-39.1326493,2900,4800
154.456105,-39.1317501,3000,4800
154.4332,-39.1308463,3100,4800
154.410294,-39.129938,3200,4800
154.387387,-39.1290251,3300,4800
154.364479,-39.1281077,3400,4800
154.34157,-39.1271858,3500,4800
154.31866,-39.1262593,3600,4800
154.295749,-39.1253283,3700,4800
154.272836,-39.1243927,3800,4800
154.249922,-39.1234525,3900,4800
154.227235,-39.1225172,3999,4800
155.142479,-39.173077,0,4900
155.119544,-39.1723069,100,4900
155.09661,-39.1715323,200,4900
155.073679,-39.1707533,300,4900
155.050751,-39.1699698,400,4900
155.027824,-39.1691819,500,4900
155.004899,-39.1683896,600,4900
154.981977,-39.1675929,700,4900
154.959056,-39.1667917,800,4900
154.936136,-39.165986,900,4900
154.913218,-39.165176,1000,4900
154.890302,-39.1643614,1100,4900
154.867387,-39.1635424,1200,4900
154.844473,-39.162719,1300,4900
154.82156,-39.1618911,1400,4900
154.798649,-39.1610588,1500,4900
154.775738,-39.160222,1600,4900
154.752828,-39.1593807,1700,4900
154.729919,-39.1585349,1800,4900
154.70701,-39.1576847,1900,4900
154.684102,-39.15683,2000,4900
154.661194,-39.1559708,2100,4900
154.638287,-39.1551071,2200,4900
154.61538,-39.1542389,2300,4900
154.592472,-39.1533662,2400,4900
154.569565,-39.1524891,2500,4900
154.546658,-39.1516074,2600,4900
154.52375,-39.1507212,2700,4900
154.500842,-39.1498305,2800,4900
154.477933,-39.1489353,2900,4900
154.455024,-39.1480356,3000,4900
154.432115,-39.1471313,3100,4900
154.409204,-39.1462225,3200,4900
154.386293,-39.1453092,3300,4900
154.36338,-39.1443913,3400,4900
154.340467,-39.1434689,3500,4900
154.317552,-39.1425419,3600,4900
154.294636,-39.1416104,3700,4900
154.271719,-39.1406743,3800,4900
154.2488,-39.1397336,3900,4900
154.226108,-39.1387979,3999,4900
155.141486,-39.189419,0,5000
155.118546,-39.1886488,100,5000
155.095608,-39.1878742,200,5000
155.072672,-39.1870951,300,5000
155.049739,-39.1863116,400,5000
155.026808,-39.1855237,500,5000
155.003878,-39.1847314,600,5000
154.980951,-39.1839346,700,5000
154.958025,-39.1831333,800,5000
154.935101,-39.1823277,900,5000
154.912179,-39.1815175,1000,5000
154.889257,-39.180703,1100,5000
154.866338,-39.1798839,1200,5000
154.843419,-39.1790604,1300,5000
154.820502,-39.1782325,1400,5000
154.797585,-39.1774001,1500,5000
154.77467,-39.1765632,1600,5000
154.751755,-39.1757219,1700,5000
154.728842,-39.174876,1800,5000
154.705928,-39.1740257,1900,5000
154.683015,-39.1731709,2000,5000
154.660103,-39.1723117,2100,5000
154.637191,-39.1714479,2200,5000
154.614279,-39.1705797,2300,5000
154.591367,-39.1697069,2400,5000
154.568455,-39.1688296,2500,5000
154.545543,-39.1679479,2600,5000
154.52263,-39.1670616,2700,5000
154.499718,-39.1661708,2800,5000
154.476805,-39.1652755,2900,5000
154.453891,-39.1643757,3000,5000
154.430976,-39.1634713,3100,5000
154.408061,-39.1625624,3200,5000
154.385145,-39.161649,3300,5000
154.362228,-39.160731,3400,5000
154.33931,-39.1598085,3500,5000
154.31639,-39.1588814,3600,5000
154.29347,-39.1579498,3700,5000
154.270548,-39.1570136,3800,5000
154.247624,-39.1560728,3900,5000
154.224928,-39.1551369,3999,5000
155.140469,-39.2057432,0,5100
155.117524,-39.2049729,100,5100
155.094582,-39.2041981,200,5100
155.071641,-39.2034189,300,5100
155.048703,-39.2026353,400,5100
155.025767,-39.2018472,500,5100
155.002833,-39.2010547,600,5100
154.979901,-39.2002577,700,5100
154.956971,-39.1994563,800,5100
154.934042,-39.1986505,900,5100
154.911115,-39.1978402,1000,5100
154.888189,-39.1970255,1100,5100
154.865265,-39.1962063,1200,5100
154.842342,-39.1953826,1300,5100
154.81942,-39.1945545,1400,5100
154.796499,-39.1937219,1500,5100
154.773578,-39.1928848,1600,5100
154.750659,-39.1920433,1700,5100
154.727741,-39.1911973,1800,5100
154.704823,-39.1903468,1900,5100
154.681905,-39.1894918,2000,5100
154.658988,-39.1886323,2100,5100
154.636071,-39.1877684,2200,5100
154.613154,-39.1868999,2300,5100
154.590238,-39.186027,2400,5100
154.567321,-39.1851495,2500,5100
154.544404,-39.1842675,2600,5100
154.521487,-39.1833811,2700,5100
154.49857,-39.1824901,2800,5100
154.475652,-39.1815945,2900,5100
154.452734,-39.1806945,3000,5100
154.429815,-39.1797899,3100,5100
154.406895,-39.1788808,3200,5100
154.383974,-39.1779671,3300,5100
154.361052,-39.1770489,3400,5100
154.338129,-39.1761262,3500,5100
154.315205,-39.1751989,3600,5100
154.29228,-39.174267,3700,5100
154.269353,-39.1733305,3800,5100
154.246425,-39.1723895,3900,5100
154.223724,-39.1714534,3999,5100
155.139485,-39.2220768,0,5200
155.116535,-39.2213064,100,5200
155.093588,-39.2205315,200,5200
155.070643,-39.2197522,300,5200
155.0477,-39.2189684,400,5200
155.024759,-39.2181802,500,5200
155.00182,-39.2173876,600,5200
154.978884,-39.2165905,700,5200
154.955949,-39.215789,800,5200
154.933015,-39.214983,900,5200
154.910083,-39.2141726,1000,5200
154.887153,-39.2133577,1100,5200
154.864224,-39.2125384,1200,5200
154.841296,-39.2117146,1300,5200
154.818369,-39.2108863,1400,5200
154.795443,-39.2100536,1500,5200
154.772519,-39.2092163,1600,5200
154.749595,-39.2083747,1700,5200
154.726671,-39.2075285,1800,5200
154.703749,-39.2066778,1900,5200
154.680827,-39.2058227,2000,5200
154.657905,-39.2049631,2100,5200
154.634983,-39.204099,2200,5200
154.612062,-39.2032304,2300,5200
154.589141,-39.2023572,2400,5200
154.566219,-39.2014796,2500,5200
154.543298,-39.2005975,2600,5200
154.520376,-39.1997108,2700,5200
154.497454,-39.1988196,2800,5200
154.474532,-39.1979239,2900,5200
154.451608,-39.1970237,3000,5200
154.428685,-39.196119,3100,5200
154.40576,-39.1952097,3200,5200
154.382835,-39.1942958,3300,5200
154.359908,-39.1933774,3400,5200
154.336981,-39.1924545,3500,5200
154.314052,-39.191527,3600,5200
154.291122,-39.1905949,3700,5200
154.26819,-39.1896582,3800,5200
154.245257,-39.188717,3900,5200
154.222552,-39.1877807,3999,5200
155.138484,-39.2384228,0,5300
155.115529,-39.2376522,100,5300
155.092577,-39.2368772,200,5300
155.069628,-39.2360977,300,5300
155.04668,-39.2353138,400,5300
155.023735,-39.2345255,500,5300
155.000791,-39.2337327,600,5300
154.97785,-39.2329354,700,5300
154.95491,-39.2321337,800,5300
154.931972,-39.2313276,900,5300
154.909035,-39.230517,1000,5300
154.8861,-39.2297019,1100,5300
154.863167,-39.2288824,1200,5300
154.840234,-39.2280584,1300,5300
154.817303,-39.22723,1400,5300
154.794372,-39.2263971,1500,5300
154.771443,-39.2255597,1600,5300
154.748514,-39.2247178,1700,5300
154.725586,-39.2238715,1800,5300
154.702659,-39.2230206,1900,5300
154.679732,-39.2221653,2000,5300
154.656805,-39.2213055,2100,5300
154.633879,-39.2204412,2200,5300
154.610953,-39.2195723,2300,5300
154.588027,-39.218699,2400,5300
154.565101,-39.2178212,2500,5300
154.542175,-39.2169388,2600,5300
154.519249,-39.216052,2700,5300
154.496322,-39.2151606,2800,5300
154.473395,-39.2142647,2900,5300
154.450467,-39.2133642,3000,5300
154.427538,-39.2124592,3100,5300
154.404609,-39.2115497,3200,5300
154.381679,-39.2106356,3300,5300
154.358748,-39.209717,3400,5300
154.335816,-39.2087939,3500,5300
154.312882,-39.2078661,3600,5300
154.289948,-39.2069338,3700,5300
154.267011,-39.2059969,3800,5300
154.244074,-39.2050555,3900,5300
154.221364,-39.2041189,3999,5300
155.137424,-39.2548077,0,5400
155.114465,-39.2540374,100,5400
155.091509,-39.2532625,200,5400
155.068554,-39.2524833,300,5400
155.045602,-39.2516996,400,5400
155.022652,-39.2509115,500,5400
154.999704,-39.2501189,600,5400
154.976758,-39.2493219,700,5400
154.953813,-39.2485204,800,5400
154.93087,-39.2477145,900,5400
154.907929,-39.2469041,1000,5400
154.884989,-39.2460892,1100,5400
154.862051,-39.2452699,1200,5400
154.839114,-39.2444461,1300,5400
154.816178,-39.2436179,1400,5400
154.793242,-39.2427852,1500,5400
154.770308,-39.241948,1600,5400
154.747375,-39.2411063,1700,5400
154.724442,-39.2402601,1800,5400
154.70151,-39.2394095,1900,5400
154.678578,-39.2385543,2000,5400
154.655647,-39.2376947,2100,5400
154.632716,-39.2368305,2200,5400
154.609786,-39.2359619,2300,5400
154.586855,-39.2350888,2400,5400
154.563924,-39.2342111,2500,5400
154.540993,-39.2333289,2600,5400
154.518062,-39.2324422,2700,5400
154.495131,-39.231551,2800,5400
154.472199,-39.2306553,2900,5400
154.449266,-39.229755,3000,5400
154.426333,-39.2288501,3100,5400
154.403399,-39.2279408,3200,5400
154.380464,-39.2270269,3300,5400
154.357528,-39.2261084,3400,5400
154.334591,-39.2251854,3500,5400
154.311653,-39.2242578,3600,5400
154.288713,-39.2233256,3700,5400
154.265772,-39.2223889,3800,5400
154.24283,-39.2214476,3900,5400
154.220115,-39.2205111,3999,5400
155.136496,-39.2710729,0,5500
155.113533,-39.2703019,100,5500
155.090571,-39.2695266,200,5500
155.067612,-39.2687468,300,5500
155.044655,-39.2679625,400,5500
155.021701,-39.2671738,500,5500
154.998748,-39.2663807,600,5500
154.975797,-39.2655831,700,5500
154.952848,-39.264781,800,5500
154.9299,-39.2639745,900,5500
154.906954,-39.2631636,1000,5500
154.88401,-39.2623482,1100,5500
154.861066,-39.2615283,1200,5500
154.838125,-39.2607039,1300,5500
154.815184,-39.2598751,1400,5500
154.792244,-39.2590418,1500,5500
154.769305,-39.258204,1600,5500
154.746367,-39.2573617,1700,5500
154.72343,-39.256515,1800,5500
154.700493,-39.2556637,1900,5500
154.677557,-39.254808,2000,5500
154.654621,-39.2539477,2100,5500
154.631685,-39.253083,2200,5500
154.60875,-39.2522138,2300,5500
154.585815,-39.25134,2400,5500
154.562879,-39.2504617,2500,5500
154.539944,-39.249579,2600,5500
154.517008,-39.2486916,2700,5500
154.494072,-39.2477998,2800,5500
154.471135,-39.2469034,2900,5500
154.448198,-39.2460025,3000,5500
154.42526,-39.2450971,3100,5500
154.402322,-39.2441871,3200,5500
154.379382,-39.2432726,3300,5500
154.356442,-39.2423535,3400,5500
154.3335,-39.2414298,3500,5500
154.310557,-39.2405016,3600,5500
154.287613,-39.2395688,3700,5500
154.264668,-39.2386314,3800,5500
154.241721,-39.2376895,3900,5500
154.219002,-39.2367524,3999,5500
155.135466,-39.2874494,0,5600
155.112497,-39.2866786,100,5600
155.089531,-39.2859034,200,5600
155.066567,-39.2851237,300,5600
155.043606,-39.2843395,400,5600
155.020646,-39.2835509,500,5600
154.997689,-39.2827579,600,5600
154.974733,-39.2819604,700,5600
154.951779,-39.2811584,800,5600
154.928827,-39.280352,900,5600
154.905876,-39.2795411,1000,5600
154.882927,-39.2787258,1100,5600
154.859979,-39.277906,1200,5600
154.837033,-39.2770817,1300,5600
154.814087,-39.2762529,1400,5600
154.791143,-39.2754197,1500,5600
154.768199,-39.274582,1600,5600
154.745256,-39.2737398,1700,5600
154.722314,-39.2728931,1800,5600
154.699373,-39.2720419,1900,5600
154.676432,-39.2711863,2000,5600
154.653491,-39.2703261,2100,5600
154.630551,-39.2694614,2200,5600
154.607611,-39.2685922,2300,5600
154.584671,-39.2677185,2400,5600
154.561731,-39.2668403,2500,5600
154.53879,-39.2659576,2600,5600
154.51585,-39.2650703,2700,5600
154.492909,-39.2641785,2800,5600
154.469968,-39.2632822,2900,5600
154.447026,-39.2623813,3000,5600
154.424083,-39.2614759,3100,5600
154.40114,-39.2605659,3200,5600
154.378196,-39.2596514,3300,5600
154.355251,-39.2587324,3400,5600
154.332304,-39.2578087,3500,5600
154.309357,-39.2568805,3600,5600
154.286408,-39.2559478,3700,5600
154.263458,-39.2550104,3800,5600
154.240506,-39.2540685,3900,5600
154.217782,-39.2531314,3999,5600
155.134472,-39.3037742,0,5700
155.111499,-39.3030032,100,5700
155.088528,-39.3022278,200,5700
155.065559,-39.3014479,300,5700
155.042593,-39.3006636,400,5700
155.019629,-39.2998748,500,5700
154.996667,-39.2990816,600,5700
154.973706,-39.2982839,700,5700
154.950748,-39.2974817,800,5700
154.927791,-39.2966751,900,5700
154.904835,-39.2958641,1000,5700
154.881881,-39.2950485,1100,5700
154.858929,-39.2942285,1200,5700
154.835978,-39.293404,1300,5700
154.813027,-39.2925751,1400,5700
154.790078,-39.2917416,1500,5700
154.76713,-39.2909037,1600,5700
154.744182,-39.2900613,1700,5700
154.721236,-39.2892144,1800,5700
154.69829,-39.288363,1900,5700
154.675344,-39.2875071,2000,5700
154.652399,-39.2866467,2100,5700
154.629454,-39.2857818,2200,5700
154.606509,-39.2849124,2300,5700
154.583564,-39.2840385,2400,5700
154.560619,-39.28316,2500,5700
154.537674,-39.282277,2600,5700
154.514729,-39.2813895,2700,5700
154.491784,-39.2804975,2800,5700
154.468838,-39.2796009,2900,5700
154.445891,-39.2786998,3000,5700
154.422944,-39.2777942,3100,5700
154.399996,-39.276884,3200,5700
154.377047,-39.2759692,3300,5700
154.354097,-39.2750499,3400,5700
154.331146,-39.274126,3500,5700
154.308194,-39.2731975,3600,5700
154.28524,-39.2722645,3700,5700
154.262285,-39.2713269,3800,5700
154.239329,-39.2703847,3900,5700
154.2166,-39.2694474,3999,5700
155.133519,-39.3200573,0,5800
155.110541,-39.3192859,100,5800
155.087566,-39.3185101,200,5800
155.064592,-39.3177298,300,5800
155.041621,-39.316945,400,5800
155.018653,-39.3161558,500,5800
154.995686,-39.3153621,600,5800
154.97272,-39.314564,700,5800
154.949757,-39.3137614,800,5800
154.926796,-39.3129544,900,5800
154.903836,-39.3121428,1000,5800
154.880877,-39.3113269,1100,5800
154.85792,-39.3105064,1200,5800
154.834964,-39.3096815,1300,5800
154.812009,-39.308852,1400,5800
154.789055,-39.3080181,1500,5800
154.766102,-39.3071798,1600,5800
154.74315,-39.3063369,1700,5800
154.720198,-39.3054895,1800,5800
154.697247,-39.3046377,1900,5800
154.674297,-39.3037813,2000,5800
154.651347,-39.3029204,2100,5800
154.628398,-39.3020551,2200,5800
154.605448,-39.3011852,2300,5800
154.582499,-39.3003108,2400,5800
154.559549,-39.2994318,2500,5800
154.5366,-39.2985484,2600,5800
154.51365,-39.2976604,2700,5800
154.4907,-39.2967679,2800,5800
154.467749,-39.2958708,2900,5800
154.444798,-39.2949692,3000,5800
154.421846,-39.2940631,3100,5800
154.398893,-39.2931524,3200,5800
154.37594,-39.2922371,3300,5800
154.352985,-39.2913173,3400,5800
154.33003,-39.2903929,3500,5800
154.307073,-39.2894639,3600,5800
154.284115,-39.2885304,3700,5800
154.261155,-39.2875923,3800,5800
154.238194,-39.2866495,3900,5800
154.215461,-39.2857117,3999,5800
155.132516,-39.3363955,0,5900
155.109533,-39.3356239,100,5900
155.086553,-39.3348479,200,5900
155.063575,-39.3340674,300,5900
155.040599,-39.3332825,400,5900
155.017626,-39.3324932,500,5900
154.994654,-39.3316993,600,5900
154.971684,-39.3309011,700,5900
154.948716,-39.3300983,800,5900
154.92575,-39.3292911,900,5900
154.902785,-39.3284794,1000,5900
154.879822,-39.3276633,1100,5900
154.85686,-39.3268427,1200,5900
154.833899,-39.3260175,1300,5900
154.810939,-39.325188,1400,5900
154.787981,-39.3243539,1500,5900
154.765023,-39.3235153,1600,5900
154.742066,-39.3226723,1700,5900
154.71911,-39.3218247,1800,5900
154.696155,-39.3209727,1900,5900
154.6732,-39.3201161,2000,5900
154.650245,-39.3192551,2100,5900
154.627291,-39.3183895,2200,5900
154.604336,-39.3175194,2300,5900
154.581382,-39.3166448,2400,5900
154.558428,-39.3157657,2500,5900
154.535474,-39.314882,2600,5900
154.512519,-39.3139939,2700,5900
154.489564,-39.3131011,2800,5900
154.466609,-39.3122039,2900,5900
154.443653,-39.3113021,3000,5900
154.420696,-39.3103957,3100,5900
154.397739,-39.3094848,3200,5900
154.374781,-39.3085693,3300,5900
154.351822,-39.3076493,3400,5900
154.328861,-39.3067246,3500,5900
154.3059,-39.3057955,3600,5900
154.282937,-39.3048617,3700,5900
154.259973,-39.3039233,3800,5900
154.237007,-39.3029804,3900,5900
154.214269,-39.3020423,3999,5900
155.131479,-39.3527815,0,6000
155.108492,-39.3520101,100,6000
155.085507,-39.3512343,200,6000
155.062524,-39.350454,300,6000
155.039544,-39.3496693,400,6000
155.016566,-39.3488801,500,6000
154.993589,-39.3480864,600,6000
154.970615,-39.3472883,700,6000
154.947642,-39.3464858,800,6000
154.924671,-39.3456787,900,6000
154.901701,-39.3448672,1000,6000
154.878733,-39.3440512,1100,6000
154.855767,-39.3432307,1200,6000
154.832801,-39.3424058,1300,6000
154.809837,-39.3415764,1400,6000
154.786873,-39.3407424,1500,6000
154.763911,-39.339904,1600,6000
154.740949,-39.3390611,1700,6000
154.717989,-39.3382137,1800,6000
154.695028,-39.3373618,1900,6000
154.672068,-39.3365054,2000,6000
154.649109,-39.3356445,2100,6000
154.62615,-39.334779,2200,6000
154.603191,-39.3339091,2300,6000
154.580232,-39.3330346,2400,6000
154.557273,-39.3321556,2500,6000
154.534314,-39.3312721,2600,6000
154.511355,-39.330384,2700,6000
154.488395,-39.3294914,2800,6000
154.465435,-39.3285943,2900,6000
154.442474,-39.3276926,3000,6000
154.419513,-39.3267863,3100,6000
154.396551,-39.3258755,3200,6000
154.373588,-39.3249602,3300,6000
154.350624,-39.3240402,3400,6000
154.327659,-39.3231157,3500,6000
154.304692,-39.3221866,3600,6000
154.281725,-39.321253,3700,6000
154.258756,-39.3203147,3800,6000
154.235785,-39.3193718,3900,6000
154.213043,-39.3184339,3999,6000
155.130505,-39.3690855,0,6100
155.107513,-39.3683138,100,6100
155.084523,-39.3675376,200,6100
155.061536,-39.366757,300,6100
155.038551,-39.3659719,400,6100
155.015568,-39.3651823,500,6100
154.992587,-39.3643883,600,6100
154.969607,-39.3635898,700,6100
154.94663,-39.3627869,800,6100
154.923654,-39.3619795,900,6100
154.90068,-39.3611676,1000,6100
154.877707,-39.3603512,1100,6100
154.854736,-39.3595304,1200,6100
154.831766,-39.358705,1300,6100
154.808797,-39.3578752,1400,6100
154.785829,-39.3570409,1500,6100
154.762861,-39.3562021,1600,6100
154.739895,-39.3553588,1700,6100
154.71693,-39.354511,1800,6100
154.693965,-39.3536587,1900,6100
154.671,-39.3528019,2000,6100
154.648036,-39.3519406,2100,6100
154.625072,-39.3510747,2200,6100
154.602109,-39.3502044,2300,6100
154.579145,-39.3493295,2400,6100
154.556181,-39.3484501,2500,6100
154.533218,-39.3475662,2600,6100
154.510254,-39.3466777,2700,6100
154.487289,-39.3457847,2800,6100
154.464325,-39.3448871,2900,6100
154.441359,-39.343985,3000,6100
154.418393,-39.3430783,3100,6100
154.395426,-39.3421671,3200,6100
154.372459,-39.3412513,3300,6100
154.34949,-39.3403309,3400,6100
154.32652,-39.339406,3500,6100
154.303549,-39.3384764,3600,6100
154.280577,-39.3375423,3700,6100
154.257603,-39.3366036,3800,6100
154.234628,-39.3356603,3900,6100
154.211881,-39.3347219,3999,6100
155.12954,-39.3853879,0,6200
155.106543,-39.3846159,100,6200
155.083548,-39.3838395,200,6200
155.060556,-39.3830586,300,6200
155.037566,-39.3822732,400,6200
155.014578,-39.3814834,500,6200
154.991593,-39.3806891,600,6200
154.968609,-39.3798903,700,6200
154.945626,-39.3790871,800,6200
154.922646,-39.3782794,900,6200
154.899667,-39.3774673,1000,6200
154.876689,-39.3766506,1100,6200
154.853713,-39.3758295,1200,6200
154.830738,-39.3750039,1300,6200
154.807765,-39.3741738,1400,6200
154.784792,-39.3733392,1500,6200
154.76182,-39.3725001,1600,6200
154.738849,-39.3716565,1700,6200
154.715879,-39.3708084,1800,6200
154.692909,-39.3699558,1900,6200
154.66994,-39.3690987,2000,6200
154.646971,-39.3682371,2100,6200
154.624003,-39.3673709,2200,6200
154.601034,-39.3665002,2300,6200
154.578066,-39.3656251,2400,6200
154.555098,-39.3647453,2500,6200
154.532129,-39.3638611,2600,6200
154.509161,-39.3629723,2700,6200
154.486192,-39.3620789,2800,6200
154.463222,-39.361181,2900,6200
154.440252,-39.3602786,3000,6200
154.417282,-39.3593716,3100,6200
154.39431,-39.35846,3200,6200
154.371338,-39.3575439,3300,6200
154.348364,-39.3566232,3400,6200
154.32539,-39.3556979,3500,6200
154.302414,-39.3547681,3600,6200
154.279437,-39.3538336,3700,6200
154.256459,-39.3528946,3800,6200
154.233479,-39.3519509,3900,6200
154.210727,-39.3510122,3999,6200
155.128477,-39.4017685,0,6300
155.105475,-39.4009966,100,6300
155.082476,-39.4002203,200,6300
155.059479,-39.3994395,300,6300
155.036485,-39.3986542,400,6300
155.013492,-39.3978645,500,6300
154.990502,-39.3970704,600,6300
154.967513,-39.3962717,700,6300
154.944526,-39.3954686,800,6300
154.921541,-39.394661,900,6300
154.898557,-39.3938489,1000,6300
154.875575,-39.3930324,1100,6300
154.852594,-39.3922113,1200,6300
154.829614,-39.3913858,1300,6300
154.806636,-39.3905558,1400,6300
154.783658,-39.3897213,1500,6300
154.760682,-39.3888823,1600,6300
154.737706,-39.3880387,1700,6300
154.714731,-39.3871907,1800,6300
154.691756,-39.3863382,1900,6300
154.668783,-39.3854812,2000,6300
154.645809,-39.3846196,2100,6300
154.622836,-39.3837535,2200,6300
154.599863,-39.3828829,2300,6300
154.57689,-39.3820078,2400,6300
154.553917,-39.3811281,2500,6300
154.530943,-39.3802439,2600,6300
154.50797,-39.3793552,2700,6300
154.484996,-39.3784619,2800,6300
154.462022,-39.3775641,2900,6300
154.439047,-39.3766617,3000,6300
154.416072,-39.3757547,3100,6300
154.393095,-39.3748432,3200,6300
154.370118,-39.3739271,3300,6300
154.34714,-39.3730064,3400,6300
154.324161,-39.3720812,3500,6300
154.30118,-39.3711514,3600,6300
154.278199,-39.3702169,3700,6300
154.255215,-39.3692779,3800,6300
154.232231,-39.3683343,3900,6300
154.209474,-39.3673956,3999,6300
155.127508,-39.4180683,0,6400
155.104502,-39.4172961,100,6400
155.081498,-39.4165195,200,6400
155.058496,-39.4157384,300,6400
155.035497,-39.4149528,400,6400
155.0125,-39.4141628,500,6400
154.989504,-39.4133683,600,6400
154.966511,-39.4125693,700,6400
154.943519,-39.4117658,800,6400
154.920529,-39.4109579,900,6400
154.897541,-39.4101455,1000,6400
154.874554,-39.4093286,1100,6400
154.851568,-39.4085072,1200,6400
154.828584,-39.4076813,1300,6400
154.805601,-39.4068509,1400,6400
154.782619,-39.4060161,1500,6400
154.759637,-39.4051767,1600,6400
154.736657,-39.4043328,1700,6400
154.713677,-39.4034845,1800,6400
154.690698,-39.4026316,1900,6400
154.667719,-39.4017742,2000,6400
154.644741,-39.4009123,2100,6400
154.621763,-39.4000458,2200,6400
154.598785,-39.3991748,2300,6400
154.575808,-39.3982993,2400,6400
154.55283,-39.3974193,2500,6400
154.529852,-39.3965347,2600,6400
154.506874,-39.3956456,2700,6400
154.483895,-39.3947519,2800,6400
154.460916,-39.3938537,2900,6400
154.437937,-39.3929509,3000,6400
154.414957,-39.3920436,3100,6400
154.391976,-39.3911317,3200,6400
154.368994,-39.3902152,3300,6400
154.346011,-39.3892941,3400,6400
154.323027,-39.3883685,3500,6400
154.300042,-39.3874382,3600,6400
154.277056,-39.3865034,3700,6400
154.254068,-39.385564,3800,6400
154.231078,-39.38462,3900,6400
154.208317,-39.3836808,3999,6400
155.126502,-39.4343947,0,6500
155.103491,-39.4336223,100,6500
155.080482,-39.4328455,200,6500
155.057476,-39.4320642,300,6500
155.034472,-39.4312785,400,6500
155.01147,-39.4304882,500,6500
154.98847,-39.4296935,600,6500
154.965471,-39.4288944,700,6500
154.942475,-39.4280907,800,6500
154.91948,-39.4272826,900,6500
154.896487,-39.42647,1000,6500
154.873495,-39.4256529,1100,6500
154.850505,-39.4248313,1200,6500
154.827516,-39.4240052,1300,6500
154.804528,-39.4231747,1400,6500
154.781541,-39.4223396,1500,6500
154.758555,-39.4215,1600,6500
154.73557,-39.4206559,1700,6500
154.712586,-39.4198074,1800,6500
154.689602,-39.4189542,1900,6500
154.666618,-39.4180966,2000,6500
154.643635,-39.4172345,2100,6500
154.620653,-39.4163678,2200,6500
154.59767,-39.4154966,2300,6500
154.574688,-39.4146209,2400,6500
154.551705,-39.4137406,2500,6500
154.528723,-39.4128558,2600,6500
154.50574,-39.4119665,2700,6500
154.482757,-39.4110725,2800,6500
154.459773,-39.4101741,2900,6500
154.436789,-39.4092711,3000,6500
154.413804,-39.4083635,3100,6500
154.390818,-39.4074513,3200,6500
154.367832,-39.4065346,3300,6500
154.344844,-39.4056133,3400,6500
154.321855,-39.4046874,3500,6500
154.298865,-39.4037569,3600,6500
154.275874,-39.4028218,3700,6500
154.252882,-39.4018821,3800,6500
154.229888,-39.4009378,3900,6500
154.207122,-39.3999984,3999,6500
155.125439,-39.4508059,0,6600
155.102423,-39.4500338,100,6600
155.07941,-39.4492573,200,6600
155.056399,-39.4484763,300,6600
155.03339,-39.4476909,400,6600
155.010383,-39.446901,500,6600
154.987378,-39.4461066,600,6600
154.964375,-39.4453077,700,6600
154.941374,-39.4445044,800,6600
154.918375,-39.4436965,900,6600
154.895377,-39.4428842,1000,6600
154.87238,-39.4420674,1100,6600
154.849385,-39.4412461,1200,6600
154.826391,-39.4404203,1300,6600
154.803399,-39.43959,1400,6600
154.780407,-39.4387552,1500,6600
154.757416,-39.4379159,1600,6600
154.734426,-39.4370721,1700,6600
154.711437,-39.4362238,1800,6600
154.688448,-39.435371,1900,6600
154.66546,-39.4345136,2000,6600
154.642472,-39.4336517,2100,6600
154.619485,-39.4327853,2200,6600
154.596498,-39.4319144,2300,6600
154.57351,-39.4310389,2400,6600
154.550523,-39.4301589,2500,6600
154.527536,-39.4292743,2600,6600
154.504548,-39.4283852,2700,6600
154.48156,-39.4274916,2800,6600
154.458572,-39.4265934,2900,6600
154.435583,-39.4256906,3000,6600
154.412593,-39.4247832,3100,6600
154.389602,-39.4238713,3200,6600
154.366611,-39.4229548,3300,6600
154.343619,-39.4220337,3400,6600
154.320625,-39.4211081,3500,6600
154.29763,-39.4201778,3600,6600
154.274634,-39.4192429,3700,6600
154.251637,-39.4183035,3800,6600
154.228638,-39.4173594,3900,6600
154.205867,-39.4164202,3999,6600
155.124459,-39.4671227,0,6700
155.101438,-39.4663504,100,6700
155.07842,-39.4655736,200,6700
155.055404,-39.4647924,300,6700
155.032391,-39.4640067,400,6700
155.009379,-39.4632165,500,6700
154.98637,-39.4624218,600,6700
154.963362,-39.4616227,700,6700
154.940356,-39.4608191,800,6700
154.917352,-39.460011,900,6700
154.894349,-39.4591984,1000,6700
154.871348,-39.4583813,1100,6700
154.848348,-39.4575597,1200,6700
154.82535,-39.4567336,1300,6700
154.802352,-39.4559031,1400,6700
154.779356,-39.455068,1500,6700
154.75636,-39.4542284,1600,6700
154.733365,-39.4533843,1700,6700
154.710371,-39.4525357,1800,6700
154.687378,-39.4516825,1900,6700
154.664385,-39.4508249,2000,6700
154.641393,-39.4499627,2100,6700
154.618401,-39.449096,2200,6700
154.595408,-39.4482247,2300,6700
154.572417,-39.447349,2400,6700
154.549425,-39.4464686,2500,6700
154.526432,-39.4455838,2600,6700
154.50344,-39.4446943,2700,6700
154.480447,-39.4438004,2800,6700
154.457454,-39.4429018,2900,6700
154.43446,-39.4419987,3000,6700
154.411466,-39.441091,3100,6700
154.388471,-39.4401788,3200,6700
154.365475,-39.439262,3300,6700
154.342478,-39.4383406,3400,6700
154.319479,-39.4374145,3500,6700
154.29648,-39.436484,3600,6700
154.273479,-39.4355488,3700,6700
154.250477,-39.434609,3800,6700
154.227474,-39.4336645,3900,6700
154.204698,-39.432725,3999,6700
155.123452,-39.4834566,0,6800
155.100427,-39.4826842,100,6800
155.077404,-39.4819073,200,6800
155.054383,-39.481126,300,6800
155.031365,-39.4803402,400,6800
155.008349,-39.4795499,500,6800
154.985334,-39.4787551,600,6800
154.962322,-39.4779558,700,6800
154.939311,-39.4771521,800,6800
154.916302,-39.4763439,900,6800
154.893295,-39.4755312,1000,6800
154.870289,-39.4747139,1100,6800
154.847284,-39.4738922,1200,6800
154.824281,-39.473066,1300,6800
154.801279,-39.4722353,1400,6800
154.778278,-39.4714001,1500,6800
154.755277,-39.4705604,1600,6800
154.732278,-39.4697161,1700,6800
154.709279,-39.4688674,1800,6800
154.686281,-39.4680141,1900,6800
154.663283,-39.4671563,2000,6800
154.640286,-39.466294,2100,6800
154.617289,-39.4654271,2200,6800
154.594292,-39.4645557,2300,6800
154.571296,-39.4636798,2400,6800
154.548299,-39.4627993,2500,6800
154.525302,-39.4619143,2600,6800
154.502305,-39.4610247,2700,6800
154.479308,-39.4601305,2800,6800
154.45631,-39.4592318,2900,6800
154.433311,-39.4583285,3000,6800
154.410312,-39.4574207,3100,6800
154.387312,-39.4565083,3200,6800
154.364311,-39.4555913,3300,6800
154.341309,-39.4546697,3400,6800
154.318306,-39.4537435,3500,6800
154.295302,-39.4528127,3600,6800
154.272297,-39.4518773,3700,6800
154.24929,-39.4509373,3800,6800
154.226282,-39.4499927,3900,6800
154.203502,-39.449053,3999,6800
155.122479,-39.4997663,0,6900
155.099449,-39.4989936,100,6900
155.076422,-39.4982165,200,6900
155.053396,-39.4974348,300,6900
155.030373,-39.4966487,400,6900
155.007352,-39.4958582,500,6900
154.984333,-39.4950631,600,6900
154.961316,-39.4942636,700,6900
154.938301,-39.4934595,800,6900
154.915287,-39.492651,900,6900
154.892275,-39.491838,1000,6900
154.869264,-39.4910205,1100,6900
154.846255,-39.4901985,1200,6900
154.823247,-39.489372,1300,6900
154.80024,-39.488541,1400,6900
154.777234,-39.4877055,1500,6900
154.754229,-39.4868654,1600,6900
154.731225,-39.4860209,1700,6900
154.708221,-39.4851718,1800,6900
154.685218,-39.4843182,1900,6900
154.662216,-39.4834601,2000,6900
154.639214,-39.4825974,2100,6900
154.616212,-39.4817303,2200,6900
154.593211,-39.4808585,2300,6900
154.570209,-39.4799823,2400,6900
154.547208,-39.4791015,2500,6900
154.524206,-39.4782161,2600,6900
154.501204,-39.4773262,2700,6900
154.478202,-39.4764317,2800,6900
154.4552,-39.4755326,2900,6900
154.432196,-39.474629,3000,6900
154.409192,-39.4737208,3100,6900
154.386188,-39.4728081,3200,6900
154.363182,-39.4718907,3300,6900
154.340176,-39.4709688,3400,6900
154.317168,-39.4700422,3500,6900
154.294159,-39.4691111,3600,6900
154.271149,-39.4681753,3700,6900
154.248138,-39.467235,3800,6900
154.225125,-39.46629,3900,6900
154.20234,-39.4653499,3999,6900
155.121443,-39.5161259,0,7000
155.098409,-39.5153532,100,7000
155.075376,-39.5145761,200,7000
155.052346,-39.5137945,300,7000
155.029318,-39.5130084,400,7000
155.006292,-39.5122178,500,7000
154.983269,-39.5114228,600,7000
154.960247,-39.5106233,700,7000
154.937227,-39.5098192,800,7000
154.914208,-39.5090107,900,7000
154.891191,-39.5081977,1000,7000
154.868176,-39.5073802,1100,7000
154.845162,-39.5065582,1200,7000
154.822149,-39.5057316,1300,7000
154.799137,-39.5049006,1400,7000
154.776126,-39.5040651,1500,7000
154.753117,-39.503225,1600,7000
154.730108,-39.5023805,1700,7000
154.707099,-39.5015314,1800,7000
154.684092,-39.5006777,1900,7000
154.661085,-39.4998196,2000,7000
154.638078,-39.4989569,2100,7000
154.615071,-39.4980897,2200,7000
154.592065,-39.4972179,2300,7000
154.569059,-39.4963416,2400,7000
154.546053,-39.4954608,2500,7000
154.523046,-39.4945754,2600,7000
154.50004,-39.4936854,2700,7000
154.477033,-39.4927909,2800,7000
154.454025,-39.4918918,2900,7000
154.431017,-39.4909881,3000,7000
154.408009,-39.4900799,3100,7000
154.384999,-39.489167,3200,7000
154.361989,-39.4882496,3300,7000
154.338978,-39.4873276,3400,7000
154.315965,-39.486401,3500,7000
154.292952,-39.4854698,3600,7000
154.269937,-39.484534,3700,7000
154.24692,-39.4835936,3800,7000
154.223902,-39.4826485,3900,7000
154.201113,-39.4817084,3999,7000
155.120456,-39.5324493,0,7100
155.097416,-39.5316763,100,7100
155.074379,-39.530899,200,7100
155.051344,-39.5301171,300,7100
155.028312,-39.5293307,400,7100
155.005281,-39.5285399,500,7100
154.982253,-39.5277446,600,7100
154.959226,-39.5269448,700,7100
154.936201,-39.5261405,800,7100
154.913178,-39.5253317,900,7100
154.890156,-39.5245184,1000,7100
154.867136,-39.5237006,1100,7100
154.844117,-39.5228783,1200,7100
154.821099,-39.5220515,1300,7100
154.798083,-39.5212202,1400,7100
154.775068,-39.5203844,1500,7100
154.752053,-39.519544,1600,7100
154.729039,-39.5186991,1700,7100
154.706026,-39.5178498,1800,7100
154.683014,-39.5169958,1900,7100
154.660002,-39.5161374,2000,7100
154.636991,-39.5152744,2100,7100
154.613979,-39.5144069,2200,7100
154.590968,-39.5135348,2300,7100
154.567957,-39.5126582,2400,7100
154.544947,-39.511777,2500,7100
154.521935,-39.5108913,2600,7100
154.498924,-39.510001,2700,7100
154.475912,-39.5091062,2800,7100
154.4529,-39.5082068,2900,7100
154.429887,-39.5073028,3000,7100
154.406874,-39.5063942,3100,7100
154.38386,-39.5054811,3200,7100
154.360845,-39.5045633,3300,7100
154.337829,-39.503641,3400,7100
154.314812,-39.502714,3500,7100
154.291793,-39.5017825,3600,7100
154.268774,-39.5008463,3700,7100
154.245753,-39.4999056,3800,7100
154.22273,-39.4989602,3900,7100
154.199936,-39.4980197,3999,7100
155.119464,-39.5487496,0,7200
155.09642,-39.5479764,100,7200
155.073378,-39.5471988,200,7200
155.050339,-39.5464167,300,7200
155.027301,-39.5456301,400,7200
155.004266,-39.544839,500,7200
154.981232,-39.5440434,600,7200
154.958201,-39.5432434,700,7200
154.935171,-39.5424388,800,7200
154.912143,-39.5416298,900,7200
154.889117,-39.5408162,1000,7200
154.866092,-39.5399982,1100,7200
154.843068,-39.5391756,1200,7200
154.820046,-39.5383485,1300,7200
154.797025,-39.537517,1400,7200
154.774005,-39.5366809,1500,7200
154.750985,-39.5358402,1600,7200
154.727967,-39.5349951,1700,7200
154.704949,-39.5341454,1800,7200
154.681932,-39.5332912,1900,7200
154.658915,-39.5324325,2000,7200
154.635899,-39.5315692,2100,7200
154.612883,-39.5307014,2200,7200
154.589868,-39.5298291,2300,7200
154.566852,-39.5289522,2400,7200
154.543836,-39.5280707,2500,7200
154.52082,-39.5271847,2600,7200
154.497804,-39.5262941,2700,7200
154.474788,-39.5253989,2800,7200
154.451771,-39.5244992,2900,7200
154.428753,-39.5235949,3000,7200
154.405735,-39.522686,3100,7200
154.382716,-39.5217726,3200,7200
154.359697,-39.5208545,3300,7200
154.336676,-39.5199318,3400,7200
154.313654,-39.5190046,3500,7200
154.290631,-39.5180727,3600,7200
154.267607,-39.5171362,3700,7200
154.244581,-39.5161952,3800,7200
154.221553,-39.5152494,3900,7200
154.198755,-39.5143086,3999,7200
155.118399,-39.5651469,0,7300
155.09535,-39.564374,100,7300
155.072304,-39.5635965,200,7300
155.049259,-39.5628146,300,7300
155.026217,-39.5620282,400,7300
155.003177,-39.5612372,500,7300
154.980139,-39.5604418,600,7300
154.957103,-39.5596419,700,7300
154.934068,-39.5588375,800,7300
154.911036,-39.5580287,900,7300
154.888004,-39.5572153,1000,7300
154.864975,-39.5563974,1100,7300
154.841946,-39.5555749,1200,7300
154.818919,-39.554748,1300,7300
154.795893,-39.5539166,1400,7300
154.772868,-39.5530806,1500,7300
154.749844,-39.5522402,1600,7300
154.726821,-39.5513952,1700,7300
154.703798,-39.5505456,1800,7300
154.680776,-39.5496916,1900,7300
154.657755,-39.548833,2000,7300
154.634734,-39.5479698,2100,7300
154.611713,-39.5471022,2200,7300
154.588693,-39.5462299,2300,7300
154.565672,-39.5453531,2400,7300
154.542652,-39.5444718,2500,7300
154.519631,-39.5435859,2600,7300
154.49661,-39.5426954,2700,7300
154.473589,-39.5418004,2800,7300
154.450567,-39.5409008,2900,7300
154.427545,-39.5399966,3000,7300
154.404522,-39.5390878,3100,7300
154.381498,-39.5381744,3200,7300
154.358473,-39.5372565,3300,7300
154.335448,-39.5363339,3400,7300
154.312421,-39.5354068,3500,7300
154.289393,-39.534475,3600,7300
154.266364,-39.5335386,3700,7300
154.243333,-39.5325976,3800,7300
154.220301,-39.531652,3900,7300
154.197498,-39.5307112,3999,7300
155.117487,-39.5813991,0,7400
155.094433,-39.5806255,100,7400
155.071382,-39.5798474,200,7400
155.048333,-39.5790649,300,7400
155.025286,-39.5782778,400,7400
155.002241,-39.5774863,500,7400
154.979198,-39.5766903,600,7400
154.956157,-39.5758897,700,7400
154.933118,-39.5750847,800,7400
154.91008,-39.5742752,900,7400
154.887044,-39.5734612,1000,7400
154.86401,-39.5726426,1100,7400
154.840977,-39.5718196,1200,7400
154.817945,-39.570992,1300,7400
154.794914,-39.57016,1400,7400
154.771884,-39.5693234,1500,7400
154.748855,-39.5684823,1600,7400
154.725827,-39.5676366,1700,7400
154.7028,-39.5667864,1800,7400
154.679774,-39.5659317,1900,7400
154.656747,-39.5650725,2000,7400
154.633722,-39.5642087,2100,7400
154.610696,-39.5633403,2200,7400
154.587671,-39.5624674,2300,7400
154.564646,-39.56159,2400,7400
154.541621,-39.560708,2500,7400
154.518595,-39.5598214,2600,7400
154.49557,-39.5589303,2700,7400
154.472544,-39.5580346,2800,7400
154.449517,-39.5571343,2900,7400
154.42649,-39.5562294,3000,7400
154.403463,-39.55532,3100,7400
154.380434,-39.5544059,3200,7400
154.357405,-39.5534873,3300,7400
154.334375,-39.552564,3400,7400
154.311344,-39.5516362,3500,7400
154.288311,-39.5507037,3600,7400
154.265277,-39.5497666,3700,7400
154.242242,-39.5488249,3800,7400
154.219205,-39.5478786,3900,7400
154.196397,-39.5469372,3999,7400
155.116441,-39.5977745,0,7500
155.093382,-39.597001,100,7500
155.070326,-39.5962231,200,7500
155.047272,-39.5954406,300,7500
155.02422,-39.5946537,400,7500
155.00117,-39.5938622,500,7500
154.978123,-39.5930663,600,7500
154.955077,-39.5922659,700,7500
154.932033,-39.5914609,800,7500
154.90899,-39.5906515,900,7500
154.88595,-39.5898376,1000,7500
154.86291,-39.5890191,1100,7500
154.839873,-39.5881961,1200,7500
154.816836,-39.5873686,1300,7500
154.7938,-39.5865366,1400,7500
154.770766,-39.5857001,1500,7500
154.747732,-39.5848591,1600,7500
154.724699,-39.5840135,1700,7500
154.701667,-39.5831634,1800,7500
154.678636,-39.5823087,1900,7500
154.655605,-39.5814495,2000,7500
154.632574,-39.5805858,2100,7500
154.609544,-39.5797175,2200,7500
154.586514,-39.5788447,2300,7500
154.563484,-39.5779673,2400,7500
154.540454,-39.5770853,2500,7500
154.517424,-39.5761988,2600,7500
154.494394,-39.5753077,2700,7500
154.471363,-39.574412,2800,7500
154.448332,-39.5735118,2900,7500
154.4253,-39.5726069,3000,7500
154.402267,-39.5716975,3100,7500
154.379234,-39.5707835,3200,7500
154.3562,-39.5698649,3300,7500
154.333165,-39.5689416,3400,7500
154.310129,-39.5680138,3500,7500
154.287092,-39.5670814,3600,7500
154.264053,-39.5661443,3700,7500
154.241013,-39.5652026,3800,7500
154.217971,-39.5642563,3900,7500
154.195158,-39.5633149,3999,7500
155.115468,-39.6140682,0,7600
155.092404,-39.6132944,100,7600
155.069343,-39.6125161,200,7600
155.046284,-39.6117334,300,7600
155.023228,-39.6109461,400,7600
155.000173,-39.6101544,500,7600
154.977121,-39.6093581,600,7600
154.95407,-39.6085574,700,7600
154.931022,-39.6077521,800,7600
154.907975,-39.6069424,900,7600
154.884929,-39.6061281,1000,7600
154.861885,-39.6053093,1100,7600
154.838842,-39.6044861,1200,7600
154.815801,-39.6036583,1300,7600
154.792761,-39.6028259,1400,7600
154.769721,-39.6019891,1500,7600
154.746683,-39.6011477,1600,7600
154.723645,-39.6003018,1700,7600
154.700609,-39.5994513,1800,7600
154.677572,-39.5985963,1900,7600
154.654537,-39.5977368,2000,7600
154.631501,-39.5968727,2100,7600
154.608466,-39.5960041,2200,7600
154.585432,-39.5951309,2300,7600
154.562397,-39.5942531,2400,7600
154.539362,-39.5933708,2500,7600
154.516327,-39.5924839,2600,7600
154.493292,-39.5915925,2700,7600
154.470257,-39.5906964,2800,7600
154.447221,-39.5897958,2900,7600
154.424184,-39.5888906,3000,7600
154.401147,-39.5879808,3100,7600
154.378109,-39.5870664,3200,7600
154.35507,-39.5861475,3300,7600
154.332031,-39.5852239,3400,7600
154.30899,-39.5842957,3500,7600
154.285948,-39.5833628,3600,7600
154.262904,-39.5824254,3700,7600
154.239859,-39.5814833,3800,7600
154.216813,-39.5805366,3900,7600
154.193996,-39.5795948,3999,7600
155.114528,-39.6303571,0,7700
155.09146,-39.6295828,100,7700
155.068394,-39.6288041,200,7700
155.04533,-39.6280208,300,7700
155.022269,-39.627233,400,7700
154.999209,-39.6264408,500,7700
154.976152,-39.625644,600,7700
154.953097,-39.6248428,700,7700
154.930043,-39.624037,800,7700
154.906991,-39.6232267,900,7700
154.883941,-39.6224119,1000,7700
154.860892,-39.6215926,1100,7700
154.837845,-39.6207688,1200,7700
154.814799,-39.6199405,1300,7700
154.791754,-39.6191076,1400,7700
154.768709,-39.6182702,1500,7700
154.745666,-39.6174283,1600,7700
154.722624,-39.6165818,1700,7700
154.699583,-39.6157308,1800,7700
154.676542,-39.6148753,1900,7700
154.653501,-39.6140152,2000,7700
154.630461,-39.6131506,2100,7700
154.607421,-39.6122814,2200,7700
154.584382,-39.6114076,2300,7700
154.561342,-39.6105293,2400,7700
154.538303,-39.6096464,2500,7700
154.515263,-39.608759,2600,7700
154.492224,-39.607867,2700,7700
154.469183,-39.6069704,2800,7700
154.446143,-39.6060692,2900,7700
154.423102,-39.6051634,3000,7700
154.40006,-39.6042531,3100,7700
154.377017,-39.6033381,3200,7700
154.353974,-39.6024185,3300,7700
154.330929,-39.6014943,3400,7700
154.307884,-39.6005656,3500,7700
154.284837,-39.5996321,3600,7700
154.261789,-39.5986941,3700,7700
154.238739,-39.5977514,3800,7700
154.215688,-39.5968041,3900,7700
154.192866,-39.5958618,3999,7700
155.11343,-39.6467514,0,7800
155.090357,-39.6459774,100,7800
155.067287,-39.645199,200,7800
155.044218,-39.644416,300,7800
155.021152,-39.6436286,400,7800
154.998088,-39.6428367,500,7800
154.975026,-39.6420402,600,7800
154.951966,-39.6412393,700,7800
154.928908,-39.6404338,800,7800
154.905851,-39.6396238,900,7800
154.882796,-39.6388094,1000,7800
154.859742,-39.6379904,1100,7800
154.83669,-39.6371668,1200,7800
154.813639,-39.6363388,1300,7800
154.790589,-39.6355062,1400,7800
154.76754,-39.6346691,1500,7800
154.744492,-39.6338275,1600,7800
154.721445,-39.6329813,1700,7800
154.698399,-39.6321306,1800,7800
154.675353,-39.6312754,1900,7800
154.652308,-39.6304156,2000,7800
154.629263,-39.6295512,2100,7800
154.606218,-39.6286823,2200,7800
154.583174,-39.6278088,2300,7800
154.56013,-39.6269308,2400,7800
154.537085,-39.6260482,2500,7800
154.514041,-39.625161,2600,7800
154.490996,-39.6242692,2700,7800
154.467951,-39.6233729,2800,7800
154.444906,-39.622472,2900,7800
154.42186,-39.6215664,3000,7800
154.398813,-39.6206563,3100,7800
154.375765,-39.6197416,3200,7800
154.352717,-39.6188223,3300,7800
154.329668,-39.6178984,3400,7800
154.306617,-39.6169698,3500,7800
154.283565,-39.6160366,3600,7800
154.260512,-39.6150989,3700,7800
154.237458,-39.6141564,3800,7800
154.214402,-39.6132094,3900,7800
154.191575,-39.6122672,3999,7800
155.112441,-39.6630599,0,7900
155.089363,-39.6622857,100,7900
155.066288,-39.661507,200,7900
155.043214,-39.6607238,300,7900
155.020143,-39.6599361,400,7900
154.997075,-39.6591439,500,7900
154.974008,-39.6583472,600,7900
154.950943,-39.6575459,700,7900
154.92788,-39.6567402,800,7900
154.904818,-39.65593,900,7900
154.881758,-39.6551152,1000,7900
154.8587,-39.6542959,1100,7900
154.835643,-39.6534721,1200,7900
154.812587,-39.6526438,1300,7900
154.789532,-39.651811,1400,7900
154.766479,-39.6509736,1500,7900
154.743426,-39.6501316,1600,7900
154.720374,-39.6492852,1700,7900
154.697323,-39.6484342,1800,7900
154.674273,-39.6475786,1900,7900
154.651223,-39.6467185,2000,7900
154.628173,-39.6458539,2100,7900
154.605124,-39.6449846,2200,7900
154.582074,-39.6441109,2300,7900
154.559025,-39.6432325,2400,7900
154.535976,-39.6423496,2500,7900
154.512927,-39.6414621,2600,7900
154.489878,-39.64057,2700,7900
154.466828,-39.6396734,2800,7900
154.443778,-39.6387721,2900,7900
154.420727,-39.6378663,3000,7900
154.397675,-39.6369558,3100,7900
154.374623,-39.6360408,3200,7900
154.35157,-39.6351212,3300,7900
154.328516,-39.6341969,3400,7900
154.30546,-39.633268,3500,7900
154.282404,-39.6323345,3600,7900
154.259346,-39.6313964,3700,7900
154.236287,-39.6304536,3800,7900
154.213227,-39.6295062,3900,7900
154.190395,-39.6285637,3999,7900
155.111446,-39.6794125,0,8000
155.088364,-39.6786381,100,8000
155.065284,-39.6778593,200,8000
155.042206,-39.677076,300,8000
155.01913,-39.6762882,400,8000
154.996056,-39.6754959,500,8000
154.972985,-39.6746991,600,8000
154.949915,-39.6738977,700,8000
154.926847,-39.6730919,800,8000
154.903781,-39.6722815,900,8000
154.880716,-39.6714666,1000,8000
154.857653,-39.6706472,1100,8000
154.834591,-39.6698233,1200,8000
154.81153,-39.6689948,1300,8000
154.788471,-39.6681618,1400,8000
154.765412,-39.6673243,1500,8000
154.742355,-39.6664822,1600,8000
154.719298,-39.6656356,1700,8000
154.696242,-39.6647845,1800,8000
154.673187,-39.6639288,1900,8000
154.650132,-39.6630685,2000,8000
154.627078,-39.6622037,2100,8000
154.604023,-39.6613344,2200,8000
154.580969,-39.6604604,2300,8000
154.557916,-39.6595819,2400,8000
154.534862,-39.6586988,2500,8000
154.511808,-39.6578112,2600,8000
154.488753,-39.6569189,2700,8000
154.465699,-39.6560221,2800,8000
154.442644,-39.6551207,2900,8000
154.419588,-39.6542147,3000,8000
154.396532,-39.6533041,3100,8000
154.373475,-39.6523888,3200,8000
154.350417,-39.651469,3300,8000
154.327358,-39.6505446,3400,8000
154.304298,-39.6496155,3500,8000
154.281237,-39.6486818,3600,8000
154.258174,-39.6477435,3700,8000
154.23511,-39.6468005,3800,8000
154.212045,-39.6458529,3900,8000
154.189209,-39.6449102,3999,8000
155.110433,-39.6957447,0,8100
155.087346,-39.6949703,100,8100
155.064261,-39.6941914,200,8100
155.041178,-39.693408,300,8100
155.018097,-39.6926201,400,8100
154.995019,-39.6918278,500,8100
154.971943,-39.6910309,600,8100
154.948868,-39.6902294,700,8100
154.925795,-39.6894235,800,8100
154.902724,-39.6886131,900,8100
154.879655,-39.6877981,1000,8100
154.856587,-39.6869786,1100,8100
154.83352,-39.6861546,1200,8100
154.810455,-39.685326,1300,8100
154.78739,-39.684493,1400,8100
154.764327,-39.6836553,1500,8100
154.741265,-39.6828132,1600,8100
154.718203,-39.6819665,1700,8100
154.695142,-39.6811152,1800,8100
154.672082,-39.6802594,1900,8100
154.649023,-39.6793991,2000,8100
154.625964,-39.6785341,2100,8100
154.602905,-39.6776647,2200,8100
154.579846,-39.6767906,2300,8100
154.556787,-39.675912,2400,8100
154.533728,-39.6750288,2500,8100
154.51067,-39.674141,2600,8100
154.487611,-39.6732486,2700,8100
154.464551,-39.6723517,2800,8100
154.441491,-39.6714501,2900,8100
154.418431,-39.670544,3000,8100
154.39537,-39.6696333,3100,8100
154.372308,-39.6687179,3200,8100
154.349245,-39.6677979,3300,8100
154.326182,-39.6668733,3400,8100
154.303117,-39.6659441,3500,8100
154.280051,-39.6650103,3600,8100
154.256983,-39.6640718,3700,8100
154.233915,-39.6631287,3800,8100
154.210844,-39.662181,3900,8100
154.188003,-39.6612381,3999,8100
155.109373,-39.7121138,0,8200
155.08628,-39.7113395,100,8200
155.063191,-39.7105607,200,8200
155.040103,-39.7097773,300,8200
155.017018,-39.7089895,400,8200
154.993934,-39.7081971,500,8200
154.970853,-39.7074003,600,8200
154.947774,-39.7065989,700,8200
154.924696,-39.705793,800,8200
154.90162,-39.7049826,900,8200
154.878546,-39.7041677,1000,8200
154.855473,-39.7033482,1100,8200
154.832402,-39.7025242,1200,8200
154.809332,-39.7016957,1300,8200
154.786263,-39.7008626,1400,8200
154.763195,-39.700025,1500,8200
154.740127,-39.6991829,1600,8200
154.717061,-39.6983362,1700,8200
154.693996,-39.6974849,1800,8200
154.670931,-39.6966291,1900,8200
154.647866,-39.6957688,2000,8200
154.624802,-39.6949039,2100,8200
154.601738,-39.6940344,2200,8200
154.578675,-39.6931603,2300,8200
154.555611,-39.6922817,2400,8200
154.532548,-39.6913985,2500,8200
154.509484,-39.6905107,2600,8200
154.48642,-39.6896183,2700,8200
154.463356,-39.6887214,2800,8200
154.440291,-39.6878198,2900,8200
154.417226,-39.6869136,3000,8200
154.39416,-39.6860029,3100,8200
154.371093,-39.6850875,3200,8200
154.348026,-39.6841675,3300,8200
154.324957,-39.6832429,3400,8200
154.301887,-39.6823136,3500,8200
154.278817,-39.6813798,3600,8200
154.255744,-39.6804413,3700,8200
154.232671,-39.6794981,3800,8200
154.209596,-39.6785503,3900,8200
154.18675,-39.6776074,3999,8200
155.108376,-39.7284384,0,8300
155.085279,-39.7276639,100,8300
155.062184,-39.7268849,200,8300
155.039092,-39.7261014,300,8300
155.016001,-39.7253134,400,8300
154.992913,-39.7245209,500,8300
154.969827,-39.7237238,600,8300
154.946743,-39.7229223,700,8300
154.923661,-39.7221162,800,8300
154.90058,-39.7213056,900,8300
154.877501,-39.7204905,1000,8300
154.854423,-39.7196709,1100,8300
154.831347,-39.7188467,1200,8300
154.808272,-39.718018,1300,8300
154.785198,-39.7171847,1400,8300
154.762125,-39.7163469,1500,8300
154.739053,-39.7155046,1600,8300
154.715982,-39.7146577,1700,8300
154.692912,-39.7138062,1800,8300
154.669842,-39.7129502,1900,8300
154.646773,-39.7120896,2000,8300
154.623704,-39.7112245,2100,8300
154.600636,-39.7103548,2200,8300
154.577567,-39.7094806,2300,8300
154.554499,-39.7086017,2400,8300
154.531431,-39.7077183,2500,8300
154.508362,-39.7068303,2600,8300
154.485293,-39.7059377,2700,8300
154.462224,-39.7050405,2800,8300
154.439155,-39.7041387,2900,8300
154.416085,-39.7032323,3000,8300
154.393014,-39.7023213,3100,8300
154.369943,-39.7014057,3200,8300
154.34687,-39.7004854,3300,8300
154.323797,-39.6995606,3400,8300
154.300722,-39.6986311,3500,8300
154.277647,-39.697697,3600,8300
154.25457,-39.6967582,3700,8300
154.231491,-39.6958148,3800,8300
154.208412,-39.6948668,3900,8300
154.185561,-39.6939236,3999,8300
155.107362,-39.7447774,0,8400
155.08426,-39.7440027,100,8400
155.06116,-39.7432235,200,8400
155.038063,-39.7424398,300,8400
155.014968,-39.7416516,400,8400
154.991875,-39.7408589,500,8400
154.968785,-39.7400617,600,8400
154.945696,-39.7392599,700,8400
154.922608,-39.7384536,800,8400
154.899523,-39.7376428,900,8400
154.876439,-39.7368275,1000,8400
154.853357,-39.7360076,1100,8400
154.830275,-39.7351833,1200,8400
154.807196,-39.7343543,1300,8400
154.784117,-39.7335208,1400,8400
154.761039,-39.7326828,1500,8400
154.737963,-39.7318403,1600,8400
154.714887,-39.7309931,1700,8400
154.691812,-39.7301415,1800,8400
154.668737,-39.7292852,1900,8400
154.645663,-39.7284244,2000,8400
154.622589,-39.7275591,2100,8400
154.599516,-39.7266891,2200,8400
154.576443,-39.7258146,2300,8400
154.55337,-39.7249355,2400,8400
154.530296,-39.7240519,2500,8400
154.507223,-39.7231636,2600,8400
154.48415,-39.7222708,2700,8400
154.461076,-39.7213733,2800,8400
154.438002,-39.7204713,2900,8400
154.414927,-39.7195646,3000,8400
154.391851,-39.7186534,3100,8400
154.368775,-39.7177375,3200,8400
154.345698,-39.716817,3300,8400
154.32262,-39.7158919,3400,8400
154.29954,-39.7149621,3500,8400
154.27646,-39.7140277,3600,8400
154.253378,-39.7130887,3700,8400
154.230295,-39.712145,3800,8400
154.20721,-39.7111967,3900,8400
154.184355,-39.7102532,3999,8400
155.106308,-39.7611512,0,8500
155.083202,-39.7603767,100,8500
155.060097,-39.7595976,200,8500
155.036995,-39.7588141,300,8500
155.013896,-39.758026,400,8500
154.990798,-39.7572334,500,8500
154.967702,-39.7564363,600,8500
154.944608,-39.7556346,700,8500
154.921516,-39.7548285,800,8500
154.898426,-39.7540178,900,8500
154.875337,-39.7532026,1000,8500
154.85225,-39.7523828,1100,8500
154.829164,-39.7515585,1200,8500
154.80608,-39.7507297,1300,8500
154.782996,-39.7498963,1400,8500
154.759913,-39.7490584,1500,8500
154.736832,-39.7482159,1600,8500
154.713751,-39.7473689,1700,8500
154.690671,-39.7465173,1800,8500
154.667592,-39.7456612,1900,8500
154.644513,-39.7448005,2000,8500
154.621434,-39.7439352,2100,8500
154.598356,-39.7430654,2200,8500
154.575278,-39.7421909,2300,8500
154.5522,-39.7413119,2400,8500
154.529122,-39.7404283,2500,8500
154.506044,-39.7395402,2600,8500
154.482966,-39.7386474,2700,8500
154.459887,-39.73775,2800,8500
154.436808,-39.736848,2900,8500
154.413728,-39.7359414,3000,8500
154.390648,-39.7350302,3100,8500
154.367567,-39.7341144,3200,8500
154.344485,-39.733194,3300,8500
154.321402,-39.7322689,3400,8500
154.298317,-39.7313392,3500,8500
154.275232,-39.7304049,3600,8500
154.252145,-39.7294659,3700,8500
154.229057,-39.7285223,3800,8500
154.205968,-39.727574,3900,8500
154.183108,-39.7266306,3999,8500
155.105329,-39.7774675,0,8600
155.082217,-39.7766926,100,8600
155.059108,-39.7759133,200,8600
155.036001,-39.7751294,300,8600
155.012896,-39.774341,400,8600
154.989794,-39.7735481,500,8600
154.966693,-39.7727507,600,8600
154.943595,-39.7719487,700,8600
154.920498,-39.7711423,800,8600
154.897403,-39.7703313,900,8600
154.874309,-39.7695157,1000,8600
154.851217,-39.7686956,1100,8600
154.828126,-39.767871,1200,8600
154.805037,-39.7670419,1300,8600
154.781949,-39.7662082,1400,8600
154.758861,-39.7653699,1500,8600
154.735775,-39.7645271,1600,8600
154.712689,-39.7636798,1700,8600
154.689605,-39.7628278,1800,8600
154.66652,-39.7619714,1900,8600
154.643437,-39.7611103,2000,8600
154.620353,-39.7602447,2100,8600
154.59727,-39.7593745,2200,8600
154.574188,-39.7584997,2300,8600
154.551105,-39.7576203,2400,8600
154.528022,-39.7567364,2500,8600
154.504939,-39.7558479,2600,8600
154.481856,-39.7549547,2700,8600
154.458773,-39.754057,2800,8600
154.435689,-39.7531546,2900,8600
154.412604,-39.7522477,3000,8600
154.389519,-39.7513361,3100,8600
154.366433,-39.7504199,3200,8600
154.343346,-39.7494991,3300,8600
154.320258,-39.7485736,3400,8600
154.29717,-39.7476436,3500,8600
154.274079,-39.7467088,3600,8600
154.250988,-39.7457695,3700,8600
154.227895,-39.7448255,3800,8600
154.204801,-39.7438768,3900,8600
154.181936,-39.742933,3999,8600
155.104288,-39.793842,0,8700
155.081172,-39.7930673,100,8700
155.058058,-39.7922881,200,8700
155.034946,-39.7915043,300,8700
155.011837,-39.7907161,400,8700
154.988729,-39.7899233,500,8700
154.965624,-39.789126,600,8700
154.94252,-39.7883242,700,8700
154.919419,-39.7875178,800,8700
154.896319,-39.7867069,900,8700
154.87322,-39.7858915,1000,8700
154.850123,-39.7850715,1100,8700
154.827028,-39.784247,1200,8700
154.803933,-39.783418,1300,8700
154.78084,-39.7825844,1400,8700
154.757748,-39.7817462,1500,8700
154.734657,-39.7809035,1600,8700
154.711567,-39.7800562,1700,8700
154.688477,-39.7792044,1800,8700
154.665388,-39.778348,1900,8700
154.642299,-39.777487,2000,8700
154.619211,-39.7766215,2100,8700
154.596123,-39.7757514,2200,8700
154.573036,-39.7748767,2300,8700
154.549948,-39.7739974,2400,8700
154.52686,-39.7731135,2500,8700
154.503773,-39.7722251,2600,8700
154.480685,-39.771332,2700,8700
154.457596,-39.7704343,2800,8700
154.434507,-39.769532,2900,8700
154.411418,-39.7686251,3000,8700
154.388328,-39.7677136,3100,8700
154.365237,-39.7667975,3200,8700
154.342146,-39.7658767,3300,8700
154.319053,-39.7649513,3400,8700
154.295959,-39.7640213,3500,8700
154.272864,-39.7630866,3600,8700
154.249768,-39.7621473,3700,8700
154.22667,-39.7612033,3800,8700
154.203571,-39.7602547,3900,8700
154.180701,-39.759311,3999,8700
155.103298,-39.8101562,0,8800
155.080177,-39.8093812,100,8800
155.057058,-39.8086017,200,8800
155.033941,-39.8078176,300,8800
155.010827,-39.8070291,400,8800
154.987715,-39.806236,500,8800
154.964605,-39.8054384,600,8800
154.941496,-39.8046363,700,8800
154.91839,-39.8038296,800,8800
154.895285,-39.8030184,900,8800
154.872182,-39.8022027,1000,8800
154.84908,-39.8013824,1100,8800
154.82598,-39.8005576,1200,8800
154.80288,-39.7997283,1300,8800
154.779782,-39.7988943,1400,8800
154.756685,-39.7980559,1500,8800
154.733589,-39.7972128,1600,8800
154.710494,-39.7963653,1700,8800
154.6874,-39.7955131,1800,8800
154.664306,-39.7946564,1900,8800
154.641213,-39.7937951,2000,8800
154.61812,-39.7929292,2100,8800
154.595027,-39.7920588,2200,8800
154.571934,-39.7911837,2300,8800
154.548842,-39.7903041,2400,8800
154.52575,-39.7894199,2500,8800
154.502657,-39.7885311,2600,8800
154.479564,-39.7876377,2700,8800
154.456471,-39.7867396,2800,8800
154.433378,-39.785837,2900,8800
154.410283,-39.7849298,3000,8800
154.387189,-39.7840179,3100,8800
154.364093,-39.7831014,3200,8800
154.340997,-39.7821803,3300,8800
154.317899,-39.7812545,3400,8800
154.294801,-39.7803241,3500,8800
154.271701,-39.7793891,3600,8800
154.2486,-39.7784494,3700,8800
154.225497,-39.7775051,3800,8800
154.202393,-39.7765561,3900,8800
154.179519,-39.7756119,3999,8800
155.102294,-39.8264586,0,8900
155.079168,-39.8256834,100,8900
155.056045,-39.8249036,200,8900
155.032923,-39.8241194,300,8900
155.009804,-39.8233306,400,8900
154.986687,-39.8225373,500,8900
154.963572,-39.8217394,600,8900
154.940459,-39.820937,700,8900
154.917348,-39.8201301,800,8900
154.894238,-39.8193187,900,8900
154.87113,-39.8185027,1000,8900
154.848024,-39.8176821,1100,8900
154.824918,-39.8168571,1200,8900
154.801814,-39.8160274,1300,8900
154.778711,-39.8151933,1400,8900
154.75561,-39.8143545,1500,8900
154.732509,-39.8135112,1600,8900
154.709409,-39.8126634,1700,8900
154.68631,-39.8118109,1800,8900
154.663211,-39.8109539,1900,8900
154.640113,-39.8100924,2000,8900
154.617015,-39.8092262,2100,8900
154.593917,-39.8083555,2200,8900
154.57082,-39.8074801,2300,8900
154.547723,-39.8066002,2400,8900
154.524626,-39.8057157,2500,8900
154.501528,-39.8048266,2600,8900
154.478431,-39.8039329,2700,8900
154.455333,-39.8030346,2800,8900
154.432234,-39.8021316,2900,8900
154.409136,-39.8012241,3000,8900
154.386036,-39.8003119,3100,8900
154.362936,-39.7993951,3200,8900
154.339834,-39.7984737,3300,8900
154.316732,-39.7975476,3400,8900
154.293629,-39.7966169,3500,8900
154.270524,-39.7956815,3600,8900
154.247418,-39.7947415,3700,8900
154.224311,-39.7937969,3800,8900
154.201202,-39.7928475,3900,8900
154.178323,-39.7919031,3999,8900
155.10131,-39.8427757,0,9000
155.078179,-39.8420001,100,9000
155.055051,-39.8412201,200,9000
155.031924,-39.8404355,300,9000
155.0088,-39.8396464,400,9000
154.985679,-39.8388527,500,9000
154.962559,-39.8380545,600,9000
154.939441,-39.8372518,700,9000
154.916325,-39.8364446,800,9000
154.89321,-39.8356328,900,9000
154.870097,-39.8348164,1000,9000
154.846986,-39.8339956,1100,9000
154.823876,-39.8331701,1200,9000
154.800767,-39.8323402,1300,9000
154.777659,-39.8315056,1400,9000
154.754553,-39.8306665,1500,9000
154.731447,-39.8298229,1600,9000
154.708342,-39.8289747,1700,9000
154.685238,-39.8281219,1800,9000
154.662135,-39.8272645,1900,9000
154.639032,-39.8264026,2000,9000
154.615929,-39.825536,2100,9000
154.592827,-39.8246649,2200,9000
154.569725,-39.8237892,2300,9000
154.546623,-39.8229089,2400,9000
154.523521,-39.8220241,2500,9000
154.500419,-39.8211346,2600,9000
154.477316,-39.8202405,2700,9000
154.454213,-39.8193418,2800,9000
154.43111,-39.8184384,2900,9000
154.408007,-39.8175305,3000,9000
154.384902,-39.8166179,3100,9000
154.361797,-39.8157007,3200,9000
154.338691,-39.8147789,3300,9000
154.315584,-39.8138524,3400,9000
154.292476,-39.8129213,3500,9000
154.269366,-39.8119856,3600,9000
154.246256,-39.8110451,3700,9000
154.223144,-39.8101001,3800,9000
154.20003,-39.8091503,3900,9000
154.177146,-39.8082055,3999,9000
155.100264,-39.8591468,0,9100
155.077128,-39.8583713,100,9100
155.053995,-39.8575913,200,9100
155.030864,-39.8568068,300,9100
155.007735,-39.8560178,400,9100
154.984608,-39.8552242,500,9100
154.961484,-39.8544261,600,9100
154.938361,-39.8536234,700,9100
154.91524,-39.8528162,800,9100
154.89212,-39.8520045,900,9100
154.869003,-39.8511882,1000,9100
154.845886,-39.8503674,1100,9100
154.822772,-39.849542,1200,9100
154.799658,-39.8487121,1300,9100
154.776545,-39.8478776,1400,9100
154.753434,-39.8470386,1500,9100
154.730323,-39.846195,1600,9100
154.707214,-39.8453468,1700,9100
154.684105,-39.844494,1800,9100
154.660996,-39.8436367,1900,9100
154.637889,-39.8427748,2000,9100
154.614781,-39.8419083,2100,9100
154.591674,-39.8410372,2200,9100
154.568567,-39.8401616,2300,9100
154.54546,-39.8392813,2400,9100
154.522353,-39.8383964,2500,9100
154.499246,-39.8375069,2600,9100
154.476139,-39.8366129,2700,9100
154.453031,-39.8357142,2800,9100
154.429923,-39.8348109,2900,9100
154.406815,-39.8339029,3000,9100
154.383705,-39.8329904,3100,9100
154.360595,-39.8320732,3200,9100
154.337484,-39.8311514,3300,9100
154.314372,-39.8302249,3400,9100
154.291259,-39.8292938,3500,9100
154.268145,-39.828358,3600,9100
154.24503,-39.8274176,3700,9100
154.221913,-39.8264725,3800,9100
154.198794,-39.8255227,3900,9100
154.175905,-39.8245778,3999,9100
155.09928,-39.8754303,0,9200
155.07614,-39.8746544,100,9200
155.053002,-39.8738739,200,9200
155.029866,-39.873089,300,9200
155.006732,-39.8722995,400,9200
154.983601,-39.8715054,500,9200
154.960471,-39.8707068,600,9200
154.937343,-39.8699037,700,9200
154.914218,-39.8690961,800,9200
154.891093,-39.8682839,900,9200
154.867971,-39.8674671,1000,9200
154.84485,-39.8666458,1100,9200
154.82173,-39.86582,1200,9200
154.798612,-39.8649895,1300,9200
154.775494,-39.8641546,1400,9200
154.752378,-39.863315,1500,9200
154.729263,-39.8624709,1600,9200
154.706148,-39.8616223,1700,9200
154.683034,-39.860769,1800,9200
154.659921,-39.8599112,1900,9200
154.636809,-39.8590488,2000,9200
154.613696,-39.8581818,2100,9200
154.590584,-39.8573102,2200,9200
154.567473,-39.856434,2300,9200
154.544361,-39.8555533,2400,9200
154.521249,-39.8546679,2500,9200
154.498138,-39.8537779,2600,9200
154.475025,-39.8528833,2700,9200
154.451913,-39.8519841,2800,9200
154.4288,-39.8510803,2900,9200
154.405687,-39.8501718,3000,9200
154.382573,-39.8492587,3100,9200
154.359458,-39.848341,3200,9200
154.336342,-39.8474186,3300,9200
154.313226,-39.8464916,3400,9200
154.290108,-39.84556,3500,9200
154.266989,-39.8446237,3600,9200
154.243868,-39.8436827,3700,9200
154.220747,-39.8427371,3800,9200
154.197624,-39.8417868,3900,9200
154.17473,-39.8408413,3999,9200
155.098281,-39.891774,0,9300
155.075136,-39.890998,100,9300
155.051993,-39.8902174,200,9300
155.028852,-39.8894323,300,9300
155.005714,-39.8886426,400,9300
154.982577,-39.8878485,500,9300
154.959443,-39.8870497,600,9300
154.93631,-39.8862465,700,9300
154.91318,-39.8854387,800,9300
154.890051,-39.8846263,900,9300
154.866923,-39.8838094,1000,9300
154.843797,-39.882988,1100,9300
154.820673,-39.882162,1200,9300
154.797549,-39.8813314,1300,9300
154.774427,-39.8804963,1400,9300
154.751306,-39.8796566,1500,9300
154.728186,-39.8788123,1600,9300
154.705066,-39.8779635,1700,9300
154.681948,-39.8771101,1800,9300
154.65883,-39.8762521,1900,9300
154.635712,-39.8753895,2000,9300
154.612595,-39.8745223,2100,9300
154.589478,-39.8736506,2200,9300
154.566362,-39.8727742,2300,9300
154.543245,-39.8718933,2400,9300
154.520129,-39.8710077,2500,9300
154.497012,-39.8701175,2600,9300
154.473895,-39.8692228,2700,9300
154.450778,-39.8683233,2800,9300
154.42766,-39.8674193,2900,9300
154.404542,-39.8665107,3000,9300
154.381423,-39.8655974,3100,9300
154.358304,-39.8646795,3200,9300
154.335183,-39.8637569,3300,9300
154.312062,-39.8628297,3400,9300
154.288939,-39.8618978,3500,9300
154.265815,-39.8609613,3600,9300
154.24269,-39.8600201,3700,9300
154.219563,-39.8590743,3800,9300
154.196435,-39.8581238,3900,9300
154.173537,-39.8571781,3999,9300
155.097255,-39.9081132,0,9400
155.074104,-39.9073371,100,9400
155.050956,-39.9065564,200,9400
155.027811,-39.9057712,300,9400
155.004667,-39.9049815,400,9400
154.981526,-39.9041872,500,9400
154.958387,-39.9033884,600,9400
154.93525,-39.902585,700,9400
154.912114,-39.9017771,800,9400
154.88898,-39.9009647,900,9400
154.865848,-39.9001477,1000,9400
154.842717,-39.8993261,1100,9400
154.819588,-39.8985,1200,9400
154.796459,-39.8976693,1300,9400
154.773332,-39.8968341,1400,9400
154.750206,-39.8959942,1500,9400
154.727081,-39.8951499,1600,9400
154.703957,-39.8943009,1700,9400
154.680834,-39.8934474,1800,9400
154.657711,-39.8925892,1900,9400
154.634589,-39.8917265,2000,9400
154.611467,-39.8908592,2100,9400
154.588345,-39.8899873,2200,9400
154.565223,-39.8891108,2300,9400
154.542102,-39.8882297,2400,9400
154.518981,-39.887344,2500,9400
154.495859,-39.8864537,2600,9400
154.472737,-39.8855588,2700,9400
154.449615,-39.8846592,2800,9400
154.426493,-39.8837551,2900,9400
154.40337,-39.8828462,3000,9400
154.380246,-39.8819328,3100,9400
154.357121,-39.8810147,3200,9400
154.333996,-39.880092,3300,9400
154.31087,-39.8791646,3400,9400
154.287742,-39.8782326,3500,9400
154.264614,-39.8772959,3600,9400
154.241484,-39.8763546,3700,9400
154.218352,-39.8754085,3800,9400
154.195219,-39.8744578,3900,9400
154.172316,-39.873512,3999,9400
155.09621,-39.9244833,0,9500
155.073055,-39.9237072,100,9500
155.049902,-39.9229265,200,9500
155.026752,-39.9221414,300,9500
155.003604,-39.9213516,400,9500
154.980458,-39.9205574,500,9500
154.957314,-39.9197586,600,9500
154.934171,-39.9189553,700,9500
154.911031,-39.9181474,800,9500
154.887892,-39.9173349,900,9500
154.864755,-39.9165179,1000,9500
154.841619,-39.9156964,1100,9500
154.818485,-39.9148703,1200,9500
154.795352,-39.9140396,1300,9500
154.77222,-39.9132043,1400,9500
154.749089,-39.9123645,1500,9500
154.725959,-39.9115201,1600,9500
154.70283,-39.9106711,1700,9500
154.679702,-39.9098176,1800,9500
154.656574,-39.9089595,1900,9500
154.633447,-39.9080967,2000,9500
154.61032,-39.9072294,2100,9500
154.587194,-39.9063575,2200,9500
154.564067,-39.905481,2300,9500
154.540941,-39.9045999,2400,9500
154.517815,-39.9037141,2500,9500
154.494688,-39.9028238,2600,9500
154.471562,-39.9019288,2700,9500
154.448435,-39.9010292,2800,9500
154.425307,-39.900125,2900,9500
154.402179,-39.8992162,3000,9500
154.379051,-39.8983027,3100,9500
154.355921,-39.8973846,3200,9500
154.332791,-39.8964618,3300,9500
154.30966,-39.8955344,3400,9500
154.286527,-39.8946023,3500,9500
154.263394,-39.8936655,3600,9500
154.240259,-39.8927241,3700,9500
154.217123,-39.8917781,3800,9500
154.193985,-39.8908273,3900,9500
154.171077,-39.8898814,3999,9500
155.095299,-39.9407138,0,9600
155.072138,-39.939937,100,9600
155.048981,-39.9391556,200,9600
155.025825,-39.9383697,300,9600
155.002672,-39.9375793,400,9600
154.979521,-39.9367843,500,9600
154.956372,-39.9359847,600,9600
154.933225,-39.9351806,700,9600
154.91008,-39.934372,800,9600
154.886937,-39.9335588,900,9600
154.863795,-39.9327411,1000,9600
154.840654,-39.9319187,1100,9600
154.817515,-39.9310919,1200,9600
154.794377,-39.9302604,1300,9600
154.77124,-39.9294244,1400,9600
154.748105,-39.9285838,1500,9600
154.72497,-39.9277387,1600,9600
154.701836,-39.9268889,1700,9600
154.678703,-39.9260346,1800,9600
154.65557,-39.9251757,1900,9600
154.632438,-39.9243122,2000,9600
154.609307,-39.9234441,2100,9600
154.586176,-39.9225714,2200,9600
154.563044,-39.9216941,2300,9600
154.539913,-39.9208122,2400,9600
154.516782,-39.9199257,2500,9600
154.493651,-39.9190346,2600,9600
154.47052,-39.9181388,2700,9600
154.447388,-39.9172384,2800,9600
154.424256,-39.9163334,2900,9600
154.401123,-39.9154238,3000,9600
154.37799,-39.9145095,3100,9600
154.354856,-39.9135905,3200,9600
154.331721,-39.912667,3300,9600
154.308585,-39.9117387,3400,9600
154.285448,-39.9108058,3500,9600
154.26231,-39.9098683,3600,9600
154.23917,-39.9089261,3700,9600
154.216029,-39.9079792,3800,9600
154.192887,-39.9070276,3900,9600
154.169974,-39.9060809,3999,9600
155.094232,-39.9570977,0,9700
155.071067,-39.9563211,100,9700
155.047905,-39.9555399,200,9700
155.024744,-39.9547541,300,9700
155.001586,-39.9539638,400,9700
154.978431,-39.953169,500,9700
154.955277,-39.9523696,600,9700
154.932125,-39.9515657,700,9700
154.908975,-39.9507572,800,9700
154.885826,-39.9499442,900,9700
154.862679,-39.9491266,1000,9700
154.839534,-39.9483044,1100,9700
154.81639,-39.9474777,1200,9700
154.793247,-39.9466464,1300,9700
154.770106,-39.9458105,1400,9700
154.746965,-39.94497,1500,9700
154.723825,-39.944125,1600,9700
154.700687,-39.9432754,1700,9700
154.677549,-39.9424212,1800,9700
154.654411,-39.9415624,1900,9700
154.631274,-39.9406991,2000,9700
154.608138,-39.9398311,2100,9700
154.585002,-39.9389585,2200,9700
154.561866,-39.9380813,2300,9700
154.53873,-39.9371995,2400,9700
154.515594,-39.9363131,2500,9700
154.492458,-39.9354221,2600,9700
154.469321,-39.9345264,2700,9700
154.446185,-39.9336262,2800,9700
154.423048,-39.9327212,2900,9700
154.39991,-39.9318117,3000,9700
154.376772,-39.9308975,3100,9700
154.353633,-39.9299787,3200,9700
154.330493,-39.9290552,3300,9700
154.307352,-39.928127,3400,9700
154.28421,-39.9271942,3500,9700
154.261067,-39.9262568,3600,9700
154.237922,-39.9253146,3700,9700
154.214776,-39.9243678,3800,9700
154.191629,-39.9234163,3900,9700
154.168712,-39.9224697,3999,9700
155.093229,-39.9734367,0,9800
155.070059,-39.9726599,100,9800
155.046891,-39.9718785,200,9800
155.023726,-39.9710927,300,9800
155.000563,-39.9703022,400,9800
154.977403,-39.9695073,500,9800
154.954244,-39.9687078,600,9800
154.931087,-39.9679037,700,9800
154.907932,-39.9670951,800,9800
154.884779,-39.9662819,900,9800
154.861627,-39.9654641,1000,9800
154.838477,-39.9646418,1100,9800
154.815328,-39.9638149,1200,9800
154.79218,-39.9629835,1300,9800
154.769034,-39.9621475,1400,9800
154.745888,-39.9613069,1500,9800
154.722744,-39.9604617,1600,9800
154.6996,-39.9596119,1700,9800
154.676457,-39.9587576,1800,9800
154.653315,-39.9578986,1900,9800
154.630173,-39.9570351,2000,9800
154.607032,-39.9561669,2100,9800
154.583891,-39.9552942,2200,9800
154.56075,-39.9544168,2300,9800
154.537609,-39.9535348,2400,9800
154.514469,-39.9526482,2500,9800
154.491328,-39.951757,2600,9800
154.468186,-39.9508612,2700,9800
154.445045,-39.9499607,2800,9800
154.421903,-39.9490556,2900,9800
154.398761,-39.9481459,3000,9800
154.375617,-39.9472315,3100,9800
154.352474,-39.9463125,3200,9800
154.329329,-39.9453888,3300,9800
154.306183,-39.9444604,3400,9800
154.283036,-39.9435274,3500,9800
154.259888,-39.9425898,3600,9800
154.236739,-39.9416474,3700,9800
154.213588,-39.9407004,3800,9800
154.190436,-39.9397487,3900,9800
154.167514,-39.9388018,3999,9800
155.092291,-39.9896937,0,9900
155.069116,-39.9889163,100,9900
155.045944,-39.9881344,200,9900
155.022774,-39.9873479,300,9900
154.999606,-39.9865569,400,9900
154.97644,-39.9857613,500,9900
154.953277,-39.9849612,600,9900
154.930115,-39.9841565,700,9900
154.906955,-39.9833473,800,9900
154.883797,-39.9825335,900,9900
154.86064,-39.9817151,1000,9900
154.837485,-39.9808922,1100,9900
154.814331,-39.9800647,1200,9900
154.791179,-39.9792326,1300,9900
154.768028,-39.978396,1400,9900
154.744877,-39.9775548,1500,9900
154.721728,-39.9767089,1600,9900
154.69858,-39.9758585,1700,9900
154.675432,-39.9750036,1800,9900
154.652285,-39.974144,1900,9900
154.629138,-39.9732798,2000,9900
154.605992,-39.972411,2100,9900
154.582846,-39.9715376,2200,9900
154.5597,-39.9706596,2300,9900
154.536555,-39.969777,2400,9900
154.513409,-39.9688897,2500,9900
154.490264,-39.9679979,2600,9900
154.467118,-39.9671014,2700,9900
154.443971,-39.9662003,2800,9900
154.420825,-39.9652945,2900,9900
154.397678,-39.9643841,3000,9900
154.37453,-39.9634691,3100,9900
154.351381,-39.9625494,3200,9900
154.328231,-39.961625,3300,9900
154.305081,-39.960696,3400,9900
154.281929,-39.9597623,3500,9900
154.258777,-39.958824,3600,9900
154.235623,-39.9578809,3700,9900
154.212467,-39.9569332,3800,9900
154.18931,-39.9559808,3900,9900
154.166383,-39.9550333,3999,9900
155.091221,-40.0061035,0,10000
155.068041,-40.0053265,100,10000
155.044864,-40.0045451,200,10000
155.021689,-40.0037591,300,10000
154.998517,-40.0029685,400,10000
154.975346,-40.0021734,500,10000
154.952177,-40.0013737,600,10000
154.929011,-40.0005695,700,10000
154.905846,-39.9997607,800,10000
154.882683,-39.9989474,900,10000
154.859521,-39.9981295,1000,10000
154.836361,-39.997307,1100,10000
154.813203,-39.9964799,1200,10000
154.790045,-39.9956483,1300,10000
154.766889,-39.9948121,1400,10000
154.743734,-39.9939713,1500,10000
154.72058,-39.9931259,1600,10000
154.697426,-39.992276,1700,10000
154.674274,-39.9914214,1800,10000
154.651122,-39.9905622,1900,10000
154.62797,-39.9896985,2000,10000
154.604819,-39.9888301,2100,10000
154.581668,-39.9879571,2200,10000
154.558518,-39.9870795,2300,10000
154.535367,-39.9861973,2400,10000
154.512217,-39.9853105,2500,10000
154.489066,-39.9844191,2600,10000
154.465915,-39.983523,2700,10000
154.442764,-39.9826223,2800,10000
154.419612,-39.9817169,2900,10000
154.39646,-39.9808069,3000,10000
154.373307,-39.9798922,3100,10000
154.350153,-39.9789729,3200,10000
154.326999,-39.978049,3300,10000
154.303843,-39.9771204,3400,10000
154.280687,-39.9761871,3500,10000
154.257529,-39.9752491,3600,10000
154.23437,-39.9743064,3700,10000
154.21121,-39.9733591,3800,10000
154.188048,-39.9724071,3900,10000
154.165116,-39.97146,3999,10000
155.090174,-40.0225214,0,10100
155.066989,-40.0217449,100,10100
155.043807,-40.020964,200,10100
155.020627,-40.0201784,300,10100
154.997449,-40.0193884,400,10100
154.974274,-40.0185937,500,10100
154.951101,-40.0177945,600,10100
154.927929,-40.0169908,700,10100
154.904759,-40.0161825,800,10100
154.881591,-40.0153696,900,10100
154.858425,-40.0145521,1000,10100
154.83526,-40.0137301,1100,10100
154.812096,-40.0129035,1200,10100
154.788934,-40.0120724,1300,10100
154.765773,-40.0112366,1400,10100
154.742613,-40.0103963,1500,10100
154.719453,-40.0095513,1600,10100
154.696295,-40.0087018,1700,10100
154.673137,-40.0078477,1800,10100
154.649981,-40.006989,1900,10100
154.626824,-40.0061257,2000,10100
154.603668,-40.0052577,2100,10100
154.580512,-40.0043852,2200,10100
154.557357,-40.003508,2300,10100
154.534201,-40.0026263,2400,10100
154.511046,-40.0017399,2500,10100
154.48789,-40.0008488,2600,10100
154.464734,-39.9999532,2700,10100
154.441578,-39.9990529,2800,10100
154.418421,-39.998148,2900,10100
154.395264,-39.9972384,3000,10100
154.372106,-39.9963241,3100,10100
154.348948,-39.9954053,3200,10100
154.325788,-39.9944817,3300,10100
154.302628,-39.9935535,3400,10100
154.279466,-39.9926206,3500,10100
154.256304,-39.991683,3600,10100
154.23314,-39.9907408,3700,10100
154.209974,-39.9897939,3800,10100
154.186807,-39.9888422,3900,10100
154.16387,-39.9878955,3999,10100
155.08917,-40.0388548,0,10200
155.06598,-40.0380782,100,10200
155.042793,-40.0372971,200,10200
155.019608,-40.0365115,300,10200
154.996426,-40.0357213,400,10200
154.973245,-40.0349266,500,10200
154.950067,-40.0341273,600,10200
154.926891,-40.0333234,700,10200
154.903716,-40.032515,800,10200
154.880543,-40.031702,900,10200
154.857372,-40.0308844,1000,10200
154.834202,-40.0300623,1100,10200
154.811033,-40.0292355,1200,10200
154.787866,-40.0284042,1300,10200
154.7647,-40.0275683,1400,10200
154.741535,-40.0267279,1500,10200
154.718371,-40.0258828,1600,10200
154.695208,-40.0250331,1700,10200
154.672045,-40.0241789,1800,10200
154.648883,-40.02332,1900,10200
154.625722,-40.0224565,2000,10200
154.602561,-40.0215885,2100,10200
154.579401,-40.0207158,2200,10200
154.55624,-40.0198385,2300,10200
154.53308,-40.0189565,2400,10200
154.509919,-40.01807,2500,10200
154.486759,-40.0171788,2600,10200
154.463598,-40.016283,2700,10200
154.440437,-40.0153825,2800,10200
154.417276,-40.0144774,2900,10200
154.394114,-40.0135676,3000,10200
154.370951,-40.0126532,3100,10200
154.347787,-40.0117342,3200,10200
154.324623,-40.0108104,3300,10200
154.301458,-40.009882,3400,10200
154.278291,-40.008949,3500,10200
154.255124,-40.0080112,3600,10200
154.231955,-40.0070688,3700,10200
154.208785,-40.0061217,3800,10200
154.185613,-40.0051698,3900,10200
154.162671,-40.0042229,3999,10200
155.088069,-40.0552756,0,10300
155.064875,-40.0544996,100,10300
155.041683,-40.053719,200,10300
155.018493,-40.0529338,300,10300
154.995306,-40.0521441,400,10300
154.97212,-40.0513498,500,10300
154.948937,-40.050551,600,10300
154.925756,-40.0497476,700,10300
154.902576,-40.0489397,800,10300
154.879398,-40.0481271,900,10300
154.856222,-40.04731,1000,10300
154.833047,-40.0464883,1100,10300
154.809874,-40.0456621,1200,10300
154.786702,-40.0448312,1300,10300
154.763531,-40.0439958,1400,10300
154.740361,-40.0431557,1500,10300
154.717192,-40.0423111,1600,10300
154.694024,-40.0414619,1700,10300
154.670856,-40.0406081,1800,10300
154.647689,-40.0397497,1900,10300
154.624523,-40.0388867,2000,10300
154.601357,-40.038019,2100,10300
154.578192,-40.0371468,2200,10300
154.555026,-40.0362699,2300,10300
154.531861,-40.0353884,2400,10300
154.508695,-40.0345022,2500,10300
154.48553,-40.0336115,2600,10300
154.462364,-40.0327161,2700,10300
154.439198,-40.031816,2800,10300
154.416032,-40.0309114,2900,10300
154.392865,-40.030002,3000,10300
154.369697,-40.029088,3100,10300
154.346529,-40.0281694,3200,10300
154.323359,-40.027246,3300,10300
154.300189,-40.026318,3400,10300
154.277017,-40.0253854,3500,10300
154.253845,-40.024448,3600,10300
154.230671,-40.023506,3700,10300
154.207496,-40.0225593,3800,10300
154.184319,-40.0216078,3900,10300
154.161372,-40.0206613,3999,10300
155.087054,-40.0716181,0,10400
155.063855,-40.0708421,100,10400
155.040658,-40.0700616,200,10400
155.017463,-40.0692765,300,10400
154.994271,-40.0684868,400,10400
154.971081,-40.0676926,500,10400
154.947893,-40.0668938,600,10400
154.924706,-40.0660904,700,10400
154.901522,-40.0652824,800,10400
154.878339,-40.0644699,900,10400
154.855158,-40.0636528,1000,10400
154.831978,-40.0628312,1100,10400
154.8088,-40.0620049,1200,10400
154.785623,-40.0611741,1300,10400
154.762447,-40.0603387,1400,10400
154.739272,-40.0594986,1500,10400
154.716098,-40.058654,1600,10400
154.692925,-40.0578048,1700,10400
154.669753,-40.056951,1800,10400
154.646581,-40.0560926,1900,10400
154.62341,-40.0552295,2000,10400
154.600239,-40.0543619,2100,10400
154.577069,-40.0534896,2200,10400
154.553898,-40.0526127,2300,10400
154.530728,-40.0517312,2400,10400
154.507558,-40.0508451,2500,10400
154.484387,-40.0499543,2600,10400
154.461217,-40.0490589,2700,10400
154.438046,-40.0481588,2800,10400
154.414874,-40.0472541,2900,10400
154.391703,-40.0463447,3000,10400
154.36853,-40.0454307,3100,10400
154.345357,-40.044512,3200,10400
154.322182,-40.0435886,3300,10400
154.299007,-40.0426606,3400,10400
154.275831,-40.0417279,3500,10400
154.252653,-40.0407905,3600,10400
154.229474,-40.0398484,3700,10400
154.206294,-40.0389016,3800,10400
154.183112,-40.0379502,3900,10400
154.160161,-40.0370036,3999,10400
155.086097,-40.0879254,0,10500
155.062893,-40.087149,100,10500
155.039691,-40.0863681,200,10500
155.016492,-40.0855826,300,10500
154.993295,-40.0847925,400,10500
154.970099,-40.0839979,500,10500
154.946906,-40.0831986,600,10500
154.923715,-40.0823949,700,10500
154.900526,-40.0815865,800,10500
154.877338,-40.0807736,900,10500
154.854152,-40.0799561,1000,10500
154.830967,-40.079134,1100,10500
154.807784,-40.0783073,1200,10500
154.784602,-40.0774761,1300,10500
154.761421,-40.0766402,1400,10500
154.738242,-40.0757998,1500,10500
154.715063,-40.0749547,1600,10500
154.691885,-40.0741051,1700,10500
154.668708,-40.0732508,1800,10500
154.645531,-40.072392,1900,10500
154.622355,-40.0715285,2000,10500
154.599179,-40.0706604,2100,10500
154.576004,-40.0697877,2200,10500
154.552829,-40.0689104,2300,10500
154.529654,-40.0680284,2400,10500
154.506479,-40.0671418,2500,10500
154.483303,-40.0662506,2600,10500
154.460128,-40.0653547,2700,10500
154.436952,-40.0644542,2800,10500
154.413776,-40.063549,2900,10500
154.390599,-40.0626392,3000,10500
154.367422,-40.0617247,3100,10500
154.344244,-40.0608055,3200,10500
154.321065,-40.0598817,3300,10500
154.297885,-40.0589532,3400,10500
154.274703,-40.05802,3500,10500
154.251521,-40.0570821,3600,10500
154.228338,-40.0561396,3700,10500
154.205152,-40.0551923,3800,10500
154.181966,-40.0542403,3900,10500
154.15901,-40.0532933,3999,10500
155.08511,-40.1042056,0,10600
155.061901,-40.1034289,100,10600
155.038694,-40.1026476,200,10600
155.015489,-40.1018618,300,10600
154.992287,-40.1010715,400,10600
154.969087,-40.1002765,500,10600
154.945889,-40.099477,600,10600
154.922693,-40.0986729,700,10600
154.899499,-40.0978643,800,10600
154.876306,-40.0970511,900,10600
154.853115,-40.0962332,1000,10600
154.829926,-40.0954108,1100,10600
154.806738,-40.0945839,1200,10600
154.783551,-40.0937523,1300,10600
154.760365,-40.0929161,1400,10600
154.737181,-40.0920754,1500,10600
154.713997,-40.09123,1600,10600
154.690814,-40.09038,1700,10600
154.667632,-40.0895254,1800,10600
154.644451,-40.0886663,1900,10600
154.62127,-40.0878024,2000,10600
154.598089,-40.086934,2100,10600
154.574909,-40.086061,2200,10600
154.551729,-40.0851833,2300,10600
154.528549,-40.084301,2400,10600
154.505369,-40.0834141,2500,10600
154.482189,-40.0825225,2600,10600
154.459009,-40.0816262,2700,10600
154.435828,-40.0807254,2800,10600
154.412647,-40.0798198,2900,10600
154.389465,-40.0789097,3000,10600
154.366283,-40.0779948,3100,10600
154.3431,-40.0770753,3200,10600
154.319916,-40.0761511,3300,10600
154.296731,-40.0752222,3400,10600
154.273545,-40.0742887,3500,10600
154.250358,-40.0733504,3600,10600
154.22717,-40.0724075,3700,10600
154.20398,-40.0714599,3800,10600
154.180788,-40.0705075,3900,10600
154.157827,-40.0695601,3999,10600
155.084053,-40.1205928,0,10700
155.060839,-40.1198163,100,10700
155.037627,-40.1190351,200,10700
155.014418,-40.1182494,300,10700
154.991211,-40.1174592,400,10700
154.968006,-40.1166644,500,10700
154.944803,-40.115865,600,10700
154.921602,-40.115061,700,10700
154.898403,-40.1142524,800,10700
154.875206,-40.1134393,900,10700
154.85201,-40.1126216,1000,10700
154.828815,-40.1117993,1100,10700
154.805622,-40.1109724,1200,10700
154.78243,-40.1101409,1300,10700
154.75924,-40.1093048,1400,10700
154.73605,-40.1084642,1500,10700
154.712862,-40.1076189,1600,10700
154.689674,-40.106769,1700,10700
154.666487,-40.1059145,1800,10700
154.6433,-40.1050554,1900,10700
154.620115,-40.1041916,2000,10700
154.596929,-40.1033233,2100,10700
154.573744,-40.1024503,2200,10700
154.550559,-40.1015727,2300,10700
154.527374,-40.1006905,2400,10700
154.504189,-40.0998036,2500,10700
154.481004,-40.0989121,2600,10700
154.457819,-40.0980159,2700,10700
154.434633,-40.0971151,2800,10700
154.411447,-40.0962096,2900,10700
154.388261,-40.0952994,3000,10700
154.365074,-40.0943846,3100,10700
154.341886,-40.0934652,3200,10700
154.318697,-40.092541,3300,10700
154.295507,-40.0916122,3400,10700
154.272316,-40.0906787,3500,10700
154.249124,-40.0897405,3600,10700
154.22593,-40.0887976,3700,10700
154.202736,-40.08785,3800,10700
154.179539,-40.0868977,3900,10700
154.156573,-40.0859502,3999,10700
155.083124,-40.1368406,0,10800
155.059905,-40.1360634,100,10800
155.036689,-40.1352817,200,10800
155.013475,-40.1344953,300,10800
154.990263,-40.1337045,400,10800
154.967053,-40.132909,500,10800
154.943845,-40.132109,600,10800
154.920639,-40.1313044,700,10800
154.897435,-40.1304952,800,10800
154.874233,-40.1296814,900,10800
154.851032,-40.1288631,1000,10800
154.827832,-40.1280401,1100,10800
154.804634,-40.1272126,1200,10800
154.781438,-40.1263804,1300,10800
154.758242,-40.1255437,1400,10800
154.735048,-40.1247024,1500,10800
154.711854,-40.1238564,1600,10800
154.688662,-40.1230059,1700,10800
154.66547,-40.1221507,1800,10800
154.642279,-40.121291,1900,10800
154.619088,-40.1204266,2000,10800
154.595898,-40.1195575,2100,10800
154.572708,-40.1186839,2200,10800
154.549518,-40.1178056,2300,10800
154.526328,-40.1169227,2400,10800
154.503138,-40.1160351,2500,10800
154.479949,-40.1151429,2600,10800
154.456759,-40.1142461,2700,10800
154.433568,-40.1133446,2800,10800
154.410377,-40.1124384,2900,10800
154.387186,-40.1115276,3000,10800
154.363994,-40.1106121,3100,10800
154.340801,-40.1096919,3200,10800
154.317608,-40.1087671,3300,10800
154.294413,-40.1078376,3400,10800
154.271217,-40.1069033,3500,10800
154.24802,-40.1059644,3600,10800
154.224822,-40.1050208,3700,10800
154.201623,-40.1040725,3800,10800
154.178422,-40.1031195,3900,10800
154.155451,-40.1021714,3999,10800
155.082054,-40.1532142,0,10900
155.05883,-40.152437,100,10900
155.035609,-40.1516553,200,10900
155.01239,-40.150869,300,10900
154.989173,-40.1500781,400,10900
154.965958,-40.1492827,500,10900
154.942745,-40.1484826,600,10900
154.919534,-40.147678,700,10900
154.896325,-40.1468688,800,10900
154.873118,-40.1460551,900,10900
154.849912,-40.1452367,1000,10900
154.826708,-40.1444138,1100,10900
154.803505,-40.1435862,1200,10900
154.780304,-40.1427541,1300,10900
154.757103,-40.1419173,1400,10900
154.733904,-40.141076,1500,10900
154.710706,-40.14023,1600,10900
154.687508,-40.1393795,1700,10900
154.664311,-40.1385243,1800,10900
154.641115,-40.1376645,1900,10900
154.617919,-40.1368,2000,10900
154.594724,-40.135931,2100,10900
154.571529,-40.1350573,2200,10900
154.548334,-40.134179,2300,10900
154.52514,-40.133296,2400,10900
154.501945,-40.1324084,2500,10900
154.47875,-40.1315162,2600,10900
154.455555,-40.1306193,2700,10900
154.43236,-40.1297178,2800,10900
154.409164,-40.1288115,2900,10900
154.385968,-40.1279007,3000,10900
154.362771,-40.1269851,3100,10900
154.339573,-40.1260649,3200,10900
154.316375,-40.12514,3300,10900
154.293175,-40.1242104,3400,10900
154.269974,-40.1232761,3500,10900
154.246773,-40.1223371,3600,10900
154.22357,-40.1213935,3700,10900
154.200365,-40.1204451,3800,10900
154.177159,-40.119492,3900,10900
154.154183,-40.1185438,3999,10900
155.081048,-40.1695315,0,11000
155.057819,-40.1687541,100,11000
155.034593,-40.1679722,200,11000
155.011369,-40.1671857,300,11000
154.988147,-40.1663946,400,11000
154.964927,-40.1655989,500,11000
154.941709,-40.1647987,600,11000
154.918494,-40.1639938,700,11000
154.89528,-40.1631844,800,11000
154.872068,-40.1623704,900,11000
154.848857,-40.1615518,1000,11000
154.825648,-40.1607287,1100,11000
154.80244,-40.1599009,1200,11000
154.779234,-40.1590685,1300,11000
154.756028,-40.1582315,1400,11000
154.732824,-40.1573899,1500,11000
154.709621,-40.1565437,1600,11000
154.686418,-40.1556929,1700,11000
154.663216,-40.1548375,1800,11000
154.640015,-40.1539774,1900,11000
154.616815,-40.1531127,2000,11000
154.593615,-40.1522434,2100,11000
154.570415,-40.1513695,2200,11000
154.547215,-40.1504909,2300,11000
154.524016,-40.1496077,2400,11000
154.500816,-40.1487198,2500,11000
154.477616,-40.1478273,2600,11000
154.454417,-40.1469302,2700,11000
154.431216,-40.1460283,2800,11000
154.408016,-40.1451218,2900,11000
154.384814,-40.1442107,3000,11000
154.361613,-40.1432949,3100,11000
154.33841,-40.1423744,3200,11000
154.315207,-40.1414492,3300,11000
154.292002,-40.1405193,3400,11000
154.268797,-40.1395847,3500,11000
154.24559,-40.1386454,3600,11000
154.222382,-40.1377015,3700,11000
154.199172,-40.1367528,3800,11000
154.175961,-40.1357994,3900,11000
154.152981,-40.1348509,3999,11000
155.079981,-40.1859225,0,11100
155.056748,-40.1851452,100,11100
155.033516,-40.1843635,200,11100
155.010287,-40.1835771,300,11100
154.987061,-40.1827862,400,11100
154.963836,-40.1819907,500,11100
154.940613,-40.1811906,600,11100
154.917393,-40.1803859,700,11100
154.894174,-40.1795767,800,11100
154.870957,-40.1787628,900,11100
154.847741,-40.1779444,1000,11100
154.824527,-40.1771213,1100,11100
154.801314,-40.1762937,1200,11100
154.778103,-40.1754615,1300,11100
154.754893,-40.1746246,1400,11100
154.731683,-40.1737832,1500,11100
154.708475,-40.1729371,1600,11100
154.685268,-40.1720864,1700,11100
154.662061,-40.1712311,1800,11100
154.638855,-40.1703712,1900,11100
154.61565,-40.1695066,2000,11100
154.592444,-40.1686374,2100,11100
154.56924,-40.1677636,2200,11100
154.546035,-40.1668851,2300,11100
154.522831,-40.166002,2400,11100
154.499626,-40.1651143,2500,11100
154.476421,-40.1642219,2600,11100
154.453217,-40.1633248,2700,11100
154.430011,-40.1624231,2800,11100
154.406806,-40.1615167,2900,11100
154.3836,-40.1606057,3000,11100
154.360393,-40.1596899,3100,11100
154.337185,-40.1587695,3200,11100
154.313977,-40.1578444,3300,11100
154.290767,-40.1569146,3400,11100
154.267557,-40.1559801,3500,11100
154.244345,-40.1550409,3600,11100
154.221132,-40.1540971,3700,11100
154.197917,-40.1531485,3800,11100
154.174702,-40.1521951,3900,11100
154.151716,-40.1512467,3999,11100
155.078979,-40.2022471,0,11200
155.055741,-40.2014696,100,11200
155.032504,-40.2006876,200,11200
155.009271,-40.199901,300,11200
154.986039,-40.1991099,400,11200
154.962809,-40.1983141,500,11200
154.939582,-40.1975138,600,11200
154.916356,-40.1967089,700,11200
154.893132,-40.1958994,800,11200
154.86991,-40.1950853,900,11200
154.84669,-40.1942666,1000,11200
154.823471,-40.1934433,1100,11200
154.800253,-40.1926154,1200,11200
154.777037,-40.1917829,1300,11200
154.753822,-40.1909458,1400,11200
154.730608,-40.1901041,1500,11200
154.707394,-40.1892578,1600,11200
154.684182,-40.1884068,1700,11200
154.66097,-40.1875513,1800,11200
154.63776,-40.1866911,1900,11200
154.614549,-40.1858262,2000,11200
154.591339,-40.1849568,2100,11200
154.568129,-40.1840827,2200,11200
154.54492,-40.1832039,2300,11200
154.52171,-40.1823205,2400,11200
154.498501,-40.1814325,2500,11200
154.475291,-40.1805398,2600,11200
154.452082,-40.1796425,2700,11200
154.428872,-40.1787404,2800,11200
154.405661,-40.1778338,2900,11200
154.38245,-40.1769224,3000,11200
154.359238,-40.1760064,3100,11200
154.336026,-40.1750857,3200,11200
154.312812,-40.1741603,3300,11200
154.289598,-40.1732302,3400,11200
154.266383,-40.1722954,3500,11200
154.243166,-40.1713559,3600,11200
154.219948,-40.1704117,3700,11200
154.196729,-40.1694627,3800,11200
154.173508,-40.1685091,3900,11200
154.150518,-40.1675604,3999,11200
155.077944,-40.2185961,0,11300
155.0547,-40.2178186,100,11300
155.031459,-40.2170364,200,11300
155.00822,-40.2162497,300,11300
154.984983,-40.2154584,400,11300
154.961749,-40.2146625,500,11300
154.938516,-40.2138621,600,11300
154.915286,-40.213057,700,11300
154.892057,-40.2122474,800,11300
154.86883,-40.2114332,900,11300
154.845605,-40.2106143,1000,11300
154.822381,-40.2097909,1100,11300
154.799158,-40.2089628,1200,11300
154.775937,-40.2081302,1300,11300
154.752717,-40.2072929,1400,11300
154.729498,-40.2064511,1500,11300
154.70628,-40.2056046,1600,11300
154.683062,-40.2047535,1700,11300
154.659846,-40.2038977,1800,11300
154.63663,-40.2030374,1900,11300
154.613415,-40.2021724,2000,11300
154.5902,-40.2013027,2100,11300
154.566985,-40.2004285,2200,11300
154.543771,-40.1995496,2300,11300
154.520556,-40.198666,2400,11300
154.497342,-40.1977778,2500,11300
154.474127,-40.1968849,2600,11300
154.450913,-40.1959874,2700,11300
154.427698,-40.1950852,2800,11300
154.404482,-40.1941783,2900,11300
154.381266,-40.1932667,3000,11300
154.35805,-40.1923505,3100,11300
154.334832,-40.1914296,3200,11300
154.311614,-40.190504,3300,11300
154.288395,-40.1895737,3400,11300
154.265174,-40.1886387,3500,11300
154.241953,-40.187699,3600,11300
154.21873,-40.1867546,3700,11300
154.195506,-40.1858055,3800,11300
154.17228,-40.1848516,3900,11300
154.149285,-40.1839026,3999,11300
155.076895,-40.2349431,0,11400
155.053647,-40.2341655,100,11400
155.030401,-40.2333833,200,11400
155.007157,-40.2325966,300,11400
154.983915,-40.2318053,400,11400
154.960676,-40.2310093,500,11400
154.937438,-40.2302088,600,11400
154.914203,-40.2294038,700,11400
154.890969,-40.2285941,800,11400
154.867737,-40.2277798,900,11400
154.844507,-40.2269609,1000,11400
154.821278,-40.2261374,1100,11400
154.798051,-40.2253093,1200,11400
154.774824,-40.2244766,1300,11400
154.751599,-40.2236393,1400,11400
154.728375,-40.2227974,1500,11400
154.705152,-40.2219508,1600,11400
154.68193,-40.2210996,1700,11400
154.658709,-40.2202438,1800,11400
154.635488,-40.2193834,1900,11400
154.612268,-40.2185183,2000,11400
154.589048,-40.2176486,2100,11400
154.565828,-40.2167743,2200,11400
154.542609,-40.2158953,2300,11400
154.519389,-40.2150116,2400,11400
154.49617,-40.2141233,2500,11400
154.472951,-40.2132304,2600,11400
154.449731,-40.2123327,2700,11400
154.426511,-40.2114304,2800,11400
154.403291,-40.2105235,2900,11400
154.38007,-40.2096118,3000,11400
154.356848,-40.2086955,3100,11400
154.333626,-40.2077745,3200,11400
154.310402,-40.2068488,3300,11400
154.287178,-40.2059184,3400,11400
154.263953,-40.2049833,3500,11400
154.240726,-40.2040434,3600,11400
154.217499,-40.2030989,3700,11400
154.194269,-40.2021497,3800,11400
154.171039,-40.2011957,3900,11400
154.148039,-40.2002466,3999,11400
155.075928,-40.2512435,0,11500
155.052674,-40.2504655,100,11500
155.029423,-40.2496829,200,11500
155.006175,-40.2488957,300,11500
154.982928,-40.2481039,400,11500
154.959684,-40.2473076,500,11500
154.936441,-40.2465066,600,11500
154.913201,-40.2457011,700,11500
154.889962,-40.244891,800,11500
154.866725,-40.2440762,900,11500
154.84349,-40.2432569,1000,11500
154.820256,-40.242433,1100,11500
154.797024,-40.2416044,1200,11500
154.773793,-40.2407712,1300,11500
154.750563,-40.2399335,1400,11500
154.727334,-40.2390911,1500,11500
154.704106,-40.238244,1600,11500
154.680879,-40.2373924,1700,11500
154.657652,-40.2365361,1800,11500
154.634427,-40.2356752,1900,11500
154.611201,-40.2348097,2000,11500
154.587977,-40.2339395,2100,11500
154.564752,-40.2330646,2200,11500
154.541528,-40.2321852,2300,11500
154.518304,-40.231301,2400,11500
154.49508,-40.2304122,2500,11500
154.471855,-40.2295188,2600,11500
154.448631,-40.2286207,2700,11500
154.425406,-40.2277179,2800,11500
154.402181,-40.2268104,2900,11500
154.378955,-40.2258983,3000,11500
154.355728,-40.2249814,3100,11500
154.332501,-40.2240599,3200,11500
154.309273,-40.2231337,3300,11500
154.286044,-40.2222028,3400,11500
154.262814,-40.2212671,3500,11500
154.239582,-40.2203268,3600,11500
154.21635,-40.2193818,3700,11500
154.193116,-40.218432,3800,11500
154.16988,-40.2174775,3900,11500
154.146875,-40.2165279,3999,11500
155.07492,-40.2675441,0,11600
155.051661,-40.2667657,100,11600
155.028405,-40.2659828,200,11600
155.005152,-40.2651952,300,11600
154.9819,-40.2644031,400,11600
154.958651,-40.2636064,500,11600
154.935404,-40.2628051,600,11600
154.912158,-40.2619992,700,11600
154.888915,-40.2611887,800,11600
154.865673,-40.2603736,900,11600
154.842433,-40.2595538,1000,11600
154.819194,-40.2587295,1100,11600
154.795957,-40.2579006,1200,11600
154.772721,-40.257067,1300,11600
154.749486,-40.2562289,1400,11600
154.726252,-40.2553861,1500,11600
154.703019,-40.2545387,1600,11600
154.679787,-40.2536867,1700,11600
154.656556,-40.25283,1800,11600
154.633325,-40.2519687,1900,11600
154.610095,-40.2511027,2000,11600
154.586865,-40.2502321,2100,11600
154.563636,-40.2493569,2200,11600
154.540407,-40.248477,2300,11600
154.517178,-40.2475925,2400,11600
154.493949,-40.2467033,2500,11600
154.470719,-40.2458094,2600,11600
154.44749,-40.2449109,2700,11600
154.42426,-40.2440077,2800,11600
154.40103,-40.2430998,2900,11600
154.377799,-40.2421872,3000,11600
154.354568,-40.2412699,3100,11600
154.331336,-40.240348,3200,11600
154.308103,-40.2394213,3300,11600
154.284869,-40.23849,3400,11600
154.261634,-40.2375539,3500,11600
154.238397,-40.2366132,3600,11600
154.21516,-40.2356677,3700,11600
154.191921,-40.2347175,3800,11600
154.168681,-40.2337625,3900,11600
154.145671,-40.2328125,3999,11600
155.073884,-40.2838921,0,11700
155.050621,-40.2831137,100,11700
155.02736,-40.2823308,200,11700
155.004101,-40.2815432,300,11700
154.980845,-40.2807511,400,11700
154.957591,-40.2799544,500,11700
154.934338,-40.279153,600,11700
154.911088,-40.2783471,700,11700
154.88784,-40.2775366,800,11700
154.864593,-40.2767215,900,11700
154.841348,-40.2759017,1000,11700
154.818104,-40.2750774,1100,11700
154.794862,-40.2742484,1200,11700
154.771621,-40.2734149,1300,11700
154.748381,-40.2725767,1400,11700
154.725142,-40.2717339,1500,11700
154.701904,-40.2708864,1600,11700
154.678667,-40.2700343,1700,11700
154.655431,-40.2691776,1800,11700
154.632195,-40.2683163,1900,11700
154.60896,-40.2674503,2000,11700
154.585726,-40.2665796,2100,11700
154.562491,-40.2657044,2200,11700
154.539257,-40.2648244,2300,11700
154.516023,-40.2639398,2400,11700
154.492789,-40.2630506,2500,11700
154.469555,-40.2621566,2600,11700
154.446321,-40.261258,2700,11700
154.423086,-40.2603548,2800,11700
154.399851,-40.2594468,2900,11700
154.376615,-40.2585342,3000,11700
154.353379,-40.2576168,3100,11700
154.330142,-40.2566948,3200,11700
154.306904,-40.2557681,3300,11700
154.283665,-40.2548367,3400,11700
154.260425,-40.2539005,3500,11700
154.237183,-40.2529597,3600,11700
154.213941,-40.2520141,3700,11700
154.190697,-40.2510638,3800,11700
154.167452,-40.2501088,3900,11700
154.144437,-40.2491586,3999,11700
155.07284,-40.3002658,0,11800
155.049572,-40.2994874,100,11800
155.026306,-40.2987045,200,11800
155.003042,-40.2979169,300,11800
154.979781,-40.2971248,400,11800
154.956522,-40.2963281,500,11800
154.933264,-40.2955267,600,11800
154.910009,-40.2947208,700,11800
154.886756,-40.2939102,800,11800
154.863504,-40.2930951,900,11800
154.840254,-40.2922753,1000,11800
154.817005,-40.291451,1100,11800
154.793758,-40.290622,1200,11800
154.770512,-40.2897884,1300,11800
154.747267,-40.2889501,1400,11800
154.724023,-40.2881073,1500,11800
154.700781,-40.2872598,1600,11800
154.677539,-40.2864077,1700,11800
154.654297,-40.2855509,1800,11800
154.631057,-40.2846895,1900,11800
154.607817,-40.2838235,2000,11800
154.584577,-40.2829528,2100,11800
154.561338,-40.2820774,2200,11800
154.538099,-40.2811974,2300,11800
154.51486,-40.2803128,2400,11800
154.491621,-40.2794235,2500,11800
154.468382,-40.2785295,2600,11800
154.445142,-40.2776308,2700,11800
154.421903,-40.2767275,2800,11800
154.398662,-40.2758194,2900,11800
154.375422,-40.2749067,3000,11800
154.35218,-40.2739893,3100,11800
154.328938,-40.2730672,3200,11800
154.305695,-40.2721404,3300,11800
154.282451,-40.2712089,3400,11800
154.259207,-40.2702727,3500,11800
154.23596,-40.2693317,3600,11800
154.212713,-40.2683861,3700,11800
154.189464,-40.2674357,3800,11800
154.166214,-40.2664806,3900,11800
154.143194,-40.2655303,3999,11800
155.071794,-40.3166091,0,11900
155.04852,-40.3158306,100,11900
155.02525,-40.3150475,200,11900
155.001981,-40.3142597,300,11900
154.978715,-40.3134674,400,11900
154.955451,-40.3126705,500,11900
154.932188,-40.311869,600,11900
154.908928,-40.3110629,700,11900
154.88567,-40.3102521,800,11900
154.862413,-40.3094368,900,11900
154.839158,-40.3086169,1000,11900
154.815904,-40.3077923,1100,11900
154.792652,-40.3069631,1200,11900
154.769401,-40.3061293,1300,11900
154.746152,-40.3052909,1400,11900
154.722903,-40.3044478,1500,11900
154.699655,-40.3036001,1600,11900
154.676408,-40.3027478,1700,11900
154.653162,-40.3018908,1800,11900
154.629917,-40.3010292,1900,11900
154.606672,-40.300163,2000,11900
154.583427,-40.2992921,2100,11900
154.560183,-40.2984165,2200,11900
154.536939,-40.2975363,2300,11900
154.513695,-40.2966514,2400,11900
154.490451,-40.2957619,2500,11900
154.467207,-40.2948677,2600,11900
154.443962,-40.2939688,2700,11900
154.420718,-40.2930652,2800,11900
154.397473,-40.2921569,2900,11900
154.374227,-40.291244,3000,11900
154.350981,-40.2903263,3100,11900
154.327734,-40.289404,3200,11900
154.304486,-40.2884769,3300,11900
154.281237,-40.2875452,3400,11900
154.257987,-40.2866087,3500,11900
154.234736,-40.2856675,3600,11900
154.211483,-40.2847216,3700,11900
154.188229,-40.2837709,3800,11900
154.164974,-40.2828156,3900,11900
154.14195,-40.281865,3999,11900
155.070829,-40.3328775,0,12000
155.047551,-40.3320983,100,12000
155.024275,-40.3313146,200,12000
155.001002,-40.3305263,300,12000
154.977731,-40.3297333,400,12000
154.954461,-40.3289358,500,12000
154.931194,-40.3281337,600,12000
154.907929,-40.327327,700,12000
154.884666,-40.3265156,800,12000
154.861404,-40.3256997,900,12000
154.838144,-40.3248791,1000,12000
154.814886,-40.3240539,1100,12000
154.791628,-40.3232241,1200,12000
154.768373,-40.3223897,1300,12000
154.745118,-40.3215506,1400,12000
154.721864,-40.3207069,1500,12000
154.698612,-40.3198586,1600,12000
154.67536,-40.3190056,1700,12000
154.652109,-40.318148,1800,12000
154.628858,-40.3172858,1900,12000
154.605608,-40.3164189,2000,12000
154.582359,-40.3155473,2100,12000
154.55911,-40.3146711,2200,12000
154.535861,-40.3137902,2300,12000
154.512612,-40.3129047,2400,12000
154.489363,-40.3120145,2500,12000
154.466114,-40.3111196,2600,12000
154.442865,-40.3102201,2700,12000
154.419615,-40.3093158,2800,12000
154.396365,-40.3084069,2900,12000
154.373115,-40.3074933,3000,12000
154.349864,-40.306575,3100,12000
154.326612,-40.3056519,3200,12000
154.303359,-40.3047242,3300,12000
154.280106,-40.3037918,3400,12000
154.256851,-40.3028546,3500,12000
154.233595,-40.3019127,3600,12000
154.210337,-40.3009661,3700,12000
154.187079,-40.3000148,3800,12000
154.163819,-40.2990587,3900,12000
154.140789,-40.2981075,3999,12000
155.069785,-40.3492454,0,12100
155.046501,-40.3484662,100,12100
155.02322,-40.3476824,200,12100
154.999942,-40.3468941,300,12100
154.976666,-40.3461011,400,12100
154.953392,-40.3453036,500,12100
154.93012,-40.3445014,600,12100
154.906849,-40.3436946,700,12100
154.883581,-40.3428832,800,12100
154.860315,-40.3420672,900,12100
154.837049,-40.3412466,1000,12100
154.813786,-40.3404214,1100,12100
154.790524,-40.3395915,1200,12100
154.767263,-40.338757,1300,12100
154.744003,-40.3379179,1400,12100
154.720745,-40.3370742,1500,12100
154.697487,-40.3362258,1600,12100
154.67423,-40.3353728,1700,12100
154.650974,-40.3345151,1800,12100
154.627719,-40.3336528,1900,12100
154.604464,-40.3327858,2000,12100
154.58121,-40.3319142,2100,12100
154.557955,-40.3310379,2200,12100
154.534701,-40.3301569,2300,12100
154.511448,-40.3292713,2400,12100
154.488194,-40.328381,2500,12100
154.46494,-40.3274861,2600,12100
154.441686,-40.3265864,2700,12100
154.418431,-40.3256821,2800,12100
154.395176,-40.3247731,2900,12100
154.371921,-40.3238593,3000,12100
154.348665,-40.3229409,3100,12100
154.325408,-40.3220178,3200,12100
154.30215,-40.32109,3300,12100
154.278891,-40.3201574,3400,12100
154.255632,-40.3192202,3500,12100
154.232371,-40.3182782,3600,12100
154.209108,-40.3173315,3700,12100
154.185845,-40.31638,3800,12100
154.162579,-40.3154238,3900,12100
154.139545,-40.3144725,3999,12100
155.068726,-40.3655896,0,12200
155.045438,-40.3648103,100,12200
155.022152,-40.3640265,200,12200
154.998869,-40.3632381,300,12200
154.975588,-40.362445,400,12200
154.952309,-40.3616474,500,12200
154.929032,-40.3608451,600,12200
154.905757,-40.3600383,700,12200
154.882483,-40.3592268,800,12200
154.859212,-40.3584107,900,12200
154.835942,-40.35759,1000,12200
154.812673,-40.3567646,1100,12200
154.789406,-40.3559347,1200,12200
154.766141,-40.3551001,1300,12200
154.742876,-40.3542608,1400,12200
154.719612,-40.353417,1500,12200
154.69635,-40.3525685,1600,12200
154.673088,-40.3517153,1700,12200
154.649827,-40.3508575,1800,12200
154.626567,-40.3499951,1900,12200
154.603307,-40.349128,2000,12200
154.580047,-40.3482562,2100,12200
154.556788,-40.3473798,2200,12200
154.533529,-40.3464988,2300,12200
154.51027,-40.345613,2400,12200
154.487012,-40.3447226,2500,12200
154.463753,-40.3438275,2600,12200
154.440494,-40.3429277,2700,12200
154.417234,-40.3420232,2800,12200
154.393974,-40.341114,2900,12200
154.370714,-40.3402002,3000,12200
154.347453,-40.3392816,3100,12200
154.324191,-40.3383583,3200,12200
154.300928,-40.3374303,3300,12200
154.277664,-40.3364976,3400,12200
154.2544,-40.3355602,3500,12200
154.231134,-40.3346181,3600,12200
154.207866,-40.3336712,3700,12200
154.184598,-40.3327196,3800,12200
154.161327,-40.3317632,3900,12200
154.138288,-40.3308117,3999,12200
155.067723,-40.3819297,0,12300
155.04443,-40.3811502,100,12300
155.021139,-40.3803662,200,12300
154.997851,-40.3795776,300,12300
154.974565,-40.3787843,400,12300
154.951281,-40.3779865,500,12300
154.927999,-40.377184,600,12300
154.904719,-40.3763769,700,12300
154.88144,-40.3755652,800,12300
154.858164,-40.3747489,900,12300
154.834889,-40.373928,1000,12300
154.811615,-40.3731024,1100,12300
154.788343,-40.3722722,1200,12300
154.765073,-40.3714374,1300,12300
154.741803,-40.3705979,1400,12300
154.718534,-40.3697539,1500,12300
154.695267,-40.3689051,1600,12300
154.672,-40.3680517,1700,12300
154.648734,-40.3671937,1800,12300
154.625469,-40.366331,1900,12300
154.602204,-40.3654637,2000,12300
154.57894,-40.3645917,2100,12300
154.555676,-40.363715,2200,12300
154.532412,-40.3628337,2300,12300
154.509148,-40.3619477,2400,12300
154.485884,-40.361057,2500,12300
154.46262,-40.3601617,2600,12300
154.439356,-40.3592616,2700,12300
154.416092,-40.3583569,2800,12300
154.392827,-40.3574474,2900,12300
154.369561,-40.3565333,3000,12300
154.346295,-40.3556145,3100,12300
154.323029,-40.3546909,3200,12300
154.299761,-40.3537627,3300,12300
154.276492,-40.3528297,3400,12300
154.253223,-40.351892,3500,12300
154.229952,-40.3509496,3600,12300
154.206679,-40.3500024,3700,12300
154.183406,-40.3490505,3800,12300
154.160131,-40.3480938,3900,12300
154.137087,-40.3471421,3999,12300
155.066656,-40.3982851,0,12400
155.043358,-40.3975057,100,12400
155.020062,-40.3967218,200,12400
154.996768,-40.3959332,300,12400
154.973477,-40.39514,400,12400
154.950188,-40.3943421,500,12400
154.926901,-40.3935397,600,12400
154.903616,-40.3927327,700,12400
154.880333,-40.391921,800,12400
154.857051,-40.3911047,900,12400
154.833772,-40.3902838,1000,12400
154.810493,-40.3894583,1100,12400
154.787216,-40.3886281,1200,12400
154.76394,-40.3877933,1300,12400
154.740666,-40.3869539,1400,12400
154.717392,-40.3861098,1500,12400
154.69412,-40.3852611,1600,12400
154.670848,-40.3844077,1700,12400
154.647577,-40.3835497,1800,12400
154.624307,-40.382687,1900,12400
154.601037,-40.3818197,2000,12400
154.577767,-40.3809477,2100,12400
154.554498,-40.380071,2200,12400
154.531229,-40.3791897,2300,12400
154.507961,-40.3783037,2400,12400
154.484692,-40.377413,2500,12400
154.461423,-40.3765176,2600,12400
154.438154,-40.3756176,2700,12400
154.414885,-40.3747128,2800,12400
154.391615,-40.3738034,2900,12400
154.368344,-40.3728892,3000,12400
154.345073,-40.3719704,3100,12400
154.321801,-40.3710468,3200,12400
154.298529,-40.3701185,3300,12400
154.275255,-40.3691855,3400,12400
154.25198,-40.3682478,3500,12400
154.228704,-40.3673053,3600,12400
154.205427,-40.3663581,3700,12400
154.182148,-40.3654061,3800,12400
154.158868,-40.3644494,3900,12400
154.135819,-40.3634976,3999,12400
155.06562,-40.414643,0,12500
155.042317,-40.4138635,100,12500
155.019016,-40.4130794,200,12500
154.995718,-40.4122907,300,12500
154.972421,-40.4114974,400,12500
154.949127,-40.4106995,500,12500
154.925836,-40.409897,600,12500
154.902545,-40.4090899,700,12500
154.879257,-40.4082781,800,12500
154.855971,-40.4074617,900,12500
154.832686,-40.4066407,1000,12500
154.809402,-40.405815,1100,12500
154.78612,-40.4049848,1200,12500
154.76284,-40.4041498,1300,12500
154.73956,-40.4033103,1400,12500
154.716282,-40.4024661,1500,12500
154.693004,-40.4016173,1600,12500
154.669727,-40.4007638,1700,12500
154.646451,-40.3999056,1800,12500
154.623176,-40.3990428,1900,12500
154.599901,-40.3981753,2000,12500
154.576627,-40.3973032,2100,12500
154.553353,-40.3964264,2200,12500
154.530079,-40.3955449,2300,12500
154.506805,-40.3946588,2400,12500
154.483531,-40.3937679,2500,12500
154.460258,-40.3928724,2600,12500
154.436983,-40.3919722,2700,12500
154.413709,-40.3910673,2800,12500
154.390434,-40.3901577,2900,12500
154.367159,-40.3892434,3000,12500
154.343883,-40.3883244,3100,12500
154.320606,-40.3874006,3200,12500
154.297328,-40.3864722,3300,12500
154.27405,-40.385539,3400,12500
154.25077,-40.3846011,3500,12500
154.227489,-40.3836585,3600,12500
154.204207,-40.3827111,3700,12500
154.180923,-40.3817589,3800,12500
154.157638,-40.3808021,3900,12500
154.134584,-40.3798501,3999,12500
155.064621,-40.4309324,0,12600
155.041313,-40.4301525,100,12600
155.018007,-40.4293679,200,12600
154.994704,-40.4285787,300,12600
154.971403,-40.4277849,400,12600
154.948104,-40.4269865,500,12600
154.924807,-40.4261835,600,12600
154.901512,-40.4253759,700,12600
154.878219,-40.4245636,800,12600
154.854927,-40.4237467,900,12600
154.831637,-40.4229252,1000,12600
154.808349,-40.4220991,1100,12600
154.785062,-40.4212683,1200,12600
154.761776,-40.4204329,1300,12600
154.738492,-40.4195928,1400,12600
154.715208,-40.4187481,1500,12600
154.691926,-40.4178987,1600,12600
154.668644,-40.4170447,1700,12600
154.645363,-40.4161861,1800,12600
154.622083,-40.4153227,1900,12600
154.598803,-40.4144547,2000,12600
154.575524,-40.4135821,2100,12600
154.552245,-40.4127047,2200,12600
154.528966,-40.4118227,2300,12600
154.505688,-40.410936,2400,12600
154.482409,-40.4100447,2500,12600
154.45913,-40.4091486,2600,12600
154.435851,-40.4082479,2700,12600
154.412572,-40.4073424,2800,12600
154.389292,-40.4064323,2900,12600
154.366012,-40.4055174,3000,12600
154.342731,-40.4045978,3100,12600
154.319449,-40.4036735,3200,12600
154.296166,-40.4027445,3300,12600
154.272883,-40.4018108,3400,12600
154.249598,-40.4008723,3500,12600
154.226312,-40.3999291,3600,12600
154.203025,-40.3989812,3700,12600
154.179737,-40.3980285,3800,12600
154.156447,-40.397071,3900,12600
154.133388,-40.3961185,3999,12600
155.063549,-40.4473065,0,12700
155.040236,-40.4465266,100,12700
155.016925,-40.4457422,200,12700
154.993617,-40.4449531,300,12700
154.970311,-40.4441594,400,12700
154.947007,-40.4433611,500,12700
154.923705,-40.4425582,600,12700
154.900405,-40.4417506,700,12700
154.877106,-40.4409385,800,12700
154.85381,-40.4401217,900,12700
154.830515,-40.4393002,1000,12700
154.807222,-40.4384742,1100,12700
154.78393,-40.4376434,1200,12700
154.760639,-40.4368081,1300,12700
154.737349,-40.4359681,1400,12700
154.714061,-40.4351235,1500,12700
154.690774,-40.4342742,1600,12700
154.667487,-40.4334202,1700,12700
154.644201,-40.4325616,1800,12700
154.620916,-40.4316983,1900,12700
154.597631,-40.4308304,2000,12700
154.574347,-40.4299578,2100,12700
154.551063,-40.4290805,2200,12700
154.527779,-40.4281986,2300,12700
154.504495,-40.4273119,2400,12700
154.481211,-40.4264206,2500,12700
154.457928,-40.4255246,2600,12700
154.434643,-40.4246239,2700,12700
154.411359,-40.4237185,2800,12700
154.388074,-40.4228083,2900,12700
154.364789,-40.4218935,3000,12700
154.341503,-40.420974,3100,12700
154.318216,-40.4200497,3200,12700
154.294929,-40.4191207,3300,12700
154.27164,-40.418187,3400,12700
154.24835,-40.4172486,3500,12700
154.225059,-40.4163054,3600,12700
154.201767,-40.4153574,3700,12700
154.178474,-40.4144048,3800,12700
154.155179,-40.4134473,3900,12700
154.132115,-40.4124948,3999,12700
155.062496,-40.4636477,0,12800
155.039178,-40.4628677,100,12800
155.015862,-40.4620831,200,12800
154.992549,-40.4612939,300,12800
154.969238,-40.4605001,400,12800
154.945929,-40.4597017,500,12800
154.922622,-40.4588986,600,12800
154.899317,-40.4580909,700,12800
154.876014,-40.4572786,800,12800
154.852712,-40.4564616,900,12800
154.829412,-40.45564,1000,12800
154.806114,-40.4548138,1100,12800
154.782817,-40.4539829,1200,12800
154.759521,-40.4531474,1300,12800
154.736227,-40.4523072,1400,12800
154.712933,-40.4514624,1500,12800
154.689641,-40.450613,1600,12800
154.666349,-40.4497588,1700,12800
154.643058,-40.4489001,1800,12800
154.619768,-40.4480366,1900,12800
154.596478,-40.4471685,2000,12800
154.573189,-40.4462957,2100,12800
154.5499,-40.4454182,2200,12800
154.526611,-40.4445361,2300,12800
154.503322,-40.4436493,2400,12800
154.480034,-40.4427577,2500,12800
154.456745,-40.4418615,2600,12800
154.433456,-40.4409606,2700,12800
154.410167,-40.440055,2800,12800
154.386877,-40.4391447,2900,12800
154.363586,-40.4382296,3000,12800
154.340295,-40.4373099,3100,12800
154.317004,-40.4363854,3200,12800
154.293711,-40.4354562,3300,12800
154.270417,-40.4345223,3400,12800
154.247123,-40.4335836,3500,12800
154.223827,-40.4326402,3600,12800
154.20053,-40.4316921,3700,12800
154.177231,-40.4307391,3800,12800
154.153931,-40.4297815,3900,12800
154.130862,-40.4288287,3999,12800
155.061509,-40.479971,0,12900
155.038185,-40.4791908,100,12900
155.014865,-40.4784059,200,12900
154.991546,-40.4776164,300,12900
154.96823,-40.4768223,400,12900
154.944916,-40.4760236,500,12900
154.921604,-40.4752203,600,12900
154.898294,-40.4744123,700,12900
154.874986,-40.4735997,800,12900
154.85168,-40.4727825,900,12900
154.828375,-40.4719606,1000,12900
154.805071,-40.4711341,1100,12900
154.781769,-40.4703029,1200,12900
154.758469,-40.4694671,1300,12900
154.735169,-40.4686267,1400,12900
154.711871,-40.4677816,1500,12900
154.688573,-40.4669318,1600,12900
154.665277,-40.4660774,1700,12900
154.641981,-40.4652183,1800,12900
154.618686,-40.4643546,1900,12900
154.595391,-40.4634861,2000,12900
154.572097,-40.462613,2100,12900
154.548803,-40.4617353,2200,12900
154.525509,-40.4608528,2300,12900
154.502215,-40.4599657,2400,12900
154.478921,-40.4590738,2500,12900
154.455628,-40.4581773,2600,12900
154.432334,-40.4572761,2700,12900
154.409039,-40.4563701,2800,12900
154.385745,-40.4554595,2900,12900
154.362449,-40.4545441,3000,12900
154.339153,-40.453624,3100,12900
154.315857,-40.4526992,3200,12900
154.292559,-40.4517697,3300,12900
154.26926,-40.4508354,3400,12900
154.245961,-40.4498964,3500,12900
154.22266,-40.4489527,3600,12900
154.199358,-40.4480042,3700,12900
154.176054,-40.4470509,3800,12900
154.152749,-40.4460929,3900,12900
154.129676,-40.4451398,3999,12900
155.060519,-40.496255,0,13000
155.037191,-40.4954743,100,13000
155.013866,-40.4946889,200,13000
154.990542,-40.493899,300,13000
154.967221,-40.4931044,400,13000
154.943902,-40.4923052,500,13000
154.920585,-40.4915014,600,13000
154.89727,-40.490693,700,13000
154.873957,-40.4898799,800,13000
154.850646,-40.4890622,900,13000
154.827336,-40.4882398,1000,13000
154.804027,-40.4874128,1100,13000
154.78072,-40.4865812,1200,13000
154.757415,-40.4857449,1300,13000
154.73411,-40.4849039,1400,13000
154.710807,-40.4840583,1500,13000
154.687504,-40.4832081,1600,13000
154.664203,-40.4823532,1700,13000
154.640902,-40.4814936,1800,13000
154.617602,-40.4806293,1900,13000
154.594302,-40.4797604,2000,13000
154.571003,-40.4788868,2100,13000
154.547704,-40.4780085,2200,13000
154.524405,-40.4771255,2300,13000
154.501106,-40.4762379,2400,13000
154.477808,-40.4753455,2500,13000
154.454509,-40.4744485,2600,13000
154.43121,-40.4735467,2700,13000
154.407911,-40.4726402,2800,13000
154.384611,-40.4717291,2900,13000
154.361311,-40.4708132,3000,13000
154.33801,-40.4698926,3100,13000
154.314708,-40.4689672,3200,13000
154.291406,-40.4680371,3300,13000
154.268103,-40.4671023,3400,13000
154.244798,-40.4661628,3500,13000
154.221492,-40.4652185,3600,13000
154.198185,-40.4642694,3700,13000
154.174877,-40.4633156,3800,13000
154.151567,-40.462357,3900,13000
154.128488,-40.4614034,3999,13000
155.059431,-40.512642,0,13100
155.036098,-40.5118615,100,13100
155.012767,-40.5110764,200,13100
154.989439,-40.5102867,300,13100
154.966113,-40.5094923,400,13100
154.942789,-40.5086934,500,13100
154.919467,-40.5078897,600,13100
154.896147,-40.5070815,700,13100
154.872829,-40.5062686,800,13100
154.849512,-40.5054511,900,13100
154.826197,-40.5046289,1000,13100
154.802884,-40.5038021,1100,13100
154.779572,-40.5029707,1200,13100
154.756261,-40.5021346,1300,13100
154.732952,-40.5012938,1400,13100
154.709643,-40.5004484,1500,13100
154.686336,-40.4995983,1600,13100
154.663029,-40.4987436,1700,13100
154.639723,-40.4978842,1800,13100
154.616418,-40.4970201,1900,13100
154.593113,-40.4961513,2000,13100
154.569809,-40.4952779,2100,13100
154.546505,-40.4943997,2200,13100
154.523201,-40.4935169,2300,13100
154.499898,-40.4926294,2400,13100
154.476594,-40.4917372,2500,13100
154.45329,-40.4908403,2600,13100
154.429986,-40.4899387,2700,13100
154.406682,-40.4890324,2800,13100
154.383377,-40.4881214,2900,13100
154.360072,-40.4872056,3000,13100
154.336766,-40.4862851,3100,13100
154.313459,-40.4853599,3200,13100
154.290152,-40.48443,3300,13100
154.266843,-40.4834953,3400,13100
154.243533,-40.4825559,3500,13100
154.220223,-40.4816117,3600,13100
154.19691,-40.4806628,3700,13100
154.173597,-40.4797091,3800,13100
154.150282,-40.4787507,3900,13100
154.127198,-40.4777971,3999,13100
155.058437,-40.5289504,0,13200
155.035099,-40.5281695,100,13200
155.011763,-40.527384,200,13200
154.988429,-40.5265939,300,13200
154.965098,-40.5257991,400,13200
154.941769,-40.5249997,500,13200
154.918442,-40.5241956,600,13200
154.895117,-40.5233869,700,13200
154.871794,-40.5225736,800,13200
154.848473,-40.5217557,900,13200
154.825153,-40.5209331,1000,13200
154.801834,-40.5201058,1100,13200
154.778517,-40.5192739,1200,13200
154.755202,-40.5184374,1300,13200
154.731887,-40.5175962,1400,13200
154.708574,-40.5167503,1500,13200
154.685261,-40.5158998,1600,13200
154.66195,-40.5150446,1700,13200
154.638639,-40.5141847,1800,13200
154.615329,-40.5133202,1900,13200
154.592019,-40.5124509,2000,13200
154.56871,-40.511577,2100,13200
154.545401,-40.5106985,2200,13200
154.522092,-40.5098152,2300,13200
154.498783,-40.5089272,2400,13200
154.475475,-40.5080345,2500,13200
154.452166,-40.5071372,2600,13200
154.428857,-40.5062351,2700,13200
154.405548,-40.5053283,2800,13200
154.382238,-40.5044168,2900,13200
154.358928,-40.5035005,3000,13200
154.335617,-40.5025796,3100,13200
154.312305,-40.5016539,3200,13200
154.288993,-40.5007234,3300,13200
154.265679,-40.4997883,3400,13200
154.242365,-40.4988483,3500,13200
154.219049,-40.4979037,3600,13200
154.195732,-40.4969542,3700,13200
154.172413,-40.4960001,3800,13200
154.149093,-40.4950411,3900,13200
154.126005,-40.494087,3999,13200
155.057432,-40.5452412,0,13300
155.034089,-40.5444599,100,13300
155.010748,-40.543674,200,13300
154.98741,-40.5428835,300,13300
154.964074,-40.5420883,400,13300
154.94074,-40.5412885,500,13300
154.917408,-40.5404841,600,13300
154.894078,-40.539675,700,13300
154.87075,-40.5388613,800,13300
154.847423,-40.538043,900,13300
154.824098,-40.53722,1000,13300
154.800775,-40.5363923,1100,13300
154.777453,-40.53556,1200,13300
154.754132,-40.534723,1300,13300
154.730813,-40.5338814,1400,13300
154.707494,-40.5330351,1500,13300
154.684177,-40.5321842,1600,13300
154.66086,-40.5313286,1700,13300
154.637544,-40.5304683,1800,13300
154.614229,-40.5296033,1900,13300
154.590914,-40.5287337,2000,13300
154.5676,-40.5278594,2100,13300
154.544286,-40.5269803,2200,13300
154.520973,-40.5260966,2300,13300
154.497659,-40.5252082,2400,13300
154.474345,-40.5243151,2500,13300
154.451032,-40.5234173,2600,13300
154.427718,-40.5225148,2700,13300
154.404403,-40.5216075,2800,13300
154.381089,-40.5206956,2900,13300
154.357774,-40.5197789,3000,13300
154.334458,-40.5188575,3100,13300
154.311141,-40.5179313,3200,13300
154.287824,-40.5170004,3300,13300
154.264505,-40.5160648,3400,13300
154.241186,-40.5151244,3500,13300
154.217865,-40.5141793,3600,13300
154.194543,-40.5132294,3700,13300
154.17122,-40.5122747,3800,13300
154.147895,-40.5113153,3900,13300
154.124801,-40.5103607,3999,13300
155.056339,-40.5616425,0,13400
155.032991,-40.5608616,100,13400
155.009645,-40.560076,200,13400
154.986302,-40.5592858,300,13400
154.96296,-40.5584909,400,13400
154.939621,-40.5576914,500,13400
154.916284,-40.5568873,600,13400
154.892949,-40.5560785,700,13400
154.869616,-40.5552651,800,13400
154.846285,-40.5544471,900,13400
154.822955,-40.5536244,1000,13400
154.799626,-40.552797,1100,13400
154.776299,-40.551965,1200,13400
154.752974,-40.5511283,1300,13400
154.729649,-40.550287,1400,13400
154.706325,-40.549441,1500,13400
154.683003,-40.5485904,1600,13400
154.659681,-40.547735,1700,13400
154.63636,-40.546875,1800,13400
154.61304,-40.5460103,1900,13400
154.58972,-40.545141,2000,13400
154.566401,-40.5442669,2100,13400
154.543082,-40.5433881,2200,13400
154.519763,-40.5425047,2300,13400
154.496445,-40.5416166,2400,13400
154.473126,-40.5407237,2500,13400
154.449807,-40.5398261,2600,13400
154.426488,-40.5389239,2700,13400
154.403169,-40.5380169,2800,13400
154.379849,-40.5371052,2900,13400
154.356529,-40.5361887,3000,13400
154.333208,-40.5352676,3100,13400
154.309886,-40.5343417,3200,13400
154.286563,-40.533411,3300,13400
154.26324,-40.5324756,3400,13400
154.239915,-40.5315355,3500,13400
154.216589,-40.5305906,3600,13400
154.193262,-40.5296409,3700,13400
154.169934,-40.5286865,3800,13400
154.146604,-40.5277273,3900,13400
154.123505,-40.526773,3999,13400
155.055306,-40.5779764,0,13500
155.031953,-40.5771953,100,13500
155.008602,-40.5764096,200,13500
154.985253,-40.5756192,300,13500
154.961907,-40.5748242,400,13500
154.938563,-40.5740246,500,13500
154.915221,-40.5732203,600,13500
154.891881,-40.5724113,700,13500
154.868543,-40.5715978,800,13500
154.845206,-40.5707796,900,13500
154.821871,-40.5699567,1000,13500
154.798538,-40.5691292,1100,13500
154.775206,-40.568297,1200,13500
154.751875,-40.5674601,1300,13500
154.728545,-40.5666186,1400,13500
154.705217,-40.5657724,1500,13500
154.681889,-40.5649216,1600,13500
154.658563,-40.5640661,1700,13500
154.635237,-40.5632059,1800,13500
154.611911,-40.562341,1900,13500
154.588587,-40.5614714,2000,13500
154.565262,-40.5605972,2100,13500
154.541938,-40.5597182,2200,13500
154.518615,-40.5588346,2300,13500
154.495291,-40.5579462,2400,13500
154.471967,-40.5570532,2500,13500
154.448643,-40.5561554,2600,13500
154.425319,-40.5552529,2700,13500
154.401995,-40.5543457,2800,13500
154.37867,-40.5534338,2900,13500
154.355345,-40.5525172,3000,13500
154.332019,-40.5515958,3100,13500
154.308692,-40.5506696,3200,13500
154.285364,-40.5497388,3300,13500
154.262036,-40.5488031,3400,13500
154.238706,-40.5478628,3500,13500
154.215375,-40.5469176,3600,13500
154.192043,-40.5459677,3700,13500
154.16871,-40.5450131,3800,13500
154.145375,-40.5440536,3900,13500
154.122271,-40.5430991,3999,13500
155.054331,-40.5942617,0,13600
155.030973,-40.59348,100,13600
155.007617,-40.5926938,200,13600
154.984264,-40.5919029,300,13600
154.960913,-40.5911074,400,13600
154.937563,-40.5903072,500,13600
154.914216,-40.5895024,600,13600
154.890871,-40.5886929,700,13600
154.867528,-40.5878788,800,13600
154.844186,-40.5870601,900,13600
154.820846,-40.5862367,1000,13600
154.797508,-40.5854086,1100,13600
154.774171,-40.5845759,1200,13600
154.750835,-40.5837385,1300,13600
154.727501,-40.5828964,1400,13600
154.704167,-40.5820497,1500,13600
154.680835,-40.5811983,1600,13600
154.657503,-40.5803423,1700,13600
154.634172,-40.5794815,1800,13600
154.610842,-40.5786161,1900,13600
154.587512,-40.5777459,2000,13600
154.564183,-40.5768711,2100,13600
154.540854,-40.5759916,2200,13600
154.517525,-40.5751074,2300,13600
154.494196,-40.5742185,2400,13600
154.470868,-40.5733248,2500,13600
154.447539,-40.5724265,2600,13600
154.42421,-40.5715234,2700,13600
154.400881,-40.5706157,2800,13600
154.377551,-40.5697032,2900,13600
154.354221,-40.5687859,3000,13600
154.33089,-40.5678639,3100,13600
154.307558,-40.5669372,3200,13600
154.284225,-40.5660058,3300,13600
154.260892,-40.5650695,3400,13600
154.237557,-40.5641286,3500,13600
154.214222,-40.5631828,3600,13600
154.190885,-40.5622323,3700,13600
154.167546,-40.5612771,3800,13600
154.144206,-40.560317,3900,13600
154.121098,-40.5593619,3999,13600
155.053235,-40.6106377,0,13700
155.029871,-40.6098563,100,13700
155.00651,-40.6090701,200,13700
154.983152,-40.6082794,300,13700
154.959796,-40.607484,400,13700
154.936442,-40.606684,500,13700
154.913089,-40.6058793,600,13700
154.889739,-40.60507,700,13700
154.866391,-40.604256,800,13700
154.843044,-40.6034374,900,13700
154.819699,-40.6026141,1000,13700
154.796356,-40.6017862,1100,13700
154.773014,-40.6009536,1200,13700
154.749673,-40.6001163,1300,13700
154.726333,-40.5992744,1400,13700
154.702995,-40.5984278,1500,13700
154.679657,-40.5975765,1600,13700
154.656321,-40.5967206,1700,13700
154.632985,-40.5958599,1800,13700
154.609649,-40.5949946,1900,13700
154.586314,-40.5941246,2000,13700
154.56298,-40.5932498,2100,13700
154.539646,-40.5923704,2200,13700
154.516312,-40.5914863,2300,13700
154.492978,-40.5905975,2400,13700
154.469645,-40.5897039,2500,13700
154.446311,-40.5888057,2600,13700
154.422977,-40.5879027,2700,13700
154.399642,-40.586995,2800,13700
154.376308,-40.5860826,2900,13700
154.352972,-40.5851654,3000,13700
154.329636,-40.5842435,3100,13700
154.306299,-40.5833169,3200,13700
154.282962,-40.5823855,3300,13700
154.259623,-40.5814494,3400,13700
154.236284,-40.5805085,3500,13700
154.212943,-40.5795628,3600,13700
154.189601,-40.5786124,3700,13700
154.166257,-40.5776571,3800,13700
154.142912,-40.5766972,3900,13700
154.119799,-40.575742,3999,13700
155.052137,-40.6270322,0,13800
155.028769,-40.626251,100,13800
155.005403,-40.6254651,200,13800
154.98204,-40.6246745,300,13800
154.958678,-40.6238794,400,13800
154.935319,-40.6230795,500,13800
154.911962,-40.6222751,600,13800
154.888607,-40.6214659,700,13800
154.865254,-40.6206522,800,13800
154.841902,-40.6198337,900,13800
154.818552,-40.6190107,1000,13800
154.795203,-40.6181829,1100,13800
154.771856,-40.6173505,1200,13800
154.74851,-40.6165134,1300,13800
154.725166,-40.6156717,1400,13800
154.701822,-40.6148252,1500,13800
154.67848,-40.6139741,1600,13800
154.655138,-40.6131183,1700,13800
154.631797,-40.6122579,1800,13800
154.608456,-40.6113927,1900,13800
154.585116,-40.6105229,2000,13800
154.561777,-40.6096483,2100,13800
154.538438,-40.6087691,2200,13800
154.515099,-40.6078851,2300,13800
154.49176,-40.6069964,2400,13800
154.468421,-40.606103,2500,13800
154.445082,-40.6052049,2600,13800
154.421743,-40.6043021,2700,13800
154.398404,-40.6033946,2800,13800
154.375064,-40.6024823,2900,13800
154.351723,-40.6015653,3000,13800
154.328382,-40.6006435,3100,13800
154.30504,-40.599717,3200,13800
154.281697,-40.5987858,3300,13800
154.258354,-40.5978497,3400,13800
154.235009,-40.596909,3500,13800
154.211663,-40.5959634,3600,13800
154.188316,-40.5950131,3700,13800
154.164967,-40.594058,3800,13800
154.141617,-40.5930982,3900,13800
154.118499,-40.5921432,3999,13800
155.051192,-40.6432884,0,13900
155.027819,-40.6425065,100,13900
155.004448,-40.6417199,200,13900
154.981079,-40.6409287,300,13900
154.957713,-40.6401328,400,13900
154.934349,-40.6393322,500,13900
154.910987,-40.6385271,600,13900
154.887626,-40.6377172,700,13900
154.864268,-40.6369028,800,13900
154.840911,-40.6360836,900,13900
154.817556,-40.6352598,1000,13900
154.794203,-40.6344314,1100,13900
154.770851,-40.6335982,1200,13900
154.7475,-40.6327604,1300,13900
154.72415,-40.6319179,1400,13900
154.700801,-40.6310708,1500,13900
154.677454,-40.6302189,1600,13900
154.654107,-40.6293624,1700,13900
154.630761,-40.6285012,1800,13900
154.607416,-40.6276353,1900,13900
154.584071,-40.6267647,2000,13900
154.560726,-40.6258894,2100,13900
154.537382,-40.6250094,2200,13900
154.514038,-40.6241247,2300,13900
154.490695,-40.6232353,2400,13900
154.467351,-40.6223412,2500,13900
154.444007,-40.6214423,2600,13900
154.420663,-40.6205387,2700,13900
154.397318,-40.6196304,2800,13900
154.373974,-40.6187174,2900,13900
154.350628,-40.6177996,3000,13900
154.327282,-40.6168771,3100,13900
154.303935,-40.6159498,3200,13900
154.280588,-40.6150178,3300,13900
154.257239,-40.614081,3400,13900
154.233889,-40.6131394,3500,13900
154.210539,-40.6121931,3600,13900
154.187186,-40.611242,3700,13900
154.163833,-40.6102862,3800,13900
154.140478,-40.6093255,3900,13900
154.117355,-40.6083697,3999,13900
155.050203,-40.65958,0,14000
155.026825,-40.6587977,100,14000
155.003449,-40.6580107,200,14000
154.980075,-40.6572191,300,14000
154.956704,-40.6564229,400,14000
154.933334,-40.655622,500,14000
154.909967,-40.6548164,600,14000
154.886602,-40.6540062,700,14000
154.863239,-40.6531913,800,14000
154.839877,-40.6523718,900,14000
154.816517,-40.6515476,1000,14000
154.793158,-40.6507188,1100,14000
154.769801,-40.6498852,1200,14000
154.746445,-40.649047,1300,14000
154.72309,-40.6482042,1400,14000
154.699737,-40.6473566,1500,14000
154.676384,-40.6465044,1600,14000
154.653032,-40.6456474,1700,14000
154.629681,-40.6447858,1800,14000
154.606331,-40.6439195,1900,14000
154.582981,-40.6430485,2000,14000
154.559632,-40.6421728,2100,14000
154.536282,-40.6412924,2200,14000
154.512934,-40.6404072,2300,14000
154.489585,-40.6395174,2400,14000
154.466236,-40.6386228,2500,14000
154.442887,-40.6377236,2600,14000
154.419538,-40.6368195,2700,14000
154.396189,-40.6359108,2800,14000
154.372839,-40.6349973,2900,14000
154.349489,-40.6340791,3000,14000
154.326138,-40.6331561,3100,14000
154.302786,-40.6322284,3200,14000
154.279433,-40.631296,3300,14000
154.25608,-40.6303587,3400,14000
154.232725,-40.6294167,3500,14000
154.209369,-40.6284699,3600,14000
154.186012,-40.6275184,3700,14000
154.162653,-40.6265621,3800,14000
154.139293,-40.6256009,3900,14000
154.116165,-40.6246447,3999,14000
155.049082,-40.6759894,0,14100
155.025699,-40.6752074,100,14100
155.002318,-40.6744207,200,14100
154.978939,-40.6736294,300,14100
154.955562,-40.6728334,400,14100
154.932188,-40.6720328,500,14100
154.908816,-40.6712275,600,14100
154.885446,-40.6704176,700,14100
154.862077,-40.669603,800,14100
154.83871,-40.6687837,900,14100
154.815345,-40.6679598,1000,14100
154.791982,-40.6671312,1100,14100
154.768619,-40.6662979,1200,14100
154.745258,-40.66546,1300,14100
154.721899,-40.6646174,1400,14100
154.69854,-40.6637701,1500,14100
154.675182,-40.6629181,1600,14100
154.651825,-40.6620614,1700,14100
154.628469,-40.6612,1800,14100
154.605114,-40.6603339,1900,14100
154.581759,-40.6594632,2000,14100
154.558404,-40.6585877,2100,14100
154.53505,-40.6577075,2200,14100
154.511696,-40.6568226,2300,14100
154.488342,-40.655933,2400,14100
154.464988,-40.6550387,2500,14100
154.441634,-40.6541396,2600,14100
154.41828,-40.6532358,2700,14100
154.394926,-40.6523273,2800,14100
154.371571,-40.6514141,2900,14100
154.348215,-40.6504961,3000,14100
154.324859,-40.6495733,3100,14100
154.301502,-40.6486458,3200,14100
154.278144,-40.6477135,3300,14100
154.254785,-40.6467765,3400,14100
154.231426,-40.6458347,3500,14100
154.208065,-40.6448881,3600,14100
154.184702,-40.6439368,3700,14100
154.161339,-40.6429806,3800,14100
154.137973,-40.6420197,3900,14100
154.11484,-40.6410637,3999,14100
155.048137,-40.6922734,0,14200
155.024749,-40.6914908,100,14200
155.001363,-40.6907036,200,14200
154.977979,-40.6899117,300,14200
154.954597,-40.6891151,400,14200
154.931218,-40.6883139,500,14200
154.907841,-40.687508,600,14200
154.884465,-40.6866975,700,14200
154.861092,-40.6858823,800,14200
154.83772,-40.6850625,900,14200
154.81435,-40.6842379,1000,14200
154.790981,-40.6834087,1100,14200
154.767614,-40.6825749,1200,14200
154.744248,-40.6817363,1300,14200
154.720883,-40.6808931,1400,14200
154.697519,-40.6800452,1500,14200
154.674156,-40.6791926,1600,14200
154.650795,-40.6783353,1700,14200
154.627433,-40.6774733,1800,14200
154.604073,-40.6766066,1900,14200
154.580713,-40.6757352,2000,14200
154.557353,-40.6748591,2100,14200
154.533994,-40.6739783,2200,14200
154.510635,-40.6730928,2300,14200
154.487276,-40.6722025,2400,14200
154.463918,-40.6713076,2500,14200
154.440559,-40.6704079,2600,14200
154.417199,-40.6695035,2700,14200
154.39384,-40.6685943,2800,14200
154.37048,-40.6676804,2900,14200
154.34712,-40.6667617,3000,14200
154.323758,-40.6658383,3100,14200
154.300397,-40.6649102,3200,14200
154.277034,-40.6639773,3300,14200
154.25367,-40.6630396,3400,14200
154.230306,-40.6620971,3500,14200
154.20694,-40.6611499,3600,14200
154.183572,-40.6601979,3700,14200
154.160204,-40.6592411,3800,14200
154.136834,-40.6582795,3900,14200
154.113696,-40.6573228,3999,14200
155.04708,-40.7086062,0,14300
155.023686,-40.7078234,100,14300
155.000295,-40.7070359,200,14300
154.976906,-40.7062438,300,14300
154.953519,-40.705447,400,14300
154.930135,-40.7046456,500,14300
154.906753,-40.7038395,600,14300
154.883372,-40.7030287,700,14300
154.859994,-40.7022133,800,14300
154.836617,-40.7013932,900,14300
154.813242,-40.7005685,1000,14300
154.789868,-40.699739,1100,14300
154.766495,-40.6989049,1200,14300
154.743124,-40.6980661,1300,14300
154.719755,-40.6972227,1400,14300
154.696386,-40.6963745,1500,14300
154.673018,-40.6955217,1600,14300
154.649651,-40.6946641,1700,14300
154.626285,-40.6938019,1800,14300
154.602919,-40.6929349,1900,14300
154.579554,-40.6920633,2000,14300
154.55619,-40.6911869,2100,14300
154.532826,-40.6903059,2200,14300
154.509462,-40.6894201,2300,14300
154.486098,-40.6885296,2400,14300
154.462734,-40.6876343,2500,14300
154.43937,-40.6867344,2600,14300
154.416005,-40.6858297,2700,14300
154.392641,-40.6849202,2800,14300
154.369276,-40.684006,2900,14300
154.34591,-40.6830871,3000,14300
154.322544,-40.6821634,3100,14300
154.299177,-40.681235,3200,14300
154.27581,-40.6803018,3300,14300
154.252441,-40.6793638,3400,14300
154.229071,-40.6784211,3500,14300
154.2057,-40.6774735,3600,14300
154.182328,-40.6765212,3700,14300
154.158954,-40.6755641,3800,14300
154.135579,-40.6746022,3900,14300
154.112436,-40.6736452,3999,14300
155.046055,-40.7249157,0,14400
155.022657,-40.7241326,100,14400
154.99926,-40.7233448,200,14400
154.975866,-40.7225524,300,14400
154.952475,-40.7217553,400,14400
154.929085,-40.7209536,500,14400
154.905698,-40.7201472,600,14400
154.882312,-40.7193361,700,14400
154.858929,-40.7185204,800,14400
154.835547,-40.7177,900,14400
154.812167,-40.716875,1000,14400
154.788788,-40.7160452,1100,14400
154.76541,-40.7152108,1200,14400
154.742034,-40.7143717,1300,14400
154.71866,-40.7135279,1400,14400
154.695286,-40.7126794,1500,14400
154.671913,-40.7118263,1600,14400
154.648541,-40.7109684,1700,14400
154.62517,-40.7101058,1800,14400
154.601799,-40.7092386,1900,14400
154.578429,-40.7083666,2000,14400
154.555059,-40.7074899,2100,14400
154.53169,-40.7066085,2200,14400
154.508321,-40.7057224,2300,14400
154.484952,-40.7048315,2400,14400
154.461583,-40.7039359,2500,14400
154.438214,-40.7030356,2600,14400
154.414845,-40.7021306,2700,14400
154.391475,-40.7012208,2800,14400
154.368105,-40.7003063,2900,14400
154.344735,-40.699387,3000,14400
154.321364,-40.6984629,3100,14400
154.297992,-40.6975341,3200,14400
154.274619,-40.6966005,3300,14400
154.251245,-40.6956622,3400,14400
154.22787,-40.6947191,3500,14400
154.204494,-40.6937712,3600,14400
154.181117,-40.6928185,3700,14400
154.157739,-40.691861,3800,14400
154.134358,-40.6908987,3900,14400
154.11121,-40.6899414,3999,14400
155.045011,-40.7412551,0,14500
155.021607,-40.7404718,100,14500
154.998206,-40.7396838,200,14500
154.974807,-40.7388912,300,14500
154.95141,-40.7380939,400,14500
154.928016,-40.737292,500,14500
154.904623,-40.7364853,600,14500
154.881233,-40.7356741,700,14500
154.857844,-40.7348581,800,14500
154.834457,-40.7340375,900,14500
154.811072,-40.7332122,1000,14500
154.787688,-40.7323822,1100,14500
154.764306,-40.7315476,1200,14500
154.740924,-40.7307082,1300,14500
154.717544,-40.7298642,1400,14500
154.694166,-40.7290155,1500,14500
154.670788,-40.728162,1600,14500
154.647411,-40.7273039,1700,14500
154.624034,-40.7264411,1800,14500
154.600659,-40.7255736,1900,14500
154.577284,-40.7247013,2000,14500
154.553909,-40.7238244,2100,14500
154.530535,-40.7229427,2200,14500
154.507161,-40.7220563,2300,14500
154.483787,-40.7211652,2400,14500
154.460413,-40.7202694,2500,14500
154.437038,-40.7193688,2600,14500
154.413664,-40.7184634,2700,14500
154.39029,-40.7175534,2800,14500
154.366914,-40.7166386,2900,14500
154.343539,-40.715719,3000,14500
154.320163,-40.7147947,3100,14500
154.296786,-40.7138656,3200,14500
154.273408,-40.7129317,3300,14500
154.250029,-40.7119931,3400,14500
154.226649,-40.7110497,3500,14500
154.203268,-40.7101015,3600,14500
154.179886,-40.7091485,3700,14500
154.156502,-40.7081907,3800,14500
154.133117,-40.7072281,3900,14500
154.109964,-40.7062704,3999,14500
155.044014,-40.7575119,0,14600
155.020605,-40.7567283,100,14600
154.997199,-40.7559401,200,14600
154.973795,-40.7551472,300,14600
154.950393,-40.7543496,400,14600
154.926994,-40.7535474,500,14600
154.903596,-40.7527405,600,14600
154.880201,-40.7519289,700,14600
154.856807,-40.7511127,800,14600
154.833415,-40.7502918,900,14600
154.810024,-40.7494662,1000,14600
154.786635,-40.748636,1100,14600
154.763248,-40.747801,1200,14600
154.739862,-40.7469614,1300,14600
154.716477,-40.7461171,1400,14600
154.693093,-40.745268,1500,14600
154.66971,-40.7444143,1600,14600
154.646328,-40.7435559,1700,14600
154.622947,-40.7426928,1800,14600
154.599566,-40.741825,1900,14600
154.576186,-40.7409524,2000,14600
154.552806,-40.7400751,2100,14600
154.529427,-40.7391932,2200,14600
154.506048,-40.7383065,2300,14600
154.482669,-40.737415,2400,14600
154.45929,-40.7365189,2500,14600
154.43591,-40.7356179,2600,14600
154.412531,-40.7347123,2700,14600
154.389151,-40.7338019,2800,14600
154.365771,-40.7328867,2900,14600
154.342391,-40.7319668,3000,14600
154.31901,-40.7310422,3100,14600
154.295628,-40.7301127,3200,14600
154.272245,-40.7291785,3300,14600
154.248861,-40.7282396,3400,14600
154.225476,-40.7272958,3500,14600
154.20209,-40.7263473,3600,14600
154.178703,-40.7253939,3700,14600
154.155314,-40.7244358,3800,14600
154.131924,-40.7234729,3900,14600
154.108766,-40.7225148,3999,14600
155.043003,-40.7738005,0,14700
155.019589,-40.7730166,100,14700
154.996177,-40.772228,200,14700
154.972768,-40.7714348,300,14700
154.949362,-40.7706369,400,14700
154.925957,-40.7698343,500,14700
154.902554,-40.7690271,600,14700
154.879154,-40.7682152,700,14700
154.855755,-40.7673986,800,14700
154.832358,-40.7665773,900,14700
154.808962,-40.7657514,1000,14700
154.785568,-40.7649208,1100,14700
154.762176,-40.7640855,1200,14700
154.738785,-40.7632455,1300,14700
154.715394,-40.7624008,1400,14700
154.692006,-40.7615514,1500,14700
154.668618,-40.7606973,1600,14700
154.64523,-40.7598385,1700,14700
154.621844,-40.758975,1800,14700
154.598458,-40.7581068,1900,14700
154.575073,-40.7572338,2000,14700
154.551688,-40.7563562,2100,14700
154.528304,-40.7554738,2200,14700
154.50492,-40.7545867,2300,14700
154.481536,-40.7536949,2400,14700
154.458152,-40.7527983,2500,14700
154.434768,-40.751897,2600,14700
154.411383,-40.750991,2700,14700
154.387999,-40.7500802,2800,14700
154.364614,-40.7491646,2900,14700
154.341228,-40.7482443,3000,14700
154.317842,-40.7473192,3100,14700
154.294455,-40.7463894,3200,14700
154.271067,-40.7454548,3300,14700
154.247678,-40.7445154,3400,14700
154.224288,-40.7435712,3500,14700
154.200897,-40.7426222,3600,14700
154.177505,-40.7416685,3700,14700
154.154111,-40.7407099,3800,14700
154.130716,-40.7397465,3900,14700
154.107553,-40.738788,3999,14700
155.041934,-40.7901526,0,14800
155.018514,-40.7893689,100,14800
154.995098,-40.7885805,200,14800
154.971684,-40.7877875,300,14800
154.948272,-40.7869898,400,14800
154.924862,-40.7861874,500,14800
154.901454,-40.7853804,600,14800
154.878049,-40.7845687,700,14800
154.854645,-40.7837523,800,14800
154.831243,-40.7829312,900,14800
154.807842,-40.7821054,1000,14800
154.784443,-40.781275,1100,14800
154.761045,-40.7804399,1200,14800
154.737649,-40.7796,1300,14800
154.714254,-40.7787555,1400,14800
154.69086,-40.7779063,1500,14800
154.667467,-40.7770524,1600,14800
154.644075,-40.7761937,1700,14800
154.620683,-40.7753304,1800,14800
154.597292,-40.7744624,1900,14800
154.573902,-40.7735896,2000,14800
154.550512,-40.7727121,2100,14800
154.527123,-40.7718299,2200,14800
154.503733,-40.7709429,2300,14800
154.480344,-40.7700512,2400,14800
154.456955,-40.7691548,2500,14800
154.433566,-40.7682537,2600,14800
154.410176,-40.7673477,2700,14800
154.386787,-40.7664371,2800,14800
154.363396,-40.7655217,2900,14800
154.340006,-40.7646015,3000,14800
154.316614,-40.7636765,3100,14800
154.293222,-40.7627468,3200,14800
154.269829,-40.7618123,3300,14800
154.246435,-40.7608731,3400,14800
154.22304,-40.759929,3500,14800
154.199644,-40.7589801,3600,14800
154.176247,-40.7580265,3700,14800
154.152848,-40.757068,3800,14800
154.129448,-40.7561048,3900,14800
154.10628,-40.7551464,3999,14800
155.040914,-40.8064638,0,14900
155.017489,-40.8056798,100,14900
154.994068,-40.8048911,200,14900
154.970649,-40.8040978,300,14900
154.947232,-40.8032998,400,14900
154.923817,-40.8024971,500,14900
154.900404,-40.8016898,600,14900
154.876993,-40.8008778,700,14900
154.853584,-40.8000611,800,14900
154.830177,-40.7992397,900,14900
154.806771,-40.7984136,1000,14900
154.783367,-40.7975829,1100,14900
154.759964,-40.7967474,1200,14900
154.736563,-40.7959073,1300,14900
154.713163,-40.7950624,1400,14900
154.689764,-40.7942129,1500,14900
154.666366,-40.7933586,1600,14900
154.642968,-40.7924997,1700,14900
154.619572,-40.791636,1800,14900
154.596176,-40.7907676,1900,14900
154.572781,-40.7898945,2000,14900
154.549386,-40.7890167,2100,14900
154.525991,-40.7881341,2200,14900
154.502597,-40.7872468,2300,14900
154.479203,-40.7863548,2400,14900
154.455808,-40.785458,2500,14900
154.432414,-40.7845565,2600,14900
154.40902,-40.7836502,2700,14900
154.385625,-40.7827392,2800,14900
154.36223,-40.7818234,2900,14900
154.338834,-40.7809029,3000,14900
154.315437,-40.7799776,3100,14900
154.29204,-40.7790475,3200,14900
154.268642,-40.7781126,3300,14900
154.245243,-40.777173,3400,14900
154.221843,-40.7762286,3500,14900
154.198442,-40.7752793,3600,14900
154.17504,-40.7743253,3700,14900
154.151636,-40.7733665,3800,14900
154.12823,-40.7724028,3900,14900
154.105057,-40.7714441,3999,14900
155.039894,-40.8227713,0,15000
155.016465,-40.821987,100,15000
154.993038,-40.8211981,200,15000
154.969613,-40.8204045,300,15000
154.946191,-40.8196063,400,15000
154.922771,-40.8188033,500,15000
154.899354,-40.8179957,600,15000
154.875938,-40.8171834,700,15000
154.852524,-40.8163664,800,15000
154.829111,-40.8155448,900,15000
154.805701,-40.8147184,1000,15000
154.782291,-40.8138874,1100,15000
154.758884,-40.8130517,1200,15000
154.735477,-40.8122112,1300,15000
154.712072,-40.8113661,1400,15000
154.688668,-40.8105163,1500,15000
154.665264,-40.8096617,1600,15000
154.641862,-40.8088025,1700,15000
154.61846,-40.8079385,1800,15000
154.59506,-40.8070698,1900,15000
154.571659,-40.8061964,2000,15000
154.548259,-40.8053183,2100,15000
154.52486,-40.8044354,2200,15000
154.50146,-40.8035478,2300,15000
154.478061,-40.8026555,2400,15000
154.454662,-40.8017584,2500,15000
154.431262,-40.8008566,2600,15000
154.407863,-40.79995,2700,15000
154.384463,-40.7990386,2800,15000
154.361063,-40.7981225,2900,15000
154.337662,-40.7972017,3000,15000
154.31426,-40.796276,3100,15000
154.290858,-40.7953456,3200,15000
154.267455,-40.7944104,3300,15000
154.244051,-40.7934704,3400,15000
154.220646,-40.7925257,3500,15000
154.19724,-40.7915761,3600,15000
154.173832,-40.7906217,3700,15000
154.150423,-40.7896626,3800,15000
154.127013,-40.7886986,3900,15000
154.103835,-40.7877395,3999,15000
155.038838,-40.8391353,0,15100
155.015404,-40.8383511,100,15100
154.991972,-40.8375622,200,15100
154.968542,-40.8367686,300,15100
154.945115,-40.8359704,400,15100
154.92169,-40.8351674,500,15100
154.898267,-40.8343598,600,15100
154.874846,-40.8335476,700,15100
154.851427,-40.8327306,800,15100
154.82801,-40.8319089,900,15100
154.804594,-40.8310826,1000,15100
154.78118,-40.8302515,1100,15100
154.757767,-40.8294158,1200,15100
154.734355,-40.8285754,1300,15100
154.710945,-40.8277302,1400,15100
154.687535,-40.8268804,1500,15100
154.664127,-40.8260258,1600,15100
154.64072,-40.8251666,1700,15100
154.617313,-40.8243026,1800,15100
154.593907,-40.8234339,1900,15100
154.570501,-40.8225604,2000,15100
154.547096,-40.8216823,2100,15100
154.523692,-40.8207994,2200,15100
154.500287,-40.8199117,2300,15100
154.476883,-40.8190194,2400,15100
154.453478,-40.8181222,2500,15100
154.430074,-40.8172204,2600,15100
154.406669,-40.8163137,2700,15100
154.383264,-40.8154024,2800,15100
154.359859,-40.8144862,2900,15100
154.336453,-40.8135653,3000,15100
154.313046,-40.8126396,3100,15100
154.289639,-40.8117091,3200,15100
154.266231,-40.8107739,3300,15100
154.242822,-40.8098338,3400,15100
154.219412,-40.808889,3500,15100
154.196,-40.8079394,3600,15100
154.172588,-40.8069849,3700,15100
154.149174,-40.8060257,3800,15100
154.125758,-40.8050616,3900,15100
154.102575,-40.8041025,3999,15100
155.038345,-40.8468047,0,15147
155.014908,-40.8460204,100,15147
154.991474,-40.8452314,200,15147
154.968042,-40.8444378,300,15147
154.944613,-40.8436395,400,15147
154.921185,-40.8428365,500,15147
154.89776,-40.8420288,600,15147
154.874336,-40.8412165,700,15147
154.850915,-40.8403994,800,15147
154.827495,-40.8395777,900,15147
154.804077,-40.8387513,1000,15147
154.78066,-40.8379202,1100,15147
154.757245,-40.8370844,1200,15147
154.733831,-40.8362439,1300,15147
154.710418,-40.8353986,1400,15147
154.687006,-40.8345487,1500,15147
154.663596,-40.8336941,1600,15147
154.640186,-40.8328347,1700,15147
154.616777,-40.8319707,1800,15147
154.593368,-40.8311019,1900,15147
154.56996,-40.8302284,2000,15147
154.546553,-40.8293501,2100,15147
154.523146,-40.8284671,2200,15147
154.499739,-40.8275794,2300,15147
154.476332,-40.8266869,2400,15147
154.452925,-40.8257897,2500,15147
154.429519,-40.8248878,2600,15147
154.406112,-40.823981,2700,15147
154.382704,-40.8230696,2800,15147
154.359296,-40.8221533,2900,15147
154.335888,-40.8212323,3000,15147
154.312479,-40.8203065,3100,15147
154.289069,-40.819376,3200,15147
154.265659,-40.8184406,3300,15147
154.242247,-40.8175005,3400,15147
154.218835,-40.8165555,3500,15147
154.195421,-40.8156058,3600,15147
154.172006,-40.8146513,3700,15147
154.14859,-40.8136919,3800,15147
154.125172,-40.8127277,3900,15147
154.101986,-40.8117685,3999,15147
